[
    {
        "url": "https://myanimelist.net/anime/40211/Luo_Xiao_Hei_Zhan_Ji_Movie",
        "type": "Movie",
        "eps": "1",
        "members": "3,456",
        "ystart": "2019",
        "yend": "2019",
        "score": "8.26",
        "popularity_rank": "6992"
    },
    {
        "url": "https://myanimelist.net/anime/40784/Wu_Liuqi_Zhi_Zui_Qiang_Fa_Xing_Shi",
        "type": "ONA",
        "eps": "10",
        "members": "4,565",
        "ystart": "2019",
        "yend": "2020",
        "score": "8.21",
        "popularity_rank": "6247"
    },
    {
        "url": "https://myanimelist.net/anime/10534/Doraemon_Movie_31__Shin_Nobita_to_Tetsujin_Heidan_-_Habatake_Tenshi-tachi",
        "type": "Movie",
        "eps": "1",
        "members": "4,230",
        "ystart": "2011",
        "yend": "2011",
        "score": "7.83",
        "popularity_rank": "6469"
    },
    {
        "url": "https://myanimelist.net/anime/38435/Yao_Shen_Ji_Zhi_Ying_Yao_Pian",
        "type": "ONA",
        "eps": "40",
        "members": "4,331",
        "ystart": "2018",
        "yend": "2019",
        "score": "7.73",
        "popularity_rank": "6406"
    },
    {
        "url": "https://myanimelist.net/anime/2558/Wakakusa_Monogatari__Nan_to_Jo-sensei",
        "type": "TV",
        "eps": "40",
        "members": "4,456",
        "ystart": "1993",
        "yend": "1993",
        "score": "7.60",
        "popularity_rank": "6318"
    },
    {
        "url": "https://myanimelist.net/anime/5494/Konnichiwa_Anne__Before_Green_Gables",
        "type": "TV",
        "eps": "39",
        "members": "4,765",
        "ystart": "2009",
        "yend": "2009",
        "score": "7.57",
        "popularity_rank": "6147"
    },
    {
        "url": "https://myanimelist.net/anime/36545/Huyao_Xiao_Hongniang__Qian_Yan",
        "type": "ONA",
        "eps": "15",
        "members": "4,878",
        "ystart": "2017",
        "yend": "2017",
        "score": "7.55",
        "popularity_rank": "6086"
    },
    {
        "url": "https://myanimelist.net/anime/2227/Lady_Lady",
        "type": "TV",
        "eps": "21",
        "members": "4,412",
        "ystart": "1987",
        "yend": "1988",
        "score": "7.55",
        "popularity_rank": "6337"
    },
    {
        "url": "https://myanimelist.net/anime/1478/City_Hunter__Goodbye_My_Sweetheart",
        "type": "Special",
        "eps": "1",
        "members": "4,665",
        "ystart": "1997",
        "yend": "1997",
        "score": "7.53",
        "popularity_rank": "6195"
    },
    {
        "url": "https://myanimelist.net/anime/2673/Doraemon_Movie_27__Nobita_no_Shin_Makai_Daibouken_-_7-nin_no_Mahoutsukai",
        "type": "Movie",
        "eps": "1",
        "members": "3,671",
        "ystart": "2007",
        "yend": "2007",
        "score": "7.53",
        "popularity_rank": "6837"
    },
    {
        "url": "https://myanimelist.net/anime/5712/Tanoshii_Muumin_Ikka_Bouken_Nikki",
        "type": "TV",
        "eps": "26",
        "members": "4,453",
        "ystart": "1991",
        "yend": "1992",
        "score": "7.51",
        "popularity_rank": "6319"
    },
    {
        "url": "https://myanimelist.net/anime/9979/Precure_All_Stars_Movie_DX3__Mirai_ni_Todoke_Sekai_wo_Tsunagu\u2606Nijiiro_no_Hana",
        "type": "Movie",
        "eps": "1",
        "members": "4,351",
        "ystart": "2011",
        "yend": "2011",
        "score": "7.50",
        "popularity_rank": "6393"
    },
    {
        "url": "https://myanimelist.net/anime/5290/Keroro_Gunsou_Movie_3__Tenkuu_Daikessen_de_Arimasu",
        "type": "Movie",
        "eps": "1",
        "members": "3,825",
        "ystart": "2008",
        "yend": "2008",
        "score": "7.50",
        "popularity_rank": "6721"
    },
    {
        "url": "https://myanimelist.net/anime/2549/Perrine_Monogatari",
        "type": "TV",
        "eps": "53",
        "members": "3,624",
        "ystart": "1978",
        "yend": "1978",
        "score": "7.50",
        "popularity_rank": "6866"
    },
    {
        "url": "https://myanimelist.net/anime/1924/Urusei_Yatsura_Movie_5__Kanketsu-hen",
        "type": "Movie",
        "eps": "1",
        "members": "4,734",
        "ystart": "1988",
        "yend": "1988",
        "score": "7.49",
        "popularity_rank": "6163"
    },
    {
        "url": "https://myanimelist.net/anime/9645/Be-Bop_Highschool",
        "type": "OVA",
        "eps": "7",
        "members": "4,003",
        "ystart": "1990",
        "yend": "1998",
        "score": "7.48",
        "popularity_rank": "6603"
    },
    {
        "url": "https://myanimelist.net/anime/36824/Huyao_Xiao_Hongniang__Nan_Guo",
        "type": "ONA",
        "eps": "26",
        "members": "4,977",
        "ystart": "2017",
        "yend": "2018",
        "score": "7.47",
        "popularity_rank": "6031"
    },
    {
        "url": "https://myanimelist.net/anime/40005/Quanzhi_Fashi_4th_Season",
        "type": "ONA",
        "eps": "12",
        "members": "4,897",
        "ystart": "May",
        "yend": "2020",
        "score": "7.47",
        "popularity_rank": "6079"
    },
    {
        "url": "https://myanimelist.net/anime/1069/Chou_Denji_Machine_Voltes_V",
        "type": "TV",
        "eps": "40",
        "members": "5,023",
        "ystart": "1977",
        "yend": "1978",
        "score": "7.46",
        "popularity_rank": "6009"
    },
    {
        "url": "https://myanimelist.net/anime/9839/Detective_Conan__Black_History_2",
        "type": "Special",
        "eps": "1",
        "members": "4,390",
        "ystart": "2007",
        "yend": "2007",
        "score": "7.46",
        "popularity_rank": "6356"
    },
    {
        "url": "https://myanimelist.net/anime/21737/Tamayura__More_Aggressive_-_Tsuitachi_dake_no_Shuugakuryokou_Nanode",
        "type": "Special",
        "eps": "1",
        "members": "4,343",
        "ystart": "2014",
        "yend": "2014",
        "score": "7.45",
        "popularity_rank": "6398"
    },
    {
        "url": "https://myanimelist.net/anime/1479/City_Hunter__Kinkyuu_Namachuukei_Kyouakuhan_Saeba_Ryou_no_Saigo",
        "type": "Special",
        "eps": "1",
        "members": "3,949",
        "ystart": "1999",
        "yend": "1999",
        "score": "7.44",
        "popularity_rank": "6640"
    },
    {
        "url": "https://myanimelist.net/anime/2203/Waga_Seishun_no_Arcadia__Mugen_Kidou_SSX",
        "type": "TV",
        "eps": "22",
        "members": "4,708",
        "ystart": "1982",
        "yend": "1983",
        "score": "7.43",
        "popularity_rank": "6174"
    },
    {
        "url": "https://myanimelist.net/anime/37164/Yao_Shen_Ji_2nd_Season",
        "type": "ONA",
        "eps": "40",
        "members": "4,877",
        "ystart": "2018",
        "yend": "2018",
        "score": "7.42",
        "popularity_rank": "6088"
    },
    {
        "url": "https://myanimelist.net/anime/1919/Urusei_Yatsura_OVA",
        "type": "OVA",
        "eps": "11",
        "members": "4,293",
        "ystart": "1985",
        "yend": "1991",
        "score": "7.42",
        "popularity_rank": "6428"
    },
    {
        "url": "https://myanimelist.net/anime/3199/Nanatsu_no_Umi_no_Tico",
        "type": "TV",
        "eps": "39",
        "members": "3,893",
        "ystart": "1994",
        "yend": "1994",
        "score": "7.42",
        "popularity_rank": "6680"
    },
    {
        "url": "https://myanimelist.net/anime/38824/Baby_I_Love_You_Daze",
        "type": "ONA",
        "eps": "1",
        "members": "3,802",
        "ystart": "2018",
        "yend": "2018",
        "score": "7.41",
        "popularity_rank": "6741"
    },
    {
        "url": "https://myanimelist.net/anime/1476/City_Hunter__Hyakuman_Dollar_no_Inbou",
        "type": "OVA",
        "eps": "1",
        "members": "4,757",
        "ystart": "1990",
        "yend": "1990",
        "score": "7.40",
        "popularity_rank": "6151"
    },
    {
        "url": "https://myanimelist.net/anime/1424/Lupin_III__Otakara_Henkyaku_Daisakusen",
        "type": "Special",
        "eps": "1",
        "members": "4,684",
        "ystart": "2003",
        "yend": "2003",
        "score": "7.40",
        "popularity_rank": "6185"
    },
    {
        "url": "https://myanimelist.net/anime/2553/Flanders_no_Inu",
        "type": "TV",
        "eps": "52",
        "members": "4,630",
        "ystart": "1975",
        "yend": "1975",
        "score": "7.40",
        "popularity_rank": "6216"
    },
    {
        "url": "https://myanimelist.net/anime/5096/Doraemon_Movie_28__Nobita_to_Midori_no_Kyojin_Den",
        "type": "Movie",
        "eps": "1",
        "members": "4,013",
        "ystart": "2008",
        "yend": "2008",
        "score": "7.40",
        "popularity_rank": "6594"
    },
    {
        "url": "https://myanimelist.net/anime/39380/Wei_Kanjian_Erduo_La_2",
        "type": "ONA",
        "eps": "12",
        "members": "4,654",
        "ystart": "2019",
        "yend": "2019",
        "score": "7.39",
        "popularity_rank": "6205"
    },
    {
        "url": "https://myanimelist.net/anime/970/Yokoyama_Mitsuteru_Sangokushi",
        "type": "TV",
        "eps": "47",
        "members": "4,465",
        "ystart": "1991",
        "yend": "1992",
        "score": "7.39",
        "popularity_rank": "6313"
    },
    {
        "url": "https://myanimelist.net/anime/1475/City_Hunter__Bay_City_Wars",
        "type": "Movie",
        "eps": "1",
        "members": "4,999",
        "ystart": "1990",
        "yend": "1990",
        "score": "7.38",
        "popularity_rank": "6018"
    },
    {
        "url": "https://myanimelist.net/anime/1878/Kaze_no_Shoujo_Emily",
        "type": "TV",
        "eps": "26",
        "members": "4,945",
        "ystart": "2007",
        "yend": "2007",
        "score": "7.38",
        "popularity_rank": "6052"
    },
    {
        "url": "https://myanimelist.net/anime/36491/Doupo_Cangqiong",
        "type": "ONA",
        "eps": "12",
        "members": "4,833",
        "ystart": "2017",
        "yend": "2017",
        "score": "7.36",
        "popularity_rank": "6113"
    },
    {
        "url": "https://myanimelist.net/anime/20671/Shashinkan",
        "type": "Movie",
        "eps": "1",
        "members": "4,766",
        "ystart": "2013",
        "yend": "2013",
        "score": "7.36",
        "popularity_rank": "6146"
    },
    {
        "url": "https://myanimelist.net/anime/34318/Mekakucity_Vs",
        "type": "Music",
        "eps": "4",
        "members": "4,160",
        "ystart": "2014",
        "yend": "2014",
        "score": "7.36",
        "popularity_rank": "6508"
    },
    {
        "url": "https://myanimelist.net/anime/1391/Future_GPX_Cyber_Formula",
        "type": "TV",
        "eps": "37",
        "members": "4,744",
        "ystart": "1991",
        "yend": "1991",
        "score": "7.35",
        "popularity_rank": "6156"
    },
    {
        "url": "https://myanimelist.net/anime/2813/Chiisana_Ahiru_no_Ooki_na_Ai_no_Monogatari__Ahiru_no_Kwak",
        "type": "TV",
        "eps": "52",
        "members": "4,551",
        "ystart": "1989",
        "yend": "1990",
        "score": "7.35",
        "popularity_rank": "6255"
    },
    {
        "url": "https://myanimelist.net/anime/7045/Doraemon_Movie_21__Nobita_no_Taiyou_Ou_Densetsu",
        "type": "Movie",
        "eps": "1",
        "members": "4,379",
        "ystart": "2000",
        "yend": "2000",
        "score": "7.35",
        "popularity_rank": "6365"
    },
    {
        "url": "https://myanimelist.net/anime/2408/Keroro_Gunsou_Movie_2__Shinkai_no_Princess_de_Arimasu",
        "type": "Movie",
        "eps": "1",
        "members": "4,248",
        "ystart": "2007",
        "yend": "2007",
        "score": "7.35",
        "popularity_rank": "6452"
    },
    {
        "url": "https://myanimelist.net/anime/2929/Moonlight_Mile_2nd_Season__Touch_Down",
        "type": "TV",
        "eps": "14",
        "members": "3,935",
        "ystart": "2007",
        "yend": "2007",
        "score": "7.35",
        "popularity_rank": "6655"
    },
    {
        "url": "https://myanimelist.net/anime/38330/Kimi_Omou_Koi",
        "type": "OVA",
        "eps": "?",
        "members": "4,697",
        "ystart": "Dec",
        "yend": "2018",
        "score": "7.34",
        "popularity_rank": "6180"
    },
    {
        "url": "https://myanimelist.net/anime/6604/Kuruneko",
        "type": "TV",
        "eps": "50",
        "members": "3,743",
        "ystart": "2009",
        "yend": "2010",
        "score": "7.34",
        "popularity_rank": "6780"
    },
    {
        "url": "https://myanimelist.net/anime/2228/Honoo_no_Toukyuuji__Dodge_Danpei",
        "type": "TV",
        "eps": "47",
        "members": "3,659",
        "ystart": "1991",
        "yend": "1992",
        "score": "7.34",
        "popularity_rank": "6848"
    },
    {
        "url": "https://myanimelist.net/anime/31678/Long_Zhi_Gu__Jingling_Wangzuo",
        "type": "Movie",
        "eps": "1",
        "members": "3,467",
        "ystart": "2016",
        "yend": "2016",
        "score": "7.34",
        "popularity_rank": "6981"
    },
    {
        "url": "https://myanimelist.net/anime/10050/Macross_F_Music_Clip_Shuu__Nyankuri",
        "type": "Music",
        "eps": "1",
        "members": "3,960",
        "ystart": "2010",
        "yend": "2010",
        "score": "7.33",
        "popularity_rank": "6633"
    },
    {
        "url": "https://myanimelist.net/anime/31485/Aikatsu_Stars_Movie",
        "type": "Movie",
        "eps": "1",
        "members": "3,465",
        "ystart": "2016",
        "yend": "2016",
        "score": "7.33",
        "popularity_rank": "6984"
    },
    {
        "url": "https://myanimelist.net/anime/2835/Patalliro",
        "type": "TV",
        "eps": "49",
        "members": "4,925",
        "ystart": "1982",
        "yend": "1983",
        "score": "7.32",
        "popularity_rank": "6067"
    },
    {
        "url": "https://myanimelist.net/anime/10629/Tibet_Inu_Monogatari",
        "type": "Movie",
        "eps": "1",
        "members": "4,705",
        "ystart": "2011",
        "yend": "2011",
        "score": "7.32",
        "popularity_rank": "6175"
    },
    {
        "url": "https://myanimelist.net/anime/5832/Tiger_Mask_Nisei",
        "type": "TV",
        "eps": "33",
        "members": "4,351",
        "ystart": "1981",
        "yend": "1982",
        "score": "7.32",
        "popularity_rank": "6392"
    },
    {
        "url": "https://myanimelist.net/anime/2393/Doraemon_Movie_24__Nobita_to_Fushigi_Kaze_Tsukai",
        "type": "Movie",
        "eps": "1",
        "members": "4,282",
        "ystart": "2003",
        "yend": "2003",
        "score": "7.31",
        "popularity_rank": "6433"
    },
    {
        "url": "https://myanimelist.net/anime/5578/Gosho_Aoyamas_Collection_of_Short_Stories",
        "type": "Special",
        "eps": "7",
        "members": "4,066",
        "ystart": "1999",
        "yend": "1999",
        "score": "7.31",
        "popularity_rank": "6569"
    },
    {
        "url": "https://myanimelist.net/anime/2257/Taiyou_no_Kiba_Dagram",
        "type": "TV",
        "eps": "75",
        "members": "3,456",
        "ystart": "1981",
        "yend": "1983",
        "score": "7.31",
        "popularity_rank": "6993"
    },
    {
        "url": "https://myanimelist.net/anime/15307/Smile_Precure_Movie__Ehon_no_Naka_wa_Minna_Chiguhagu",
        "type": "Movie",
        "eps": "1",
        "members": "3,668",
        "ystart": "2012",
        "yend": "2012",
        "score": "7.30",
        "popularity_rank": "6840"
    },
    {
        "url": "https://myanimelist.net/anime/4639/Gosenzo-sama_Banbanzai",
        "type": "OVA",
        "eps": "6",
        "members": "4,985",
        "ystart": "1989",
        "yend": "1990",
        "score": "7.29",
        "popularity_rank": "6024"
    },
    {
        "url": "https://myanimelist.net/anime/1373/Black_Jack_Specials__Inochi_wo_Meguru_Yottsu_no_Kiseki",
        "type": "Special",
        "eps": "4",
        "members": "4,435",
        "ystart": "2003",
        "yend": "2004",
        "score": "7.29",
        "popularity_rank": "6330"
    },
    {
        "url": "https://myanimelist.net/anime/3256/Soukou_Kihei_Votoms__Pailsen_Files",
        "type": "OVA",
        "eps": "12",
        "members": "4,007",
        "ystart": "2007",
        "yend": "2008",
        "score": "7.29",
        "popularity_rank": "6600"
    },
    {
        "url": "https://myanimelist.net/anime/39093/Additional_Memory",
        "type": "Music",
        "eps": "1",
        "members": "3,726",
        "ystart": "2018",
        "yend": "2018",
        "score": "7.29",
        "popularity_rank": "6803"
    },
    {
        "url": "https://myanimelist.net/anime/5753/Precure_All_Stars_Movie_DX__Minna_Tomodachi\u2606Kiseki_no_Zenin_Daishuugou",
        "type": "Movie",
        "eps": "1",
        "members": "4,518",
        "ystart": "2009",
        "yend": "2009",
        "score": "7.28",
        "popularity_rank": "6280"
    },
    {
        "url": "https://myanimelist.net/anime/36686/Hifuu_Katsudou_Kiroku__The_Sealed_Esoteric_History",
        "type": "OVA",
        "eps": "?",
        "members": "4,376",
        "ystart": "Dec",
        "yend": "2015",
        "score": "7.28",
        "popularity_rank": "6369"
    },
    {
        "url": "https://myanimelist.net/anime/2193/Saiunkoku_Monogatari_Recaps",
        "type": "Special",
        "eps": "9",
        "members": "4,231",
        "ystart": "2007",
        "yend": "2007",
        "score": "7.28",
        "popularity_rank": "6467"
    },
    {
        "url": "https://myanimelist.net/anime/9786/Detective_Conan__Conan_vs_Kid_-_Jet_Black_Sniper",
        "type": "Movie",
        "eps": "1",
        "members": "3,738",
        "ystart": "2006",
        "yend": "2006",
        "score": "7.28",
        "popularity_rank": "6787"
    },
    {
        "url": "https://myanimelist.net/anime/2460/Maison_Ikkoku__Kanketsu-hen",
        "type": "Movie",
        "eps": "1",
        "members": "5,005",
        "ystart": "1988",
        "yend": "1988",
        "score": "7.27",
        "popularity_rank": "6013"
    },
    {
        "url": "https://myanimelist.net/anime/3051/Yes_Precure_5_Movie__Kagami_no_Kuni_no_Miracle_Daibouken",
        "type": "Movie",
        "eps": "1",
        "members": "3,866",
        "ystart": "2007",
        "yend": "2007",
        "score": "7.27",
        "popularity_rank": "6702"
    },
    {
        "url": "https://myanimelist.net/anime/2544/Kazoku_Robinson_Hyouryuuki__Fushigi_na_Shima_no_Flone",
        "type": "TV",
        "eps": "50",
        "members": "3,804",
        "ystart": "1981",
        "yend": "1981",
        "score": "7.27",
        "popularity_rank": "6739"
    },
    {
        "url": "https://myanimelist.net/anime/15077/Tabisuru_Nuigurumi__Traveling_Daru",
        "type": "Movie",
        "eps": "1",
        "members": "3,789",
        "ystart": "2012",
        "yend": "2012",
        "score": "7.27",
        "popularity_rank": "6752"
    },
    {
        "url": "https://myanimelist.net/anime/10862/Tennis_no_Ouji-sama__Pair_Prince",
        "type": "Special",
        "eps": "8",
        "members": "4,527",
        "ystart": "2010",
        "yend": "2010",
        "score": "7.25",
        "popularity_rank": "6275"
    },
    {
        "url": "https://myanimelist.net/anime/28869/Kaitou_Joker_2nd_Season",
        "type": "TV",
        "eps": "13",
        "members": "4,478",
        "ystart": "2015",
        "yend": "2015",
        "score": "7.25",
        "popularity_rank": "6308"
    },
    {
        "url": "https://myanimelist.net/anime/11777/Lupin_III__Chi_no_Kokuin_-_Eien_no_Mermaid",
        "type": "Special",
        "eps": "1",
        "members": "4,984",
        "ystart": "2011",
        "yend": "2011",
        "score": "7.24",
        "popularity_rank": "6025"
    },
    {
        "url": "https://myanimelist.net/anime/2361/Sei_Juushi_Bismarck",
        "type": "TV",
        "eps": "51",
        "members": "4,154",
        "ystart": "1984",
        "yend": "1985",
        "score": "7.24",
        "popularity_rank": "6511"
    },
    {
        "url": "https://myanimelist.net/anime/30771/Mudai",
        "type": "Music",
        "eps": "1",
        "members": "3,799",
        "ystart": "2015",
        "yend": "2015",
        "score": "7.24",
        "popularity_rank": "6743"
    },
    {
        "url": "https://myanimelist.net/anime/1906/Harukanaru_Toki_no_Naka_de__Maihitoyo",
        "type": "Movie",
        "eps": "1",
        "members": "5,024",
        "ystart": "2006",
        "yend": "2006",
        "score": "7.23",
        "popularity_rank": "6008"
    },
    {
        "url": "https://myanimelist.net/anime/6299/Maria-sama_ga_Miteru_4th_Specials",
        "type": "Special",
        "eps": "11",
        "members": "4,727",
        "ystart": "2009",
        "yend": "2009",
        "score": "7.23",
        "popularity_rank": "6167"
    },
    {
        "url": "https://myanimelist.net/anime/39530/Ecchi_na_Onee-chan_ni_Shiboraretai",
        "type": "OVA",
        "eps": "2",
        "members": "4,549",
        "ystart": "2019",
        "yend": "2019",
        "score": "7.23",
        "popularity_rank": "6257"
    },
    {
        "url": "https://myanimelist.net/anime/333/Mama_wa_Shougaku_4_Nensei",
        "type": "TV",
        "eps": "51",
        "members": "3,752",
        "ystart": "1992",
        "yend": "1992",
        "score": "7.23",
        "popularity_rank": "6771"
    },
    {
        "url": "https://myanimelist.net/anime/2111/RockmanEXE_Movie__Hikari_to_Yami_no_Program",
        "type": "Movie",
        "eps": "1",
        "members": "3,582",
        "ystart": "2005",
        "yend": "2005",
        "score": "7.23",
        "popularity_rank": "6898"
    },
    {
        "url": "https://myanimelist.net/anime/27825/Long_Zhi_Gu__Poxiao_Qibing",
        "type": "Movie",
        "eps": "1",
        "members": "4,010",
        "ystart": "2014",
        "yend": "2014",
        "score": "7.22",
        "popularity_rank": "6598"
    },
    {
        "url": "https://myanimelist.net/anime/1983/Black_Jack__Futari_no_Kuroi_Isha",
        "type": "Movie",
        "eps": "1",
        "members": "3,816",
        "ystart": "2005",
        "yend": "2005",
        "score": "7.22",
        "popularity_rank": "6730"
    },
    {
        "url": "https://myanimelist.net/anime/4703/Yes_Precure_5_GoGo_Movie__Okashi_no_Kuni_no_Happy_Birthday",
        "type": "Movie",
        "eps": "1",
        "members": "3,731",
        "ystart": "2008",
        "yend": "2008",
        "score": "7.22",
        "popularity_rank": "6796"
    },
    {
        "url": "https://myanimelist.net/anime/38895/Double_Decker_Doug___Kirill__Extra",
        "type": "Special",
        "eps": "3",
        "members": "5,003",
        "ystart": "2019",
        "yend": "2019",
        "score": "7.21",
        "popularity_rank": "6015"
    },
    {
        "url": "https://myanimelist.net/anime/38708/Wagaya_no_Liliana-san_The_Animation",
        "type": "OVA",
        "eps": "1",
        "members": "4,894",
        "ystart": "2019",
        "yend": "2019",
        "score": "7.21",
        "popularity_rank": "6080"
    },
    {
        "url": "https://myanimelist.net/anime/31670/Kaitou_Joker_3rd_Season",
        "type": "TV",
        "eps": "13",
        "members": "3,523",
        "ystart": "2016",
        "yend": "2016",
        "score": "7.21",
        "popularity_rank": "6947"
    },
    {
        "url": "https://myanimelist.net/anime/1422/Lupin_III__1_Money_Wars",
        "type": "Special",
        "eps": "1",
        "members": "4,789",
        "ystart": "2000",
        "yend": "2000",
        "score": "7.20",
        "popularity_rank": "6132"
    },
    {
        "url": "https://myanimelist.net/anime/2825/Arabian_Nights__Sindbad_no_Bouken_TV",
        "type": "TV",
        "eps": "52",
        "members": "4,710",
        "ystart": "1975",
        "yend": "1976",
        "score": "7.20",
        "popularity_rank": "6171"
    },
    {
        "url": "https://myanimelist.net/anime/1823/Shin_Hakkenden",
        "type": "TV",
        "eps": "26",
        "members": "4,525",
        "ystart": "1999",
        "yend": "1999",
        "score": "7.20",
        "popularity_rank": "6277"
    },
    {
        "url": "https://myanimelist.net/anime/2816/Toushou_Daimos",
        "type": "TV",
        "eps": "44",
        "members": "4,244",
        "ystart": "1978",
        "yend": "1979",
        "score": "7.20",
        "popularity_rank": "6456"
    },
    {
        "url": "https://myanimelist.net/anime/1548/Shin_Taketori_Monogatari__1000-nen_Joou",
        "type": "TV",
        "eps": "42",
        "members": "3,650",
        "ystart": "1981",
        "yend": "1982",
        "score": "7.20",
        "popularity_rank": "6854"
    },
    {
        "url": "https://myanimelist.net/anime/2661/Doraemon_Movie_13__Nobita_to_Kumo_no_Oukoku",
        "type": "Movie",
        "eps": "1",
        "members": "3,546",
        "ystart": "1992",
        "yend": "1992",
        "score": "7.20",
        "popularity_rank": "6925"
    },
    {
        "url": "https://myanimelist.net/anime/36186/The_iDOLMSTER_Prologue_SideM__Episode_of_Jupiter",
        "type": "Special",
        "eps": "1",
        "members": "4,772",
        "ystart": "2017",
        "yend": "2017",
        "score": "7.19",
        "popularity_rank": "6141"
    },
    {
        "url": "https://myanimelist.net/anime/2655/Doraemon_Movie_23__Nobita_to_Robot_Kingdom",
        "type": "Movie",
        "eps": "1",
        "members": "4,173",
        "ystart": "2002",
        "yend": "2002",
        "score": "7.19",
        "popularity_rank": "6499"
    },
    {
        "url": "https://myanimelist.net/anime/13073/Tennis_no_Ouji-sama__Another_Story_II_-_Ano_Toki_no_Bokura_Specials",
        "type": "Special",
        "eps": "2",
        "members": "3,961",
        "ystart": "2011",
        "yend": "2011",
        "score": "7.19",
        "popularity_rank": "6630"
    },
    {
        "url": "https://myanimelist.net/anime/18835/Hakuouki_Reimeiroku_Tokuten_Disc",
        "type": "OVA",
        "eps": "2",
        "members": "3,621",
        "ystart": "2013",
        "yend": "2013",
        "score": "7.19",
        "popularity_rank": "6870"
    },
    {
        "url": "https://myanimelist.net/anime/10825/Ranma_\u00bd__Battle_ga_Ippai_29-nin_no_Korinai_Yatsura",
        "type": "OVA",
        "eps": "1",
        "members": "3,575",
        "ystart": "1995",
        "yend": "1995",
        "score": "7.19",
        "popularity_rank": "6904"
    },
    {
        "url": "https://myanimelist.net/anime/2670/Doraemon_Movie_12__Nobita_no_Dorabian_Nights",
        "type": "Movie",
        "eps": "1",
        "members": "4,363",
        "ystart": "1991",
        "yend": "1991",
        "score": "7.18",
        "popularity_rank": "6378"
    },
    {
        "url": "https://myanimelist.net/anime/2748/Dash_Kappei",
        "type": "TV",
        "eps": "65",
        "members": "3,987",
        "ystart": "1981",
        "yend": "1982",
        "score": "7.18",
        "popularity_rank": "6614"
    },
    {
        "url": "https://myanimelist.net/anime/33025/Ginga_Kikoutai_Majestic_Prince_Movie__Kakusei_no_Idenshi",
        "type": "Movie",
        "eps": "1",
        "members": "4,984",
        "ystart": "2016",
        "yend": "2016",
        "score": "7.17",
        "popularity_rank": "6026"
    },
    {
        "url": "https://myanimelist.net/anime/1736/BT_X_Neo",
        "type": "OVA",
        "eps": "14",
        "members": "3,999",
        "ystart": "1997",
        "yend": "1998",
        "score": "7.17",
        "popularity_rank": "6607"
    },
    {
        "url": "https://myanimelist.net/anime/3223/Kiddy_Grade__Truth_Dawn",
        "type": "Movie",
        "eps": "1",
        "members": "3,913",
        "ystart": "2007",
        "yend": "2007",
        "score": "7.17",
        "popularity_rank": "6669"
    },
    {
        "url": "https://myanimelist.net/anime/8362/Crayon_Shin-chan_Movie_08__Arashi_wo_Yobu_Jungle",
        "type": "Movie",
        "eps": "1",
        "members": "3,491",
        "ystart": "2000",
        "yend": "2000",
        "score": "7.17",
        "popularity_rank": "6963"
    },
    {
        "url": "https://myanimelist.net/anime/3335/Haikara-san_ga_Tooru",
        "type": "TV",
        "eps": "42",
        "members": "3,479",
        "ystart": "1978",
        "yend": "1979",
        "score": "7.17",
        "popularity_rank": "6969"
    },
    {
        "url": "https://myanimelist.net/anime/2734/Mazinkaiser__Shitou_Ankoku_Dai_Shogun",
        "type": "OVA",
        "eps": "1",
        "members": "3,463",
        "ystart": "2003",
        "yend": "2003",
        "score": "7.17",
        "popularity_rank": "6985"
    },
    {
        "url": "https://myanimelist.net/anime/1116/Junkers_Come_Here",
        "type": "Movie",
        "eps": "1",
        "members": "4,625",
        "ystart": "1994",
        "yend": "1994",
        "score": "7.16",
        "popularity_rank": "6217"
    },
    {
        "url": "https://myanimelist.net/anime/34787/Idol_Time_PriPara",
        "type": "TV",
        "eps": "51",
        "members": "3,896",
        "ystart": "2017",
        "yend": "2018",
        "score": "7.16",
        "popularity_rank": "6677"
    },
    {
        "url": "https://myanimelist.net/anime/2427/Unico",
        "type": "Movie",
        "eps": "1",
        "members": "3,780",
        "ystart": "1981",
        "yend": "1981",
        "score": "7.16",
        "popularity_rank": "6761"
    },
    {
        "url": "https://myanimelist.net/anime/2948/Motto_Ojamajo_Doremi__Kaeru_Ishi_no_Himitsu",
        "type": "Movie",
        "eps": "1",
        "members": "3,536",
        "ystart": "2001",
        "yend": "2001",
        "score": "7.16",
        "popularity_rank": "6937"
    },
    {
        "url": "https://myanimelist.net/anime/2577/Tom_Sawyer_no_Bouken",
        "type": "TV",
        "eps": "49",
        "members": "4,971",
        "ystart": "1980",
        "yend": "1980",
        "score": "7.15",
        "popularity_rank": "6038"
    },
    {
        "url": "https://myanimelist.net/anime/17699/Toriko_Movie__Bishokushin_no_Special_Menu",
        "type": "Movie",
        "eps": "1",
        "members": "4,949",
        "ystart": "2013",
        "yend": "2013",
        "score": "7.15",
        "popularity_rank": "6049"
    },
    {
        "url": "https://myanimelist.net/anime/3222/Kiddy_Grade__Maelstrom",
        "type": "Movie",
        "eps": "1",
        "members": "3,919",
        "ystart": "2007",
        "yend": "2007",
        "score": "7.15",
        "popularity_rank": "6661"
    },
    {
        "url": "https://myanimelist.net/anime/1845/Gaiking__Legend_of_Daiku-Maryu",
        "type": "TV",
        "eps": "39",
        "members": "3,732",
        "ystart": "2005",
        "yend": "2006",
        "score": "7.15",
        "popularity_rank": "6793"
    },
    {
        "url": "https://myanimelist.net/anime/8133/Precure_All_Stars_Movie_DX2__Kibou_no_Hikari\u2606Rainbow_Jewel_wo_Mamore",
        "type": "Movie",
        "eps": "1",
        "members": "4,718",
        "ystart": "2010",
        "yend": "2010",
        "score": "7.14",
        "popularity_rank": "6170"
    },
    {
        "url": "https://myanimelist.net/anime/40023/Lovely_\u2661",
        "type": "OVA",
        "eps": "?",
        "members": "3,556",
        "ystart": "Nov",
        "yend": "2019",
        "score": "7.14",
        "popularity_rank": "6921"
    },
    {
        "url": "https://myanimelist.net/anime/3421/Kodomo_no_Omocha",
        "type": "OVA",
        "eps": "1",
        "members": "4,592",
        "ystart": "1995",
        "yend": "1995",
        "score": "7.13",
        "popularity_rank": "6233"
    },
    {
        "url": "https://myanimelist.net/anime/3727/Doraemon_Movie_01__Nobita_no_Kyouryuu",
        "type": "Movie",
        "eps": "1",
        "members": "3,728",
        "ystart": "1980",
        "yend": "1980",
        "score": "7.13",
        "popularity_rank": "6799"
    },
    {
        "url": "https://myanimelist.net/anime/2333/Anime_Sanjuushi",
        "type": "TV",
        "eps": "52",
        "members": "3,545",
        "ystart": "1987",
        "yend": "1989",
        "score": "7.13",
        "popularity_rank": "6926"
    },
    {
        "url": "https://myanimelist.net/anime/2947/Ojamajo_Doremi_Sharp_Movie",
        "type": "Movie",
        "eps": "1",
        "members": "3,540",
        "ystart": "2000",
        "yend": "2000",
        "score": "7.13",
        "popularity_rank": "6932"
    },
    {
        "url": "https://myanimelist.net/anime/33491/Shounen_Maid__Onna_wa_Dokyou_Otoko_wa_Aikyou",
        "type": "OVA",
        "eps": "1",
        "members": "4,734",
        "ystart": "2016",
        "yend": "2016",
        "score": "7.12",
        "popularity_rank": "6164"
    },
    {
        "url": "https://myanimelist.net/anime/1931/Futari_wa_Precure__Max_Heart_Movie_2_-_Yukizora_no_Tomodachi",
        "type": "Movie",
        "eps": "1",
        "members": "4,548",
        "ystart": "2005",
        "yend": "2005",
        "score": "7.12",
        "popularity_rank": "6258"
    },
    {
        "url": "https://myanimelist.net/anime/3738/Usavich_II",
        "type": "TV",
        "eps": "13",
        "members": "4,216",
        "ystart": "2007",
        "yend": "2008",
        "score": "7.12",
        "popularity_rank": "6479"
    },
    {
        "url": "https://myanimelist.net/anime/21851/Tesagure_Bukatsumono_Encore",
        "type": "TV",
        "eps": "12",
        "members": "3,808",
        "ystart": "2014",
        "yend": "2014",
        "score": "7.12",
        "popularity_rank": "6735"
    },
    {
        "url": "https://myanimelist.net/anime/8359/Crayon_Shin-chan_Movie_04__Henderland_no_Daibouken",
        "type": "Movie",
        "eps": "1",
        "members": "3,458",
        "ystart": "1996",
        "yend": "1996",
        "score": "7.12",
        "popularity_rank": "6991"
    },
    {
        "url": "https://myanimelist.net/anime/4200/Dirty_Pair_OVA",
        "type": "OVA",
        "eps": "10",
        "members": "4,941",
        "ystart": "1987",
        "yend": "1988",
        "score": "7.11",
        "popularity_rank": "6055"
    },
    {
        "url": "https://myanimelist.net/anime/1414/Lupin_III__Tenshi_no_Tactics_-_Yume_no_Kakera_wa_Koroshi_no_Kaori",
        "type": "Special",
        "eps": "1",
        "members": "4,777",
        "ystart": "2005",
        "yend": "2005",
        "score": "7.11",
        "popularity_rank": "6137"
    },
    {
        "url": "https://myanimelist.net/anime/33713/Seihou_Bukyou_Outlaw_Star_Specials",
        "type": "Special",
        "eps": "2",
        "members": "4,635",
        "ystart": "1998",
        "yend": "1999",
        "score": "7.11",
        "popularity_rank": "6213"
    },
    {
        "url": "https://myanimelist.net/anime/39800/Joshi_Luck",
        "type": "OVA",
        "eps": "2",
        "members": "4,481",
        "ystart": "2019",
        "yend": "2019",
        "score": "7.11",
        "popularity_rank": "6304"
    },
    {
        "url": "https://myanimelist.net/anime/3218/Gensoumaden_Saiyuuki_OVA",
        "type": "OVA",
        "eps": "2",
        "members": "4,311",
        "ystart": "1999",
        "yend": "1999",
        "score": "7.11",
        "popularity_rank": "6414"
    },
    {
        "url": "https://myanimelist.net/anime/12221/Precure_All_Stars_Movie_New_Stage__Mirai_no_Tomodachi",
        "type": "Movie",
        "eps": "1",
        "members": "4,063",
        "ystart": "2012",
        "yend": "2012",
        "score": "7.11",
        "popularity_rank": "6572"
    },
    {
        "url": "https://myanimelist.net/anime/1886/Fushigiboshi_no\u2606Futagohime_Gyu",
        "type": "TV",
        "eps": "52",
        "members": "3,916",
        "ystart": "2006",
        "yend": "2007",
        "score": "7.11",
        "popularity_rank": "6666"
    },
    {
        "url": "https://myanimelist.net/anime/5397/Usavich_III",
        "type": "TV",
        "eps": "13",
        "members": "3,818",
        "ystart": "2008",
        "yend": "2009",
        "score": "7.11",
        "popularity_rank": "6728"
    },
    {
        "url": "https://myanimelist.net/anime/7261/Mameshiba",
        "type": "Special",
        "eps": "24",
        "members": "4,367",
        "ystart": "2008",
        "yend": "2013",
        "score": "7.10",
        "popularity_rank": "6374"
    },
    {
        "url": "https://myanimelist.net/anime/1429/Lupin_III__Nusumareta_Lupin",
        "type": "Special",
        "eps": "1",
        "members": "4,241",
        "ystart": "2004",
        "yend": "2004",
        "score": "7.10",
        "popularity_rank": "6460"
    },
    {
        "url": "https://myanimelist.net/anime/6959/GA__Geijutsuka_Art_Design_Class__Aozora_ga_Kakitai",
        "type": "OVA",
        "eps": "1",
        "members": "4,084",
        "ystart": "2010",
        "yend": "2010",
        "score": "7.10",
        "popularity_rank": "6555"
    },
    {
        "url": "https://myanimelist.net/anime/3327/Giant_Gorg",
        "type": "TV",
        "eps": "26",
        "members": "3,663",
        "ystart": "1984",
        "yend": "1984",
        "score": "7.10",
        "popularity_rank": "6845"
    },
    {
        "url": "https://myanimelist.net/anime/36553/Yinhun_x_He_Wei_Dao",
        "type": "ONA",
        "eps": "3",
        "members": "4,992",
        "ystart": "2017",
        "yend": "2017",
        "score": "7.09",
        "popularity_rank": "6020"
    },
    {
        "url": "https://myanimelist.net/anime/34649/Soukyuu_no_Fafner__Dead_Aggressor_-_The_Beyond",
        "type": "Movie",
        "eps": "3",
        "members": "4,975",
        "ystart": "2019",
        "yend": "2019",
        "score": "7.09",
        "popularity_rank": "6033"
    },
    {
        "url": "https://myanimelist.net/anime/1493/Project_ARMS__The_2nd_Chapter",
        "type": "TV",
        "eps": "26",
        "members": "4,658",
        "ystart": "2001",
        "yend": "2002",
        "score": "7.09",
        "popularity_rank": "6201"
    },
    {
        "url": "https://myanimelist.net/anime/1652/Uchuu_Senkan_Yamato_III",
        "type": "TV",
        "eps": "25",
        "members": "4,340",
        "ystart": "1980",
        "yend": "1981",
        "score": "7.09",
        "popularity_rank": "6400"
    },
    {
        "url": "https://myanimelist.net/anime/2331/Uchuu_Densetsu_Ulysses_31",
        "type": "TV",
        "eps": "26",
        "members": "3,959",
        "ystart": "1981",
        "yend": "1982",
        "score": "7.09",
        "popularity_rank": "6634"
    },
    {
        "url": "https://myanimelist.net/anime/4162/Taiho_Shichau_zo__Nagisa_no_Koutsuu_Yuudou",
        "type": "Special",
        "eps": "1",
        "members": "3,681",
        "ystart": "1997",
        "yend": "1997",
        "score": "7.09",
        "popularity_rank": "6831"
    },
    {
        "url": "https://myanimelist.net/anime/40661/Jashin-chan_Dropkick__Chitose-hen",
        "type": "Special",
        "eps": "1",
        "members": "4,398",
        "ystart": "2020",
        "yend": "2020",
        "score": "7.08",
        "popularity_rank": "6350"
    },
    {
        "url": "https://myanimelist.net/anime/12651/Danball_Senki_W",
        "type": "TV",
        "eps": "58",
        "members": "3,867",
        "ystart": "2012",
        "yend": "2013",
        "score": "7.08",
        "popularity_rank": "6701"
    },
    {
        "url": "https://myanimelist.net/anime/5019/Lupin_III__Sweet_Lost_Night_-_Mahou_no_Lamp_wa_Akumu_no_Yokan",
        "type": "Special",
        "eps": "1",
        "members": "3,781",
        "ystart": "2008",
        "yend": "2008",
        "score": "7.08",
        "popularity_rank": "6757"
    },
    {
        "url": "https://myanimelist.net/anime/5658/Great_Mazinger",
        "type": "TV",
        "eps": "56",
        "members": "3,763",
        "ystart": "1974",
        "yend": "1975",
        "score": "7.08",
        "popularity_rank": "6766"
    },
    {
        "url": "https://myanimelist.net/anime/2011/Taiho_Shichau_zo_Special",
        "type": "TV",
        "eps": "20",
        "members": "4,540",
        "ystart": "1999",
        "yend": "1999",
        "score": "7.07",
        "popularity_rank": "6263"
    },
    {
        "url": "https://myanimelist.net/anime/1199/Nintama_Rantarou",
        "type": "TV",
        "eps": "?",
        "members": "4,526",
        "ystart": "Apr",
        "yend": "1993",
        "score": "7.07",
        "popularity_rank": "6276"
    },
    {
        "url": "https://myanimelist.net/anime/2517/Eikoku_Koi_Monogatari_Emma__Intermission",
        "type": "Special",
        "eps": "1",
        "members": "4,379",
        "ystart": "2007",
        "yend": "2007",
        "score": "7.07",
        "popularity_rank": "6368"
    },
    {
        "url": "https://myanimelist.net/anime/2151/Nils_no_Fushigi_na_Tabi",
        "type": "TV",
        "eps": "52",
        "members": "4,231",
        "ystart": "1980",
        "yend": "1981",
        "score": "7.07",
        "popularity_rank": "6466"
    },
    {
        "url": "https://myanimelist.net/anime/10048/Fuyu_no_Semi_Special",
        "type": "OVA",
        "eps": "1",
        "members": "3,954",
        "ystart": "2008",
        "yend": "2008",
        "score": "7.07",
        "popularity_rank": "6638"
    },
    {
        "url": "https://myanimelist.net/anime/938/Shin_Getter_Robo_tai_Neo_Getter_Robo",
        "type": "OVA",
        "eps": "4",
        "members": "3,829",
        "ystart": "2000",
        "yend": "2001",
        "score": "7.07",
        "popularity_rank": "6718"
    },
    {
        "url": "https://myanimelist.net/anime/34085/Sakura_Nagashi",
        "type": "Music",
        "eps": "1",
        "members": "4,745",
        "ystart": "2016",
        "yend": "2016",
        "score": "7.06",
        "popularity_rank": "6155"
    },
    {
        "url": "https://myanimelist.net/anime/36783/Girls___Panzer__Dai_63-kai_Senshadou_Zenkoku_Koukousei_Taikai_Recap",
        "type": "ONA",
        "eps": "1",
        "members": "3,737",
        "ystart": "2017",
        "yend": "2017",
        "score": "7.06",
        "popularity_rank": "6788"
    },
    {
        "url": "https://myanimelist.net/anime/35965/Baja_no_Studio",
        "type": "OVA",
        "eps": "1",
        "members": "3,567",
        "ystart": "2017",
        "yend": "2017",
        "score": "7.06",
        "popularity_rank": "6913"
    },
    {
        "url": "https://myanimelist.net/anime/38470/Saimin_Seishidou",
        "type": "OVA",
        "eps": "2",
        "members": "4,388",
        "ystart": "2019",
        "yend": "2019",
        "score": "7.05",
        "popularity_rank": "6360"
    },
    {
        "url": "https://myanimelist.net/anime/39042/Gaki_ni_Modotte_Yarinaoshi",
        "type": "ONA",
        "eps": "?",
        "members": "4,300",
        "ystart": "Jan",
        "yend": "2019",
        "score": "7.05",
        "popularity_rank": "6421"
    },
    {
        "url": "https://myanimelist.net/anime/2799/Hello_Sandybell",
        "type": "TV",
        "eps": "47",
        "members": "4,234",
        "ystart": "1981",
        "yend": "1982",
        "score": "7.05",
        "popularity_rank": "6464"
    },
    {
        "url": "https://myanimelist.net/anime/2176/Kiddy_Grade__Ignition",
        "type": "Movie",
        "eps": "1",
        "members": "4,227",
        "ystart": "2007",
        "yend": "2007",
        "score": "7.05",
        "popularity_rank": "6472"
    },
    {
        "url": "https://myanimelist.net/anime/4851/Lupin_III__Seven_Days_Rhapsody",
        "type": "Special",
        "eps": "1",
        "members": "3,896",
        "ystart": "2006",
        "yend": "2006",
        "score": "7.05",
        "popularity_rank": "6678"
    },
    {
        "url": "https://myanimelist.net/anime/2810/Anime_Himitsu_no_Hanazono",
        "type": "TV",
        "eps": "39",
        "members": "3,859",
        "ystart": "1991",
        "yend": "1992",
        "score": "7.05",
        "popularity_rank": "6706"
    },
    {
        "url": "https://myanimelist.net/anime/40610/Healin_Good\u2661Precure",
        "type": "TV",
        "eps": "?",
        "members": "3,699",
        "ystart": "Feb",
        "yend": "2020",
        "score": "7.05",
        "popularity_rank": "6812"
    },
    {
        "url": "https://myanimelist.net/anime/1803/Dirty_Pair__Lovely_Angels_yori_Ai_wo_Komete",
        "type": "OVA",
        "eps": "2",
        "members": "3,684",
        "ystart": "1987",
        "yend": "1987",
        "score": "7.05",
        "popularity_rank": "6828"
    },
    {
        "url": "https://myanimelist.net/anime/912/Ninkuu",
        "type": "TV",
        "eps": "55",
        "members": "4,350",
        "ystart": "1995",
        "yend": "1996",
        "score": "7.04",
        "popularity_rank": "6394"
    },
    {
        "url": "https://myanimelist.net/anime/39085/Aikagi_The_Animation",
        "type": "OVA",
        "eps": "1",
        "members": "4,164",
        "ystart": "2019",
        "yend": "2019",
        "score": "7.04",
        "popularity_rank": "6506"
    },
    {
        "url": "https://myanimelist.net/anime/35932/Yume_ga_Sameru_made",
        "type": "ONA",
        "eps": "1",
        "members": "4,121",
        "ystart": "2017",
        "yend": "2017",
        "score": "7.04",
        "popularity_rank": "6530"
    },
    {
        "url": "https://myanimelist.net/anime/8234/Muumin",
        "type": "TV",
        "eps": "65",
        "members": "4,102",
        "ystart": "1969",
        "yend": "1970",
        "score": "7.04",
        "popularity_rank": "6544"
    },
    {
        "url": "https://myanimelist.net/anime/1434/Lupin_III__Harimao_no_Zaihou_wo_Oe",
        "type": "Special",
        "eps": "1",
        "members": "4,787",
        "ystart": "1995",
        "yend": "1995",
        "score": "7.02",
        "popularity_rank": "6134"
    },
    {
        "url": "https://myanimelist.net/anime/10775/SKET_Dance__Tettei_Bunseki_Special",
        "type": "Special",
        "eps": "1",
        "members": "4,486",
        "ystart": "2011",
        "yend": "2011",
        "score": "7.02",
        "popularity_rank": "6303"
    },
    {
        "url": "https://myanimelist.net/anime/3043/Andersen_Douwa__Ningyohime",
        "type": "Movie",
        "eps": "1",
        "members": "3,977",
        "ystart": "1975",
        "yend": "1975",
        "score": "7.02",
        "popularity_rank": "6622"
    },
    {
        "url": "https://myanimelist.net/anime/36052/Kyonyuu_Daikazoku_Saimin",
        "type": "OVA",
        "eps": "2",
        "members": "4,939",
        "ystart": "2017",
        "yend": "2018",
        "score": "7.01",
        "popularity_rank": "6057"
    },
    {
        "url": "https://myanimelist.net/anime/1014/Chicchana_Yukitsukai_Sugar_Specials",
        "type": "Special",
        "eps": "2",
        "members": "4,704",
        "ystart": "2003",
        "yend": "2003",
        "score": "7.01",
        "popularity_rank": "6176"
    },
    {
        "url": "https://myanimelist.net/anime/2797/Koukou_Tekken-den_Tough",
        "type": "OVA",
        "eps": "3",
        "members": "3,519",
        "ystart": "2002",
        "yend": "2002",
        "score": "7.01",
        "popularity_rank": "6950"
    }
]