[
    {
        "url": "https://myanimelist.net/anime/39164/Dramaturgy",
        "type": "Music",
        "eps": "1",
        "members": "905",
        "ystart": "2017",
        "yend": "2017",
        "score": "7.36",
        "popularity_rank": "10130"
    },
    {
        "url": "https://myanimelist.net/anime/40569/Raison_d\u00eatre",
        "type": "Music",
        "eps": "1",
        "members": "954",
        "ystart": "2019",
        "yend": "2019",
        "score": "7.33",
        "popularity_rank": "10018"
    },
    {
        "url": "https://myanimelist.net/anime/39912/Wan_Jie_Xian_Zong_2nd_Season",
        "type": "ONA",
        "eps": "40",
        "members": "954",
        "ystart": "2019",
        "yend": "2019",
        "score": "7.30",
        "popularity_rank": "10023"
    },
    {
        "url": "https://myanimelist.net/anime/39419/Xia_Gan_Yi_Dan_Shen_Jianxin",
        "type": "ONA",
        "eps": "12",
        "members": "776",
        "ystart": "2018",
        "yend": "2018",
        "score": "7.18",
        "popularity_rank": "10447"
    },
    {
        "url": "https://myanimelist.net/anime/40900/MrAFFECTiON",
        "type": "Music",
        "eps": "1",
        "members": "819",
        "ystart": "2019",
        "yend": "2019",
        "score": "7.16",
        "popularity_rank": "10320"
    },
    {
        "url": "https://myanimelist.net/anime/41099/Re-raise",
        "type": "Music",
        "eps": "1",
        "members": "778",
        "ystart": "2020",
        "yend": "2020",
        "score": "7.09",
        "popularity_rank": "10436"
    },
    {
        "url": "https://myanimelist.net/anime/37266/Ano_Ko_Secret",
        "type": "Music",
        "eps": "1",
        "members": "711",
        "ystart": "2017",
        "yend": "2017",
        "score": "7.08",
        "popularity_rank": "10640"
    },
    {
        "url": "https://myanimelist.net/anime/41528/Xing_Chen_Bian__Yu_Li_Cang_Hai",
        "type": "ONA",
        "eps": "12",
        "members": "613",
        "ystart": "2020",
        "yend": "2020",
        "score": "7.08",
        "popularity_rank": "10990"
    },
    {
        "url": "https://myanimelist.net/anime/39191/Wan_Jie_Shen_Zhu",
        "type": "ONA",
        "eps": "60",
        "members": "907",
        "ystart": "2019",
        "yend": "2019",
        "score": "7.02",
        "popularity_rank": "10123"
    },
    {
        "url": "https://myanimelist.net/anime/29936/Qin_Shi_Ming_Yue__Junlin_Tianxia",
        "type": "ONA",
        "eps": "75",
        "members": "778",
        "ystart": "2014",
        "yend": "2017",
        "score": "7.02",
        "popularity_rank": "10439"
    }
]