[
    {
        "url": "https://myanimelist.net/anime/39150/Otogi",
        "type": "Music",
        "eps": "4",
        "members": "599",
        "ystart": "2019",
        "yend": "2019",
        "score": "7.05",
        "popularity_rank": "11037"
    },
    {
        "url": "https://myanimelist.net/anime/40991/Xue_Ying_Ling_Zhu_2nd_Season",
        "type": "ONA",
        "eps": "4",
        "members": "493",
        "ystart": "2020",
        "yend": "2020",
        "score": "7.02",
        "popularity_rank": "11492"
    }
]