[
    {
        "url": "https://myanimelist.net/anime/39875/Umi_no_Yuurei",
        "type": "Music",
        "eps": "1",
        "members": "1,421",
        "ystart": "2019",
        "yend": "2019",
        "score": "7.45",
        "popularity_rank": "9152"
    },
    {
        "url": "https://myanimelist.net/anime/41195/Kokoro_Yohou",
        "type": "Music",
        "eps": "1",
        "members": "1,010",
        "ystart": "2020",
        "yend": "2020",
        "score": "7.43",
        "popularity_rank": "9893"
    },
    {
        "url": "https://myanimelist.net/anime/39178/Doupo_Cangqiong_2nd_Season_Specials",
        "type": "ONA",
        "eps": "3",
        "members": "1,161",
        "ystart": "2019",
        "yend": "2019",
        "score": "7.28",
        "popularity_rank": "9592"
    },
    {
        "url": "https://myanimelist.net/anime/5273/Miracle_Giants_Doumu-kun",
        "type": "TV",
        "eps": "49",
        "members": "1,184",
        "ystart": "1989",
        "yend": "1990",
        "score": "7.24",
        "popularity_rank": "9557"
    },
    {
        "url": "https://myanimelist.net/anime/37863/Diamond_Fusion",
        "type": "Music",
        "eps": "1",
        "members": "1,511",
        "ystart": "2018",
        "yend": "2018",
        "score": "7.20",
        "popularity_rank": "9015"
    },
    {
        "url": "https://myanimelist.net/anime/39511/Main_Actor",
        "type": "Music",
        "eps": "1",
        "members": "1,317",
        "ystart": "2018",
        "yend": "2018",
        "score": "7.19",
        "popularity_rank": "9326"
    },
    {
        "url": "https://myanimelist.net/anime/3203/Chibi_Maruko-chan_Movie",
        "type": "Movie",
        "eps": "1",
        "members": "1,475",
        "ystart": "1990",
        "yend": "1990",
        "score": "7.18",
        "popularity_rank": "9069"
    },
    {
        "url": "https://myanimelist.net/anime/5929/Hi_no_Ame_ga_Furu",
        "type": "Movie",
        "eps": "1",
        "members": "1,168",
        "ystart": "1988",
        "yend": "1988",
        "score": "7.18",
        "popularity_rank": "9581"
    },
    {
        "url": "https://myanimelist.net/anime/9959/Raiyantsuuri_no_Uta",
        "type": "Movie",
        "eps": "1",
        "members": "1,152",
        "ystart": "1994",
        "yend": "1994",
        "score": "7.18",
        "popularity_rank": "9611"
    },
    {
        "url": "https://myanimelist.net/anime/9200/Dae_Jang_Geum__Jang_Geums_Dream_2",
        "type": "TV",
        "eps": "26",
        "members": "1,032",
        "ystart": "2007",
        "yend": "2007",
        "score": "7.15",
        "popularity_rank": "9845"
    },
    {
        "url": "https://myanimelist.net/anime/15905/Qin_Shi_Ming_Yue__Wanli_Changcheng",
        "type": "TV",
        "eps": "37",
        "members": "963",
        "ystart": "2012",
        "yend": "2013",
        "score": "7.14",
        "popularity_rank": "9999"
    },
    {
        "url": "https://myanimelist.net/anime/32376/Kindaichi_Shounen_no_Jikenbo_Returns_2nd_Season__Akechi_Keibu_no_Jikenbo",
        "type": "Special",
        "eps": "1",
        "members": "1,365",
        "ystart": "2015",
        "yend": "2015",
        "score": "7.13",
        "popularity_rank": "9246"
    },
    {
        "url": "https://myanimelist.net/anime/38741/Xue_Ying_Ling_Zhu",
        "type": "ONA",
        "eps": "26",
        "members": "1,278",
        "ystart": "2018",
        "yend": "2019",
        "score": "7.13",
        "popularity_rank": "9395"
    },
    {
        "url": "https://myanimelist.net/anime/36732/Qin_Shi_Ming_Yue__Tian_Xing_Jiu_Ge",
        "type": "ONA",
        "eps": "60",
        "members": "1,000",
        "ystart": "2016",
        "yend": "2018",
        "score": "7.13",
        "popularity_rank": "9916"
    },
    {
        "url": "https://myanimelist.net/anime/2901/Kochira_Katsushikaku_Kameari_Kouenmae_Hashutsujo_The_Movie",
        "type": "Movie",
        "eps": "1",
        "members": "1,409",
        "ystart": "1999",
        "yend": "1999",
        "score": "7.10",
        "popularity_rank": "9169"
    },
    {
        "url": "https://myanimelist.net/anime/2624/Flanders_no_Inu_Boku_no_Patrasche",
        "type": "TV",
        "eps": "26",
        "members": "1,412",
        "ystart": "1992",
        "yend": "1993",
        "score": "7.09",
        "popularity_rank": "9164"
    },
    {
        "url": "https://myanimelist.net/anime/4586/Daisuki_BuBu_ChaCha",
        "type": "TV",
        "eps": "26",
        "members": "1,228",
        "ystart": "2001",
        "yend": "2001",
        "score": "7.09",
        "popularity_rank": "9489"
    },
    {
        "url": "https://myanimelist.net/anime/11835/Qin_Shi_Ming_Yue__Zhu_Zi_Bai_Jia",
        "type": "TV",
        "eps": "34",
        "members": "989",
        "ystart": "2010",
        "yend": "2011",
        "score": "7.08",
        "popularity_rank": "9942"
    },
    {
        "url": "https://myanimelist.net/anime/9348/Chibi_Maruko-chan__Watashi_no_Suki_na_Uta",
        "type": "Movie",
        "eps": "1",
        "members": "1,071",
        "ystart": "1992",
        "yend": "1992",
        "score": "7.07",
        "popularity_rank": "9764"
    },
    {
        "url": "https://myanimelist.net/anime/36289/Daybreak_Interlude",
        "type": "Music",
        "eps": "1",
        "members": "1,510",
        "ystart": "2017",
        "yend": "2017",
        "score": "7.04",
        "popularity_rank": "9017"
    },
    {
        "url": "https://myanimelist.net/anime/2652/Doraemon__The_Day_When_I_Was_Born",
        "type": "Movie",
        "eps": "1",
        "members": "1,507",
        "ystart": "2002",
        "yend": "2002",
        "score": "7.04",
        "popularity_rank": "9023"
    },
    {
        "url": "https://myanimelist.net/anime/2634/Doraemon__Doraemon_Comes_Back",
        "type": "Special",
        "eps": "1",
        "members": "1,498",
        "ystart": "1981",
        "yend": "1981",
        "score": "7.04",
        "popularity_rank": "9031"
    },
    {
        "url": "https://myanimelist.net/anime/5197/Dragon_League",
        "type": "TV",
        "eps": "39",
        "members": "1,170",
        "ystart": "1993",
        "yend": "1994",
        "score": "7.04",
        "popularity_rank": "9578"
    },
    {
        "url": "https://myanimelist.net/anime/18391/Mini_Van",
        "type": "TV",
        "eps": "37",
        "members": "1,517",
        "ystart": "2013",
        "yend": "2013",
        "score": "7.03",
        "popularity_rank": "9002"
    },
    {
        "url": "https://myanimelist.net/anime/1891/YAT_Anshin_Uchuu_Ryokou",
        "type": "TV",
        "eps": "50",
        "members": "1,492",
        "ystart": "1996",
        "yend": "1997",
        "score": "7.03",
        "popularity_rank": "9038"
    },
    {
        "url": "https://myanimelist.net/anime/2815/Geragera_Boes_Monogatari",
        "type": "TV",
        "eps": "52",
        "members": "1,272",
        "ystart": "1987",
        "yend": "1988",
        "score": "7.03",
        "popularity_rank": "9402"
    },
    {
        "url": "https://myanimelist.net/anime/30907/Eine_Kleine",
        "type": "Music",
        "eps": "1",
        "members": "1,452",
        "ystart": "2014",
        "yend": "2014",
        "score": "7.02",
        "popularity_rank": "9102"
    },
    {
        "url": "https://myanimelist.net/anime/9013/Kuruneko_2nd_Season",
        "type": "TV",
        "eps": "50",
        "members": "1,082",
        "ystart": "2010",
        "yend": "2011",
        "score": "7.02",
        "popularity_rank": "9746"
    },
    {
        "url": "https://myanimelist.net/anime/9340/Cheburashka",
        "type": "Movie",
        "eps": "1",
        "members": "1,035",
        "ystart": "2010",
        "yend": "2010",
        "score": "7.02",
        "popularity_rank": "9837"
    },
    {
        "url": "https://myanimelist.net/anime/38220/Ze_Tian_Ji_4th_Season",
        "type": "ONA",
        "eps": "12",
        "members": "1,072",
        "ystart": "2018",
        "yend": "2018",
        "score": "7.01",
        "popularity_rank": "9761"
    }
]