[
    {
        "url": "https://myanimelist.net/anime/41611/Wan_Sheng_Jie",
        "type": "ONA",
        "eps": "12",
        "members": "2,348",
        "ystart": "2020",
        "yend": "2020",
        "score": "7.81",
        "popularity_rank": "7929"
    },
    {
        "url": "https://myanimelist.net/anime/38436/Doupo_Cangqiong_3rd_Season",
        "type": "ONA",
        "eps": "12",
        "members": "2,591",
        "ystart": "2019",
        "yend": "2019",
        "score": "7.65",
        "popularity_rank": "7690"
    },
    {
        "url": "https://myanimelist.net/anime/12917/Madang-eul_Naon_Amtalg",
        "type": "Movie",
        "eps": "1",
        "members": "2,947",
        "ystart": "2011",
        "yend": "2011",
        "score": "7.64",
        "popularity_rank": "7375"
    },
    {
        "url": "https://myanimelist.net/anime/37176/Doupo_Cangqiong_2nd_Season",
        "type": "ONA",
        "eps": "12",
        "members": "3,398",
        "ystart": "2018",
        "yend": "2018",
        "score": "7.63",
        "popularity_rank": "7039"
    },
    {
        "url": "https://myanimelist.net/anime/2405/Hello_Lady_Lynn",
        "type": "TV",
        "eps": "36",
        "members": "2,915",
        "ystart": "1988",
        "yend": "1989",
        "score": "7.63",
        "popularity_rank": "7399"
    },
    {
        "url": "https://myanimelist.net/anime/38250/Xiao_Lu_He_Xiao_Lan",
        "type": "ONA",
        "eps": "72",
        "members": "3,092",
        "ystart": "2018",
        "yend": "2019",
        "score": "7.60",
        "popularity_rank": "7265"
    },
    {
        "url": "https://myanimelist.net/anime/41132/Tokyo_Autumn_Session",
        "type": "Music",
        "eps": "1",
        "members": "2,790",
        "ystart": "2020",
        "yend": "2020",
        "score": "7.58",
        "popularity_rank": "7497"
    },
    {
        "url": "https://myanimelist.net/anime/38491/Xing_Chen_Bian",
        "type": "ONA",
        "eps": "12",
        "members": "3,041",
        "ystart": "2018",
        "yend": "2018",
        "score": "7.55",
        "popularity_rank": "7308"
    },
    {
        "url": "https://myanimelist.net/anime/33758/Wu_Geng_Ji",
        "type": "ONA",
        "eps": "30",
        "members": "2,761",
        "ystart": "2016",
        "yend": "2017",
        "score": "7.53",
        "popularity_rank": "7524"
    },
    {
        "url": "https://myanimelist.net/anime/7877/Momoko_Kaeru_no_Uta_ga_Kikoeru_yo",
        "type": "Movie",
        "eps": "1",
        "members": "2,709",
        "ystart": "2003",
        "yend": "2003",
        "score": "7.51",
        "popularity_rank": "7575"
    },
    {
        "url": "https://myanimelist.net/anime/38410/Cike_Wu_Liuqi_Fanwai",
        "type": "ONA",
        "eps": "4",
        "members": "2,680",
        "ystart": "2018",
        "yend": "2018",
        "score": "7.50",
        "popularity_rank": "7600"
    },
    {
        "url": "https://myanimelist.net/anime/40854/BanG_Dream_Garupa\u2606Pico__Oomori",
        "type": "TV",
        "eps": "?",
        "members": "2,632",
        "ystart": "May",
        "yend": "2020",
        "score": "7.49",
        "popularity_rank": "7648"
    },
    {
        "url": "https://myanimelist.net/anime/4416/Yuusha-Ou_GaoGaiGar_Final_Grand_Glorious_Gathering",
        "type": "TV",
        "eps": "12",
        "members": "2,746",
        "ystart": "2005",
        "yend": "2005",
        "score": "7.48",
        "popularity_rank": "7545"
    },
    {
        "url": "https://myanimelist.net/anime/38533/Huyao_Xiao_Hongniang__Zhu_Ye",
        "type": "ONA",
        "eps": "12",
        "members": "2,783",
        "ystart": "2019",
        "yend": "2019",
        "score": "7.46",
        "popularity_rank": "7501"
    },
    {
        "url": "https://myanimelist.net/anime/4060/Grimm_Masterpiece_Theater",
        "type": "TV",
        "eps": "24",
        "members": "3,228",
        "ystart": "1987",
        "yend": "1988",
        "score": "7.41",
        "popularity_rank": "7159"
    },
    {
        "url": "https://myanimelist.net/anime/1873/Plawres_Sanshirou",
        "type": "TV",
        "eps": "37",
        "members": "2,729",
        "ystart": "1983",
        "yend": "1984",
        "score": "7.40",
        "popularity_rank": "7561"
    },
    {
        "url": "https://myanimelist.net/anime/38740/Bai_She__Yuan_Qi",
        "type": "Movie",
        "eps": "1",
        "members": "2,404",
        "ystart": "2019",
        "yend": "2019",
        "score": "7.40",
        "popularity_rank": "7864"
    },
    {
        "url": "https://myanimelist.net/anime/2665/Doraemon_Movie_07__Nobita_to_Tetsujin_Heidan",
        "type": "Movie",
        "eps": "1",
        "members": "3,185",
        "ystart": "1986",
        "yend": "1986",
        "score": "7.39",
        "popularity_rank": "7196"
    },
    {
        "url": "https://myanimelist.net/anime/39024/Wu_Dong_Qian_Kun",
        "type": "ONA",
        "eps": "12",
        "members": "2,706",
        "ystart": "2019",
        "yend": "2019",
        "score": "7.36",
        "popularity_rank": "7579"
    },
    {
        "url": "https://myanimelist.net/anime/6116/Mainichi_Kaasan",
        "type": "TV",
        "eps": "142",
        "members": "2,429",
        "ystart": "2009",
        "yend": "2012",
        "score": "7.36",
        "popularity_rank": "7840"
    },
    {
        "url": "https://myanimelist.net/anime/15925/Doraemon_Movie_33__Nobita_no_Himitsu_Dougu_Museum",
        "type": "Movie",
        "eps": "1",
        "members": "2,420",
        "ystart": "2013",
        "yend": "2013",
        "score": "7.36",
        "popularity_rank": "7851"
    },
    {
        "url": "https://myanimelist.net/anime/5710/Keroro_Gunsou_Movie_4__Gekishin_Dragon_Warriors_de_Arimasu",
        "type": "Movie",
        "eps": "1",
        "members": "3,217",
        "ystart": "2009",
        "yend": "2009",
        "score": "7.35",
        "popularity_rank": "7170"
    },
    {
        "url": "https://myanimelist.net/anime/33490/Kaitou_Joker_4th_Season",
        "type": "TV",
        "eps": "13",
        "members": "2,878",
        "ystart": "2016",
        "yend": "2016",
        "score": "7.35",
        "popularity_rank": "7428"
    },
    {
        "url": "https://myanimelist.net/anime/2337/Tetsujin_28-gou_2004",
        "type": "TV",
        "eps": "26",
        "members": "3,327",
        "ystart": "2004",
        "yend": "2004",
        "score": "7.34",
        "popularity_rank": "7094"
    },
    {
        "url": "https://myanimelist.net/anime/2555/Shoukoushi_Cedie",
        "type": "TV",
        "eps": "43",
        "members": "2,874",
        "ystart": "1988",
        "yend": "1988",
        "score": "7.34",
        "popularity_rank": "7430"
    },
    {
        "url": "https://myanimelist.net/anime/3292/Potemayo_Specials",
        "type": "Special",
        "eps": "6",
        "members": "3,432",
        "ystart": "2007",
        "yend": "2008",
        "score": "7.33",
        "popularity_rank": "7015"
    },
    {
        "url": "https://myanimelist.net/anime/2656/Doraemon_Movie_25__Nobita_no_Wan_Nyan_Jikuuden",
        "type": "Movie",
        "eps": "1",
        "members": "3,179",
        "ystart": "2004",
        "yend": "2004",
        "score": "7.33",
        "popularity_rank": "7202"
    },
    {
        "url": "https://myanimelist.net/anime/960/Shin_Chou_Kyou_Ryo__Condor_Hero_II",
        "type": "TV",
        "eps": "26",
        "members": "3,099",
        "ystart": "2005",
        "yend": "2006",
        "score": "7.33",
        "popularity_rank": "7258"
    },
    {
        "url": "https://myanimelist.net/anime/3744/Crayon_Shin-chan_Movie_10__Arashi_wo_Yobu_Appare_Sengoku_Daikassen",
        "type": "Movie",
        "eps": "1",
        "members": "2,880",
        "ystart": "2002",
        "yend": "2002",
        "score": "7.33",
        "popularity_rank": "7425"
    },
    {
        "url": "https://myanimelist.net/anime/8369/Crayon_Shin-chan_Movie_18__Chou_Jikuu_Arashi_wo_Yobu_Ora_no_Hanayome",
        "type": "Movie",
        "eps": "1",
        "members": "2,659",
        "ystart": "2010",
        "yend": "2010",
        "score": "7.33",
        "popularity_rank": "7625"
    },
    {
        "url": "https://myanimelist.net/anime/4663/Tekken_Chinmi",
        "type": "TV",
        "eps": "20",
        "members": "3,247",
        "ystart": "1988",
        "yend": "1988",
        "score": "7.29",
        "popularity_rank": "7147"
    },
    {
        "url": "https://myanimelist.net/anime/2585/Soukou_Kihei_Votoms__Red_Shoulder_Document_-_Yabou_no_Roots",
        "type": "OVA",
        "eps": "1",
        "members": "3,181",
        "ystart": "1988",
        "yend": "1988",
        "score": "7.29",
        "popularity_rank": "7200"
    },
    {
        "url": "https://myanimelist.net/anime/21031/Precure_All_Stars_Movie_New_Stage_3__Eien_no_Tomodachi",
        "type": "Movie",
        "eps": "1",
        "members": "2,931",
        "ystart": "2014",
        "yend": "2014",
        "score": "7.29",
        "popularity_rank": "7387"
    },
    {
        "url": "https://myanimelist.net/anime/1684/Dotto_Koni-chan",
        "type": "TV",
        "eps": "26",
        "members": "2,489",
        "ystart": "2000",
        "yend": "2001",
        "score": "7.29",
        "popularity_rank": "7776"
    },
    {
        "url": "https://myanimelist.net/anime/17137/Saiyuuki_Gaiden__Kouga_no_Shou",
        "type": "OVA",
        "eps": "1",
        "members": "2,477",
        "ystart": "2013",
        "yend": "2013",
        "score": "7.29",
        "popularity_rank": "7791"
    },
    {
        "url": "https://myanimelist.net/anime/714/High_School_Kimengumi",
        "type": "TV",
        "eps": "86",
        "members": "2,457",
        "ystart": "1985",
        "yend": "1987",
        "score": "7.29",
        "popularity_rank": "7814"
    },
    {
        "url": "https://myanimelist.net/anime/2676/Doraemon_Movie_15__Nobita_to_Mugen_Sankenshi",
        "type": "Movie",
        "eps": "1",
        "members": "2,738",
        "ystart": "1994",
        "yend": "1994",
        "score": "7.28",
        "popularity_rank": "7552"
    },
    {
        "url": "https://myanimelist.net/anime/39058/Megane_no_Megami",
        "type": "OVA",
        "eps": "2",
        "members": "3,203",
        "ystart": "2019",
        "yend": "2019",
        "score": "7.27",
        "popularity_rank": "7181"
    },
    {
        "url": "https://myanimelist.net/anime/399/Seikai_no_Senki_Special",
        "type": "Special",
        "eps": "1",
        "members": "2,840",
        "ystart": "2001",
        "yend": "2001",
        "score": "7.27",
        "popularity_rank": "7460"
    },
    {
        "url": "https://myanimelist.net/anime/2672/Doraemon_Movie_05__Nobita_no_Makai_Daibouken",
        "type": "Movie",
        "eps": "1",
        "members": "2,474",
        "ystart": "1984",
        "yend": "1984",
        "score": "7.27",
        "popularity_rank": "7795"
    },
    {
        "url": "https://myanimelist.net/anime/2922/Ashita_no_Joe_2_Movie",
        "type": "Movie",
        "eps": "1",
        "members": "2,953",
        "ystart": "1981",
        "yend": "1981",
        "score": "7.25",
        "popularity_rank": "7371"
    },
    {
        "url": "https://myanimelist.net/anime/2518/Masuda_Kousuke_Gekijou_Gag_Manga_Biyori_2",
        "type": "TV",
        "eps": "12",
        "members": "2,616",
        "ystart": "2006",
        "yend": "2006",
        "score": "7.25",
        "popularity_rank": "7666"
    },
    {
        "url": "https://myanimelist.net/anime/8423/Ookiku_Furikabutte__Natsu_no_Scorebook",
        "type": "OVA",
        "eps": "2",
        "members": "3,053",
        "ystart": "2010",
        "yend": "2010",
        "score": "7.24",
        "popularity_rank": "7299"
    },
    {
        "url": "https://myanimelist.net/anime/2654/Doraemon_Movie_22__Nobita_to_Tsubasa_no_Yuusha-tachi",
        "type": "Movie",
        "eps": "1",
        "members": "2,610",
        "ystart": "2001",
        "yend": "2001",
        "score": "7.24",
        "popularity_rank": "7670"
    },
    {
        "url": "https://myanimelist.net/anime/6460/Crayon_Shin-chan_Movie_05__Ankoku_Tamatama_Daitsuiseki",
        "type": "Movie",
        "eps": "1",
        "members": "3,433",
        "ystart": "1997",
        "yend": "1997",
        "score": "7.23",
        "popularity_rank": "7012"
    },
    {
        "url": "https://myanimelist.net/anime/1381/Seikai_no_Monshou_Special",
        "type": "Special",
        "eps": "1",
        "members": "3,149",
        "ystart": "2000",
        "yend": "2000",
        "score": "7.23",
        "popularity_rank": "7221"
    },
    {
        "url": "https://myanimelist.net/anime/6930/Doraemon_Movie_29__Shin_Nobita_no_Uchuu_Kaitakushi",
        "type": "Movie",
        "eps": "1",
        "members": "2,511",
        "ystart": "2009",
        "yend": "2009",
        "score": "7.23",
        "popularity_rank": "7749"
    },
    {
        "url": "https://myanimelist.net/anime/19645/Doraemon_Movie_34__Shin_Nobita_no_Daimakyou_-_Peko_to_5-nin_no_Tankentai",
        "type": "Movie",
        "eps": "1",
        "members": "2,469",
        "ystart": "2014",
        "yend": "2014",
        "score": "7.23",
        "popularity_rank": "7803"
    },
    {
        "url": "https://myanimelist.net/anime/3006/Atashinchi",
        "type": "TV",
        "eps": "330",
        "members": "2,837",
        "ystart": "2002",
        "yend": "2009",
        "score": "7.22",
        "popularity_rank": "7465"
    },
    {
        "url": "https://myanimelist.net/anime/6149/Chibi_Maruko-chan_1995",
        "type": "TV",
        "eps": "?",
        "members": "2,602",
        "ystart": "Jan",
        "yend": "1995",
        "score": "7.22",
        "popularity_rank": "7678"
    },
    {
        "url": "https://myanimelist.net/anime/3568/Ganbarist_Shun",
        "type": "TV",
        "eps": "30",
        "members": "2,579",
        "ystart": "1996",
        "yend": "1997",
        "score": "7.22",
        "popularity_rank": "7698"
    },
    {
        "url": "https://myanimelist.net/anime/2675/Doraemon_Movie_17__Nobita_to_Ginga_Express",
        "type": "Movie",
        "eps": "1",
        "members": "3,158",
        "ystart": "1996",
        "yend": "1996",
        "score": "7.21",
        "popularity_rank": "7216"
    },
    {
        "url": "https://myanimelist.net/anime/332/Dokidoki\u2661Densetsu__Mahoujin_Guruguru",
        "type": "TV",
        "eps": "38",
        "members": "3,085",
        "ystart": "2000",
        "yend": "2000",
        "score": "7.21",
        "popularity_rank": "7271"
    },
    {
        "url": "https://myanimelist.net/anime/4114/Onegai_My_Melody__Kuru_Kuru_Shuffle",
        "type": "TV",
        "eps": "52",
        "members": "3,025",
        "ystart": "2006",
        "yend": "2007",
        "score": "7.21",
        "popularity_rank": "7323"
    },
    {
        "url": "https://myanimelist.net/anime/2254/Sentou_Mecha_Xabungle",
        "type": "TV",
        "eps": "50",
        "members": "3,322",
        "ystart": "1982",
        "yend": "1983",
        "score": "7.20",
        "popularity_rank": "7097"
    },
    {
        "url": "https://myanimelist.net/anime/654/Galaxy_Angel_3_Specials",
        "type": "Special",
        "eps": "2",
        "members": "3,127",
        "ystart": "2003",
        "yend": "2003",
        "score": "7.20",
        "popularity_rank": "7239"
    },
    {
        "url": "https://myanimelist.net/anime/1778/Dae_Jang_Geum__Jang_Geums_Dream",
        "type": "TV",
        "eps": "26",
        "members": "2,482",
        "ystart": "2005",
        "yend": "2006",
        "score": "7.20",
        "popularity_rank": "7782"
    },
    {
        "url": "https://myanimelist.net/anime/2484/Gear_Fighter_Dendoh",
        "type": "TV",
        "eps": "38",
        "members": "2,427",
        "ystart": "2000",
        "yend": "2001",
        "score": "7.20",
        "popularity_rank": "7843"
    },
    {
        "url": "https://myanimelist.net/anime/37815/Niizuma_Koyomi_The_Animation",
        "type": "OVA",
        "eps": "?",
        "members": "2,698",
        "ystart": "Jul",
        "yend": "2018",
        "score": "7.19",
        "popularity_rank": "7585"
    },
    {
        "url": "https://myanimelist.net/anime/6988/Doraemon_Movie_30__Nobita_no_Ningyo_Daikaisen",
        "type": "Movie",
        "eps": "1",
        "members": "2,592",
        "ystart": "2010",
        "yend": "2010",
        "score": "7.19",
        "popularity_rank": "7688"
    },
    {
        "url": "https://myanimelist.net/anime/8134/Keroro_Gunsou_Movie_5__Tanjou_Kyuukyoku_Keroro_Kiseki_no_Jikuu-jima_de_Arimasu",
        "type": "Movie",
        "eps": "1",
        "members": "2,544",
        "ystart": "2010",
        "yend": "2010",
        "score": "7.19",
        "popularity_rank": "7725"
    },
    {
        "url": "https://myanimelist.net/anime/2648/Doraemon__2112-nen_Doraemon_Tanjou",
        "type": "Movie",
        "eps": "1",
        "members": "2,541",
        "ystart": "1995",
        "yend": "1995",
        "score": "7.19",
        "popularity_rank": "7727"
    },
    {
        "url": "https://myanimelist.net/anime/9931/Happy_Birthday__Inochi_Kagayaku_Toki",
        "type": "Movie",
        "eps": "1",
        "members": "2,749",
        "ystart": "1999",
        "yend": "1999",
        "score": "7.18",
        "popularity_rank": "7542"
    },
    {
        "url": "https://myanimelist.net/anime/2677/Doraemon_Movie_11__Nobita_to_Animal_Planet",
        "type": "Movie",
        "eps": "1",
        "members": "3,193",
        "ystart": "1990",
        "yend": "1990",
        "score": "7.17",
        "popularity_rank": "7189"
    },
    {
        "url": "https://myanimelist.net/anime/2036/Cosmic_Baton_Girl_Comet-san\u2606",
        "type": "TV",
        "eps": "43",
        "members": "2,818",
        "ystart": "2001",
        "yend": "2002",
        "score": "7.17",
        "popularity_rank": "7481"
    },
    {
        "url": "https://myanimelist.net/anime/2583/Soukou_Kihei_Votoms__The_Last_Red_Shoulder",
        "type": "OVA",
        "eps": "1",
        "members": "2,969",
        "ystart": "1985",
        "yend": "1985",
        "score": "7.15",
        "popularity_rank": "7359"
    },
    {
        "url": "https://myanimelist.net/anime/40658/_Kouhai",
        "type": "OVA",
        "eps": "?",
        "members": "2,896",
        "ystart": "Jan",
        "yend": "2020",
        "score": "7.15",
        "popularity_rank": "7410"
    },
    {
        "url": "https://myanimelist.net/anime/2666/Doraemon_Movie_10__Nobita_no_Nippon_Tanjou",
        "type": "Movie",
        "eps": "1",
        "members": "2,291",
        "ystart": "1989",
        "yend": "1989",
        "score": "7.15",
        "popularity_rank": "7993"
    },
    {
        "url": "https://myanimelist.net/anime/40656/Girls___Panzer__Taiyaki_War",
        "type": "Special",
        "eps": "1",
        "members": "3,148",
        "ystart": "2020",
        "yend": "2020",
        "score": "7.14",
        "popularity_rank": "7223"
    },
    {
        "url": "https://myanimelist.net/anime/2834/Miracle\u2606Girls",
        "type": "TV",
        "eps": "51",
        "members": "3,361",
        "ystart": "1993",
        "yend": "1993",
        "score": "7.13",
        "popularity_rank": "7066"
    },
    {
        "url": "https://myanimelist.net/anime/16442/Precure_All_Stars_Movie_New_Stage_2__Kokoro_no_Tomodachi",
        "type": "Movie",
        "eps": "1",
        "members": "3,319",
        "ystart": "2013",
        "yend": "2013",
        "score": "7.13",
        "popularity_rank": "7101"
    },
    {
        "url": "https://myanimelist.net/anime/3111/Nasu__Suitcase_no_Wataridori",
        "type": "OVA",
        "eps": "1",
        "members": "2,850",
        "ystart": "2007",
        "yend": "2007",
        "score": "7.13",
        "popularity_rank": "7452"
    },
    {
        "url": "https://myanimelist.net/anime/2658/Doraemon_Movie_09__Nobita_no_Parallel_Saiyuuki",
        "type": "Movie",
        "eps": "1",
        "members": "2,351",
        "ystart": "1988",
        "yend": "1988",
        "score": "7.13",
        "popularity_rank": "7925"
    },
    {
        "url": "https://myanimelist.net/anime/2668/Doraemon_Movie_20__Nobita_no_Uchuu_Hyouryuuki",
        "type": "Movie",
        "eps": "1",
        "members": "2,311",
        "ystart": "1999",
        "yend": "1999",
        "score": "7.13",
        "popularity_rank": "7969"
    },
    {
        "url": "https://myanimelist.net/anime/2745/Jigoku_Sensei_Nube_OVA",
        "type": "OVA",
        "eps": "3",
        "members": "2,307",
        "ystart": "1998",
        "yend": "1999",
        "score": "7.13",
        "popularity_rank": "7975"
    },
    {
        "url": "https://myanimelist.net/anime/2920/Ashita_no_Joe_Movie",
        "type": "Movie",
        "eps": "1",
        "members": "3,426",
        "ystart": "1980",
        "yend": "1980",
        "score": "7.12",
        "popularity_rank": "7021"
    },
    {
        "url": "https://myanimelist.net/anime/35752/Otsukimi_Recital",
        "type": "Music",
        "eps": "1",
        "members": "3,381",
        "ystart": "2013",
        "yend": "2013",
        "score": "7.12",
        "popularity_rank": "7052"
    },
    {
        "url": "https://myanimelist.net/anime/31486/Tantei_Opera_Milky_Holmes_Movie__Gyakushuu_no_Milky_Holmes",
        "type": "Movie",
        "eps": "1",
        "members": "3,216",
        "ystart": "2016",
        "yend": "2016",
        "score": "7.12",
        "popularity_rank": "7171"
    },
    {
        "url": "https://myanimelist.net/anime/1329/Ohoshi-sama_no_Rail",
        "type": "Movie",
        "eps": "1",
        "members": "2,511",
        "ystart": "1993",
        "yend": "1993",
        "score": "7.12",
        "popularity_rank": "7750"
    },
    {
        "url": "https://myanimelist.net/anime/38732/Chikan_Shita_Joshisei_to_Sonogo_Musabori_Au_Youna_Doero_Junai",
        "type": "ONA",
        "eps": "2",
        "members": "2,304",
        "ystart": "2018",
        "yend": "2018",
        "score": "7.12",
        "popularity_rank": "7979"
    },
    {
        "url": "https://myanimelist.net/anime/40337/Aibeya_The_Animation",
        "type": "OVA",
        "eps": "1",
        "members": "3,427",
        "ystart": "2019",
        "yend": "2019",
        "score": "7.11",
        "popularity_rank": "7020"
    },
    {
        "url": "https://myanimelist.net/anime/7861/Versailles_no_Bara_to_Onna-tachi",
        "type": "Special",
        "eps": "1",
        "members": "2,694",
        "ystart": "1980",
        "yend": "1980",
        "score": "7.11",
        "popularity_rank": "7589"
    },
    {
        "url": "https://myanimelist.net/anime/2987/Ginga_Hyouryuu_Vifam",
        "type": "TV",
        "eps": "46",
        "members": "2,687",
        "ystart": "1983",
        "yend": "1984",
        "score": "7.11",
        "popularity_rank": "7593"
    },
    {
        "url": "https://myanimelist.net/anime/40246/Love_Live_School_Idol_Festival_All_Stars",
        "type": "ONA",
        "eps": "1",
        "members": "2,535",
        "ystart": "2018",
        "yend": "2018",
        "score": "7.11",
        "popularity_rank": "7731"
    },
    {
        "url": "https://myanimelist.net/anime/5200/Offside_TV",
        "type": "TV",
        "eps": "39",
        "members": "2,345",
        "ystart": "2001",
        "yend": "2002",
        "score": "7.11",
        "popularity_rank": "7934"
    },
    {
        "url": "https://myanimelist.net/anime/729/Hiatari_Ryoukou",
        "type": "TV",
        "eps": "48",
        "members": "3,177",
        "ystart": "1987",
        "yend": "1988",
        "score": "7.10",
        "popularity_rank": "7207"
    },
    {
        "url": "https://myanimelist.net/anime/2664/Doraemon_Movie_19__Nobita_no_Nankai_Daibouken",
        "type": "Movie",
        "eps": "1",
        "members": "3,072",
        "ystart": "1998",
        "yend": "1998",
        "score": "7.10",
        "popularity_rank": "7283"
    },
    {
        "url": "https://myanimelist.net/anime/2264/Jungle_Taitei_Movie_1997",
        "type": "Movie",
        "eps": "1",
        "members": "3,067",
        "ystart": "1997",
        "yend": "1997",
        "score": "7.10",
        "popularity_rank": "7287"
    },
    {
        "url": "https://myanimelist.net/anime/3067/Saraba_Uchuu_Senkan_Yamato__Ai_no_Senshi-tachi",
        "type": "Movie",
        "eps": "1",
        "members": "3,026",
        "ystart": "1978",
        "yend": "1978",
        "score": "7.10",
        "popularity_rank": "7322"
    },
    {
        "url": "https://myanimelist.net/anime/2659/Doraemon_Movie_14__Nobita_to_Buriki_no_Labyrinth",
        "type": "Movie",
        "eps": "1",
        "members": "2,681",
        "ystart": "1993",
        "yend": "1993",
        "score": "7.10",
        "popularity_rank": "7599"
    },
    {
        "url": "https://myanimelist.net/anime/4071/Black_Jack_TV__Hizouban_Specials",
        "type": "Special",
        "eps": "2",
        "members": "2,422",
        "ystart": "2006",
        "yend": "2006",
        "score": "7.10",
        "popularity_rank": "7848"
    },
    {
        "url": "https://myanimelist.net/anime/4056/Masuda_Kousuke_Gekijou_Gag_Manga_Biyori_3",
        "type": "TV",
        "eps": "12",
        "members": "2,306",
        "ystart": "2008",
        "yend": "2008",
        "score": "7.10",
        "popularity_rank": "7978"
    },
    {
        "url": "https://myanimelist.net/anime/17917/Danball_Senki_Wars",
        "type": "TV",
        "eps": "37",
        "members": "3,223",
        "ystart": "2013",
        "yend": "2013",
        "score": "7.09",
        "popularity_rank": "7166"
    },
    {
        "url": "https://myanimelist.net/anime/9346/Battle_Spirits__Brave",
        "type": "TV",
        "eps": "50",
        "members": "2,623",
        "ystart": "2010",
        "yend": "2011",
        "score": "7.09",
        "popularity_rank": "7659"
    },
    {
        "url": "https://myanimelist.net/anime/40336/Love_x_Holic__Miwaku_no_Otome_to_Hakudaku_Kankei_-_The_Animation",
        "type": "OVA",
        "eps": "2",
        "members": "2,609",
        "ystart": "2019",
        "yend": "2019",
        "score": "7.09",
        "popularity_rank": "7673"
    },
    {
        "url": "https://myanimelist.net/anime/3138/Solty_Rei__Surechigau_Kimochi_de_Omoi_Au_Kokoro_de",
        "type": "Special",
        "eps": "1",
        "members": "3,357",
        "ystart": "2006",
        "yend": "2006",
        "score": "7.08",
        "popularity_rank": "7071"
    },
    {
        "url": "https://myanimelist.net/anime/38891/Sora_no_Method__Mou_Hitotsu_no_Negai",
        "type": "ONA",
        "eps": "1",
        "members": "3,168",
        "ystart": "2019",
        "yend": "2019",
        "score": "7.08",
        "popularity_rank": "7212"
    },
    {
        "url": "https://myanimelist.net/anime/32030/MEMORiES_MELODiES",
        "type": "Music",
        "eps": "1",
        "members": "2,286",
        "ystart": "2015",
        "yend": "2015",
        "score": "7.08",
        "popularity_rank": "7999"
    },
    {
        "url": "https://myanimelist.net/anime/3437/Mister_Ajikko",
        "type": "TV",
        "eps": "99",
        "members": "3,417",
        "ystart": "1987",
        "yend": "1989",
        "score": "7.07",
        "popularity_rank": "7026"
    },
    {
        "url": "https://myanimelist.net/anime/6567/Urusei_Yatsura__The_Shougaibutsu_Suieitaikai",
        "type": "Special",
        "eps": "1",
        "members": "3,364",
        "ystart": "2008",
        "yend": "2008",
        "score": "7.07",
        "popularity_rank": "7064"
    },
    {
        "url": "https://myanimelist.net/anime/2561/Captain_Future",
        "type": "TV",
        "eps": "52",
        "members": "3,177",
        "ystart": "1978",
        "yend": "1979",
        "score": "7.07",
        "popularity_rank": "7205"
    },
    {
        "url": "https://myanimelist.net/anime/2803/Densetsu_no_Yuusha_Da_Garn",
        "type": "TV",
        "eps": "46",
        "members": "3,102",
        "ystart": "1992",
        "yend": "1993",
        "score": "7.07",
        "popularity_rank": "7255"
    },
    {
        "url": "https://myanimelist.net/anime/39538/Hoozuki_no_Reitetsu_2nd_Season_OVA",
        "type": "OVA",
        "eps": "3",
        "members": "2,730",
        "ystart": "2019",
        "yend": "2020",
        "score": "7.07",
        "popularity_rank": "7559"
    },
    {
        "url": "https://myanimelist.net/anime/2667/Doraemon_Movie_04__Nobita_no_Kaitei_Kiganjou",
        "type": "Movie",
        "eps": "1",
        "members": "2,477",
        "ystart": "1983",
        "yend": "1983",
        "score": "7.07",
        "popularity_rank": "7790"
    },
    {
        "url": "https://myanimelist.net/anime/2283/Red_Baron",
        "type": "TV",
        "eps": "49",
        "members": "2,445",
        "ystart": "1994",
        "yend": "1995",
        "score": "7.07",
        "popularity_rank": "7824"
    },
    {
        "url": "https://myanimelist.net/anime/3305/Muteki_Koujin_Daitarn_3",
        "type": "TV",
        "eps": "40",
        "members": "2,331",
        "ystart": "1978",
        "yend": "1979",
        "score": "7.07",
        "popularity_rank": "7944"
    },
    {
        "url": "https://myanimelist.net/anime/3946/Jarinko_Chie",
        "type": "Movie",
        "eps": "1",
        "members": "2,840",
        "ystart": "1981",
        "yend": "1981",
        "score": "7.06",
        "popularity_rank": "7459"
    },
    {
        "url": "https://myanimelist.net/anime/3186/Sekai_Meisaku_Douwa__Hakuchou_no_Mizuumi",
        "type": "Movie",
        "eps": "1",
        "members": "2,760",
        "ystart": "1981",
        "yend": "1981",
        "score": "7.06",
        "popularity_rank": "7525"
    },
    {
        "url": "https://myanimelist.net/anime/2671/Doraemon_Movie_03__Nobita_no_Daimakyou",
        "type": "Movie",
        "eps": "1",
        "members": "2,669",
        "ystart": "1982",
        "yend": "1982",
        "score": "7.06",
        "popularity_rank": "7610"
    },
    {
        "url": "https://myanimelist.net/anime/2077/Kindaichi_Shounen_no_Jikenbo_Movie_1__Operazakan_-_Aratanaru_Satsujin",
        "type": "Movie",
        "eps": "1",
        "members": "2,539",
        "ystart": "1996",
        "yend": "1996",
        "score": "7.06",
        "popularity_rank": "7728"
    },
    {
        "url": "https://myanimelist.net/anime/38252/Boku_to_Nurse_no_Kenshuu_Nisshi_The_Animation",
        "type": "OVA",
        "eps": "1",
        "members": "3,283",
        "ystart": "2018",
        "yend": "2018",
        "score": "7.05",
        "popularity_rank": "7124"
    },
    {
        "url": "https://myanimelist.net/anime/7144/Uchuu_Senkan_Yamato__Fukkatsu-hen",
        "type": "Movie",
        "eps": "1",
        "members": "3,195",
        "ystart": "2009",
        "yend": "2009",
        "score": "7.05",
        "popularity_rank": "7186"
    },
    {
        "url": "https://myanimelist.net/anime/8363/Crayon_Shin-chan_Movie_11__Arashi_wo_Yobu_Eikou_no_Yakiniku_Road",
        "type": "Movie",
        "eps": "1",
        "members": "2,356",
        "ystart": "2003",
        "yend": "2003",
        "score": "7.05",
        "popularity_rank": "7915"
    },
    {
        "url": "https://myanimelist.net/anime/754/Yuki_no_Joou_TV",
        "type": "TV",
        "eps": "36",
        "members": "3,226",
        "ystart": "2005",
        "yend": "2006",
        "score": "7.04",
        "popularity_rank": "7162"
    },
    {
        "url": "https://myanimelist.net/anime/23043/Re_Boot",
        "type": "Music",
        "eps": "1",
        "members": "2,883",
        "ystart": "2012",
        "yend": "2012",
        "score": "7.04",
        "popularity_rank": "7421"
    },
    {
        "url": "https://myanimelist.net/anime/3110/Kaze_no_Naka_no_Shoujo__Kinpatsu_no_Jeanie",
        "type": "TV",
        "eps": "52",
        "members": "2,500",
        "ystart": "1992",
        "yend": "1993",
        "score": "7.04",
        "popularity_rank": "7763"
    },
    {
        "url": "https://myanimelist.net/anime/6312/Taiho_Shichau_zo__Full_Throttle_-_Watashitachi_no_Iru_Basho",
        "type": "Special",
        "eps": "1",
        "members": "2,420",
        "ystart": "2008",
        "yend": "2008",
        "score": "7.04",
        "popularity_rank": "7852"
    },
    {
        "url": "https://myanimelist.net/anime/10822/Ranma_\u00bd__Totteoki_Talk_-_Best_of_Memories",
        "type": "OVA",
        "eps": "1",
        "members": "3,234",
        "ystart": "1993",
        "yend": "1993",
        "score": "7.03",
        "popularity_rank": "7153"
    },
    {
        "url": "https://myanimelist.net/anime/3137/Tsurikichi_Sanpei",
        "type": "TV",
        "eps": "109",
        "members": "3,075",
        "ystart": "1980",
        "yend": "1982",
        "score": "7.03",
        "popularity_rank": "7281"
    },
    {
        "url": "https://myanimelist.net/anime/29437/Detective_Conan__Happy_New_Year_Special",
        "type": "Special",
        "eps": "1",
        "members": "2,781",
        "ystart": "2015",
        "yend": "2015",
        "score": "7.03",
        "popularity_rank": "7505"
    },
    {
        "url": "https://myanimelist.net/anime/35776/Kingdom_Hearts_\u03c7_Back_Cover",
        "type": "OVA",
        "eps": "1",
        "members": "2,749",
        "ystart": "2017",
        "yend": "2017",
        "score": "7.03",
        "popularity_rank": "7541"
    },
    {
        "url": "https://myanimelist.net/anime/2657/Doraemon_Movie_08__Nobita_to_Ryuu_no_Kishi",
        "type": "Movie",
        "eps": "1",
        "members": "2,545",
        "ystart": "1987",
        "yend": "1987",
        "score": "7.03",
        "popularity_rank": "7723"
    },
    {
        "url": "https://myanimelist.net/anime/23083/Happiness_Charge_PreCure_Movie__Ningyou_no_Kuni_no_Ballerina",
        "type": "Movie",
        "eps": "1",
        "members": "2,508",
        "ystart": "2014",
        "yend": "2014",
        "score": "7.03",
        "popularity_rank": "7751"
    },
    {
        "url": "https://myanimelist.net/anime/36148/Wangu_Xian_Qiong",
        "type": "ONA",
        "eps": "12",
        "members": "3,421",
        "ystart": "2017",
        "yend": "2017",
        "score": "7.02",
        "popularity_rank": "7024"
    },
    {
        "url": "https://myanimelist.net/anime/37814/Inazuma_Eleven__Reloaded_-_Soccer_no_Henkaku",
        "type": "Special",
        "eps": "1",
        "members": "3,284",
        "ystart": "2018",
        "yend": "2018",
        "score": "7.02",
        "popularity_rank": "7123"
    },
    {
        "url": "https://myanimelist.net/anime/2279/Nagagutsu_wo_Haita_Neko",
        "type": "Movie",
        "eps": "1",
        "members": "2,894",
        "ystart": "1969",
        "yend": "1969",
        "score": "7.02",
        "popularity_rank": "7415"
    },
    {
        "url": "https://myanimelist.net/anime/2300/Uchuu_no_Kishi_Tekkaman_Blade_OVA__Twin_Blood",
        "type": "OVA",
        "eps": "1",
        "members": "3,294",
        "ystart": "1994",
        "yend": "1994",
        "score": "7.01",
        "popularity_rank": "7116"
    },
    {
        "url": "https://myanimelist.net/anime/24591/Youkai_Watch_Movie_1__Tanjou_no_Himitsu_da_Nyan",
        "type": "Movie",
        "eps": "1",
        "members": "2,907",
        "ystart": "2014",
        "yend": "2014",
        "score": "7.01",
        "popularity_rank": "7401"
    }
]