[
    {
        "url": "https://myanimelist.net/anime/4921/Ramayana__The_Legend_of_Prince_Rama",
        "type": "Movie",
        "eps": "1",
        "members": "2,047",
        "ystart": "1992",
        "yend": "1992",
        "score": "7.89",
        "popularity_rank": "8268"
    },
    {
        "url": "https://myanimelist.net/anime/36910/Wu_Geng_Ji_2nd_Season",
        "type": "ONA",
        "eps": "42",
        "members": "1,651",
        "ystart": "2017",
        "yend": "2018",
        "score": "7.62",
        "popularity_rank": "8785"
    },
    {
        "url": "https://myanimelist.net/anime/10471/Ie_Naki_Ko_Remy_Specials",
        "type": "Special",
        "eps": "3",
        "members": "1,708",
        "ystart": "1997",
        "yend": "1997",
        "score": "7.59",
        "popularity_rank": "8707"
    },
    {
        "url": "https://myanimelist.net/anime/37954/Neo-Aspect",
        "type": "Music",
        "eps": "1",
        "members": "1,698",
        "ystart": "2018",
        "yend": "2018",
        "score": "7.59",
        "popularity_rank": "8717"
    },
    {
        "url": "https://myanimelist.net/anime/39114/Hollowness",
        "type": "Music",
        "eps": "1",
        "members": "2,052",
        "ystart": "2018",
        "yend": "2018",
        "score": "7.54",
        "popularity_rank": "8255"
    },
    {
        "url": "https://myanimelist.net/anime/38850/Star\u2606Twinkle_Precure__Hoshi_no_Uta_ni_Omoi_wo_Komete",
        "type": "Movie",
        "eps": "1",
        "members": "1,711",
        "ystart": "2019",
        "yend": "2019",
        "score": "7.54",
        "popularity_rank": "8697"
    },
    {
        "url": "https://myanimelist.net/anime/39065/Bokura_Mada_Underground",
        "type": "Music",
        "eps": "1",
        "members": "1,803",
        "ystart": "2019",
        "yend": "2019",
        "score": "7.53",
        "popularity_rank": "8553"
    },
    {
        "url": "https://myanimelist.net/anime/33443/Luo_Xiao_Hei_Zhan_Ji",
        "type": "ONA",
        "eps": "?",
        "members": "1,628",
        "ystart": "Mar",
        "yend": "2011",
        "score": "7.49",
        "popularity_rank": "8824"
    },
    {
        "url": "https://myanimelist.net/anime/1395/Future_GPX_Cyber_Formula_Sin",
        "type": "OVA",
        "eps": "5",
        "members": "1,726",
        "ystart": "1998",
        "yend": "2000",
        "score": "7.47",
        "popularity_rank": "8674"
    },
    {
        "url": "https://myanimelist.net/anime/37501/Hug_tto_Precure\u2661Futari_wa_Precure_Movie__All_Stars_Memories",
        "type": "Movie",
        "eps": "1",
        "members": "2,108",
        "ystart": "2018",
        "yend": "2018",
        "score": "7.44",
        "popularity_rank": "8204"
    },
    {
        "url": "https://myanimelist.net/anime/36561/Doupo_Cangqiong_Specials",
        "type": "ONA",
        "eps": "2",
        "members": "1,679",
        "ystart": "2017",
        "yend": "2017",
        "score": "7.44",
        "popularity_rank": "8745"
    },
    {
        "url": "https://myanimelist.net/anime/39113/Lilac",
        "type": "Music",
        "eps": "1",
        "members": "2,165",
        "ystart": "2018",
        "yend": "2018",
        "score": "7.43",
        "popularity_rank": "8136"
    },
    {
        "url": "https://myanimelist.net/anime/1393/Future_GPX_Cyber_Formula_Zero",
        "type": "OVA",
        "eps": "8",
        "members": "1,790",
        "ystart": "1994",
        "yend": "1995",
        "score": "7.42",
        "popularity_rank": "8572"
    },
    {
        "url": "https://myanimelist.net/anime/1394/Future_GPX_Cyber_Formula_Saga",
        "type": "OVA",
        "eps": "8",
        "members": "1,722",
        "ystart": "1996",
        "yend": "1997",
        "score": "7.40",
        "popularity_rank": "8679"
    },
    {
        "url": "https://myanimelist.net/anime/5075/Yuusha_Keisatsu_J-Decker",
        "type": "TV",
        "eps": "48",
        "members": "2,232",
        "ystart": "1994",
        "yend": "1995",
        "score": "7.39",
        "popularity_rank": "8057"
    },
    {
        "url": "https://myanimelist.net/anime/4138/Chiisana_Penguin_Lolo_no_Bouken",
        "type": "OVA",
        "eps": "3",
        "members": "2,250",
        "ystart": "1986",
        "yend": "1987",
        "score": "7.37",
        "popularity_rank": "8039"
    },
    {
        "url": "https://myanimelist.net/anime/41261/Gishi_wa_Yan_Mama_Junyuu_Chuu",
        "type": "OVA",
        "eps": "2",
        "members": "1,875",
        "ystart": "2020",
        "yend": "2020",
        "score": "7.36",
        "popularity_rank": "8458"
    },
    {
        "url": "https://myanimelist.net/anime/3213/Ganbare_Genki",
        "type": "TV",
        "eps": "35",
        "members": "1,626",
        "ystart": "1980",
        "yend": "1981",
        "score": "7.34",
        "popularity_rank": "8828"
    },
    {
        "url": "https://myanimelist.net/anime/32233/Micchiri_Neko_March",
        "type": "Music",
        "eps": "1",
        "members": "1,757",
        "ystart": "2013",
        "yend": "2013",
        "score": "7.33",
        "popularity_rank": "8626"
    },
    {
        "url": "https://myanimelist.net/anime/37937/Wan_Jie_Xian_Zong",
        "type": "ONA",
        "eps": "40",
        "members": "1,587",
        "ystart": "2018",
        "yend": "2018",
        "score": "7.33",
        "popularity_rank": "8887"
    },
    {
        "url": "https://myanimelist.net/anime/5854/Shin_Chou_Kyou_Ryo__Condor_Hero_III",
        "type": "TV",
        "eps": "26",
        "members": "2,230",
        "ystart": "2008",
        "yend": "2008",
        "score": "7.32",
        "popularity_rank": "8061"
    },
    {
        "url": "https://myanimelist.net/anime/4061/Grimm_Masterpiece_Theater_II",
        "type": "TV",
        "eps": "23",
        "members": "1,855",
        "ystart": "1988",
        "yend": "1989",
        "score": "7.32",
        "popularity_rank": "8485"
    },
    {
        "url": "https://myanimelist.net/anime/21395/Crayon_Shin-chan_Movie_22__Gachinko_Gyakushuu_no_Robo_To-chan",
        "type": "Movie",
        "eps": "1",
        "members": "2,178",
        "ystart": "2014",
        "yend": "2014",
        "score": "7.31",
        "popularity_rank": "8121"
    },
    {
        "url": "https://myanimelist.net/anime/40245/Mitaiken_Horizon",
        "type": "Music",
        "eps": "1",
        "members": "2,066",
        "ystart": "2019",
        "yend": "2019",
        "score": "7.30",
        "popularity_rank": "8245"
    },
    {
        "url": "https://myanimelist.net/anime/33672/Doraemon_Movie_37__Nobita_no_Nankyoku_Kachikochi_Daibouken",
        "type": "Movie",
        "eps": "1",
        "members": "1,830",
        "ystart": "2017",
        "yend": "2017",
        "score": "7.30",
        "popularity_rank": "8516"
    },
    {
        "url": "https://myanimelist.net/anime/1392/Future_GPX_Cyber_Formula_11",
        "type": "OVA",
        "eps": "6",
        "members": "1,766",
        "ystart": "1992",
        "yend": "1993",
        "score": "7.30",
        "popularity_rank": "8614"
    },
    {
        "url": "https://myanimelist.net/anime/33183/Mahoutsukai_Precure_Movie__Kiseki_no_Henshin_Cure_Mofurun",
        "type": "Movie",
        "eps": "1",
        "members": "2,166",
        "ystart": "2016",
        "yend": "2016",
        "score": "7.29",
        "popularity_rank": "8134"
    },
    {
        "url": "https://myanimelist.net/anime/2820/Time_Travel_Tondekeman",
        "type": "TV",
        "eps": "39",
        "members": "1,554",
        "ystart": "1989",
        "yend": "1990",
        "score": "7.29",
        "popularity_rank": "8945"
    },
    {
        "url": "https://myanimelist.net/anime/35654/No_Doubt",
        "type": "Music",
        "eps": "1",
        "members": "1,837",
        "ystart": "2017",
        "yend": "2017",
        "score": "7.27",
        "popularity_rank": "8505"
    },
    {
        "url": "https://myanimelist.net/anime/2660/Doraemon__Nobitas_the_Night_Before_a_Wedding",
        "type": "Movie",
        "eps": "1",
        "members": "1,735",
        "ystart": "1999",
        "yend": "1999",
        "score": "7.27",
        "popularity_rank": "8662"
    },
    {
        "url": "https://myanimelist.net/anime/2649/Doraemon__Obaachan_no_Omoide",
        "type": "Movie",
        "eps": "1",
        "members": "1,629",
        "ystart": "2000",
        "yend": "2000",
        "score": "7.27",
        "popularity_rank": "8823"
    },
    {
        "url": "https://myanimelist.net/anime/1590/Legendz__Yomigaeru_Ryuuou_Densetsu",
        "type": "TV",
        "eps": "50",
        "members": "2,189",
        "ystart": "2004",
        "yend": "2005",
        "score": "7.26",
        "popularity_rank": "8111"
    },
    {
        "url": "https://myanimelist.net/anime/3245/Kindaichi_Shounen_no_Jikenbo_Specials",
        "type": "Special",
        "eps": "2",
        "members": "1,919",
        "ystart": "2007",
        "yend": "2007",
        "score": "7.26",
        "popularity_rank": "8420"
    },
    {
        "url": "https://myanimelist.net/anime/39257/Sayonara_Gokko",
        "type": "Music",
        "eps": "1",
        "members": "2,184",
        "ystart": "2019",
        "yend": "2019",
        "score": "7.24",
        "popularity_rank": "8118"
    },
    {
        "url": "https://myanimelist.net/anime/32806/Aikatsu__Nerawareta_Mahou_no_Aikatsu_Card",
        "type": "Movie",
        "eps": "1",
        "members": "2,278",
        "ystart": "2016",
        "yend": "2016",
        "score": "7.22",
        "popularity_rank": "8011"
    },
    {
        "url": "https://myanimelist.net/anime/37886/Wo_Shi_Jiang_Xiaobai_2018",
        "type": "ONA",
        "eps": "1",
        "members": "1,899",
        "ystart": "2018",
        "yend": "2018",
        "score": "7.22",
        "popularity_rank": "8440"
    },
    {
        "url": "https://myanimelist.net/anime/31201/Doraemon_Movie_36__Shin_Nobita_no_Nippon_Tanjou",
        "type": "Movie",
        "eps": "1",
        "members": "1,802",
        "ystart": "2016",
        "yend": "2016",
        "score": "7.22",
        "popularity_rank": "8555"
    },
    {
        "url": "https://myanimelist.net/anime/2009/Yawara__Zutto_Kimi_no_Koto_ga",
        "type": "Special",
        "eps": "1",
        "members": "1,739",
        "ystart": "1996",
        "yend": "1996",
        "score": "7.22",
        "popularity_rank": "8659"
    },
    {
        "url": "https://myanimelist.net/anime/4375/Kyoro-chan",
        "type": "TV",
        "eps": "91",
        "members": "1,949",
        "ystart": "1999",
        "yend": "2001",
        "score": "7.21",
        "popularity_rank": "8381"
    },
    {
        "url": "https://myanimelist.net/anime/41202/Kokoro_Magic_A_to_Z",
        "type": "Music",
        "eps": "1",
        "members": "1,574",
        "ystart": "2019",
        "yend": "2019",
        "score": "7.20",
        "popularity_rank": "8919"
    },
    {
        "url": "https://myanimelist.net/anime/3345/Mikan_Enikki",
        "type": "TV",
        "eps": "30",
        "members": "2,048",
        "ystart": "1992",
        "yend": "1993",
        "score": "7.19",
        "popularity_rank": "8264"
    },
    {
        "url": "https://myanimelist.net/anime/3624/Seimei_no_Kagaku__Micro_Patrol",
        "type": "OVA",
        "eps": "26",
        "members": "1,864",
        "ystart": "1986",
        "yend": "1986",
        "score": "7.18",
        "popularity_rank": "8472"
    },
    {
        "url": "https://myanimelist.net/anime/4062/Musashi_no_Ken",
        "type": "TV",
        "eps": "72",
        "members": "1,756",
        "ystart": "1985",
        "yend": "1986",
        "score": "7.18",
        "popularity_rank": "8632"
    },
    {
        "url": "https://myanimelist.net/anime/3036/Tobe_Isami",
        "type": "TV",
        "eps": "50",
        "members": "1,563",
        "ystart": "1995",
        "yend": "1996",
        "score": "7.17",
        "popularity_rank": "8935"
    },
    {
        "url": "https://myanimelist.net/anime/11053/Doraemon_Movie_32__Nobita_to_Kiseki_no_Shima_-_Animal_Adventure",
        "type": "Movie",
        "eps": "1",
        "members": "2,147",
        "ystart": "2012",
        "yend": "2012",
        "score": "7.15",
        "popularity_rank": "8159"
    },
    {
        "url": "https://myanimelist.net/anime/16434/Penguins_Memory__Shiawase_Monogatari",
        "type": "Movie",
        "eps": "1",
        "members": "2,157",
        "ystart": "1985",
        "yend": "1985",
        "score": "7.13",
        "popularity_rank": "8146"
    },
    {
        "url": "https://myanimelist.net/anime/35740/Doraemon_Movie_38__Nobita_no_Takarajima",
        "type": "Movie",
        "eps": "1",
        "members": "1,831",
        "ystart": "2018",
        "yend": "2018",
        "score": "7.13",
        "popularity_rank": "8514"
    },
    {
        "url": "https://myanimelist.net/anime/40734/Yao_Shen_Ji_Zhi_Hei_Yu_Pian",
        "type": "ONA",
        "eps": "52",
        "members": "1,967",
        "ystart": "Apr",
        "yend": "2020",
        "score": "7.12",
        "popularity_rank": "8361"
    },
    {
        "url": "https://myanimelist.net/anime/2736/Mojakou",
        "type": "TV",
        "eps": "74",
        "members": "1,782",
        "ystart": "1995",
        "yend": "1997",
        "score": "7.12",
        "popularity_rank": "8585"
    },
    {
        "url": "https://myanimelist.net/anime/30649/Shin_Atashinchi",
        "type": "TV",
        "eps": "26",
        "members": "2,229",
        "ystart": "2015",
        "yend": "2016",
        "score": "7.11",
        "popularity_rank": "8062"
    },
    {
        "url": "https://myanimelist.net/anime/8120/Gotou_ni_Naritai",
        "type": "Movie",
        "eps": "1",
        "members": "1,916",
        "ystart": "1995",
        "yend": "1995",
        "score": "7.10",
        "popularity_rank": "8426"
    },
    {
        "url": "https://myanimelist.net/anime/2818/Madou_King_Granzort",
        "type": "TV",
        "eps": "41",
        "members": "1,542",
        "ystart": "1989",
        "yend": "1990",
        "score": "7.10",
        "popularity_rank": "8961"
    },
    {
        "url": "https://myanimelist.net/anime/4926/Marco__Haha_wo_Tazunete_Sanzenri",
        "type": "Movie",
        "eps": "1",
        "members": "1,831",
        "ystart": "1999",
        "yend": "1999",
        "score": "7.09",
        "popularity_rank": "8513"
    },
    {
        "url": "https://myanimelist.net/anime/3638/Kaiketsu_Zorori",
        "type": "TV",
        "eps": "52",
        "members": "2,184",
        "ystart": "2004",
        "yend": "2005",
        "score": "7.08",
        "popularity_rank": "8117"
    },
    {
        "url": "https://myanimelist.net/anime/27567/Fushigi_Yuugi_Special__Nakago_Shikkari_Shinasai",
        "type": "Special",
        "eps": "2",
        "members": "1,917",
        "ystart": "1996",
        "yend": "1996",
        "score": "7.08",
        "popularity_rank": "8423"
    },
    {
        "url": "https://myanimelist.net/anime/5267/Gamba_no_Bouken",
        "type": "TV",
        "eps": "26",
        "members": "2,248",
        "ystart": "1975",
        "yend": "1975",
        "score": "7.07",
        "popularity_rank": "8042"
    },
    {
        "url": "https://myanimelist.net/anime/1774/HeatGuy_J_Special",
        "type": "Special",
        "eps": "1",
        "members": "2,164",
        "ystart": "2003",
        "yend": "2003",
        "score": "7.07",
        "popularity_rank": "8139"
    },
    {
        "url": "https://myanimelist.net/anime/7761/Masuda_Kousuke_Gekijou_Gag_Manga_Biyori__",
        "type": "TV",
        "eps": "12",
        "members": "1,871",
        "ystart": "2010",
        "yend": "2010",
        "score": "7.07",
        "popularity_rank": "8464"
    },
    {
        "url": "https://myanimelist.net/anime/367/Akazukin_Chacha_OVA",
        "type": "OVA",
        "eps": "3",
        "members": "2,147",
        "ystart": "1995",
        "yend": "1996",
        "score": "7.06",
        "popularity_rank": "8160"
    },
    {
        "url": "https://myanimelist.net/anime/2416/Grander_Musashi_RV",
        "type": "TV",
        "eps": "39",
        "members": "1,635",
        "ystart": "1998",
        "yend": "1998",
        "score": "7.06",
        "popularity_rank": "8813"
    },
    {
        "url": "https://myanimelist.net/anime/3418/Jungle_no_Ouja_Taa-chan",
        "type": "TV",
        "eps": "50",
        "members": "1,605",
        "ystart": "1993",
        "yend": "1994",
        "score": "7.06",
        "popularity_rank": "8859"
    },
    {
        "url": "https://myanimelist.net/anime/4191/Popolocrois_Monogatari",
        "type": "TV",
        "eps": "25",
        "members": "2,227",
        "ystart": "1998",
        "yend": "1999",
        "score": "7.05",
        "popularity_rank": "8065"
    },
    {
        "url": "https://myanimelist.net/anime/2429/Unico__Mahou_no_Shima_e",
        "type": "Movie",
        "eps": "1",
        "members": "2,067",
        "ystart": "1983",
        "yend": "1983",
        "score": "7.05",
        "popularity_rank": "8244"
    },
    {
        "url": "https://myanimelist.net/anime/6901/Battle_Spirits__Shounen_Gekiha_Dan",
        "type": "TV",
        "eps": "50",
        "members": "2,231",
        "ystart": "2009",
        "yend": "2010",
        "score": "7.04",
        "popularity_rank": "8058"
    },
    {
        "url": "https://myanimelist.net/anime/2674/Doraemon_Movie_16__Nobita_no_Sousei_Nikki",
        "type": "Movie",
        "eps": "1",
        "members": "1,958",
        "ystart": "1995",
        "yend": "1995",
        "score": "7.04",
        "popularity_rank": "8371"
    },
    {
        "url": "https://myanimelist.net/anime/37184/Ze_Tian_Ji_2nd_Season",
        "type": "ONA",
        "eps": "12",
        "members": "1,907",
        "ystart": "2016",
        "yend": "2016",
        "score": "7.04",
        "popularity_rank": "8430"
    },
    {
        "url": "https://myanimelist.net/anime/8364/Crayon_Shin-chan_Movie_12__Arashi_wo_Yobu_Yuuhi_no_Kasukabe_Boys",
        "type": "Movie",
        "eps": "1",
        "members": "2,254",
        "ystart": "2004",
        "yend": "2004",
        "score": "7.03",
        "popularity_rank": "8035"
    },
    {
        "url": "https://myanimelist.net/anime/4198/Koutetsu_Jeeg",
        "type": "TV",
        "eps": "46",
        "members": "2,115",
        "ystart": "1975",
        "yend": "1976",
        "score": "7.03",
        "popularity_rank": "8197"
    },
    {
        "url": "https://myanimelist.net/anime/36173/Suna_no_Wakusei_feat_Hatsune_Miku",
        "type": "Music",
        "eps": "1",
        "members": "1,627",
        "ystart": "2017",
        "yend": "2017",
        "score": "7.03",
        "popularity_rank": "8825"
    },
    {
        "url": "https://myanimelist.net/anime/3462/Minky_Momo_in_Yume_ni_Kakeru_Hashi",
        "type": "OVA",
        "eps": "1",
        "members": "1,615",
        "ystart": "1993",
        "yend": "1993",
        "score": "7.03",
        "popularity_rank": "8848"
    },
    {
        "url": "https://myanimelist.net/anime/2570/Ochame_na_Futago__Claire_Gakuin_Monogatari",
        "type": "TV",
        "eps": "26",
        "members": "1,916",
        "ystart": "1991",
        "yend": "1991",
        "score": "7.02",
        "popularity_rank": "8424"
    },
    {
        "url": "https://myanimelist.net/anime/2913/Daisougen_no_Chiisana_Tenshi__Bush_Baby",
        "type": "TV",
        "eps": "40",
        "members": "1,789",
        "ystart": "1992",
        "yend": "1992",
        "score": "7.02",
        "popularity_rank": "8575"
    },
    {
        "url": "https://myanimelist.net/anime/1236/SF_Saiyuuki_Starzinger",
        "type": "TV",
        "eps": "73",
        "members": "1,928",
        "ystart": "1978",
        "yend": "1979",
        "score": "7.01",
        "popularity_rank": "8408"
    }
]