[
    {
        "url": "https://myanimelist.net/anime/1382/Yuusha-Ou_GaoGaiGar_Final",
        "type": "OVA",
        "eps": "8",
        "members": "7,334",
        "ystart": "2000",
        "yend": "2003",
        "score": "8.09",
        "popularity_rank": "5166"
    },
    {
        "url": "https://myanimelist.net/anime/29831/Tamayura__Sotsugyou_Shashin_Part_4_-_Ashita",
        "type": "Movie",
        "eps": "1",
        "members": "7,140",
        "ystart": "2016",
        "yend": "2016",
        "score": "8.09",
        "popularity_rank": "5222"
    },
    {
        "url": "https://myanimelist.net/anime/39592/Mobile_Suit_Gundam__The_Origin_-_Advent_of_the_Red_Comet",
        "type": "TV",
        "eps": "13",
        "members": "7,611",
        "ystart": "2019",
        "yend": "2019",
        "score": "8.07",
        "popularity_rank": "5093"
    },
    {
        "url": "https://myanimelist.net/anime/36963/IDOLiSH7_Vibrato",
        "type": "ONA",
        "eps": "8",
        "members": "6,883",
        "ystart": "2018",
        "yend": "2019",
        "score": "7.99",
        "popularity_rank": "5313"
    },
    {
        "url": "https://myanimelist.net/anime/37822/Douluo_Dalu_2nd_Season",
        "type": "ONA",
        "eps": "?",
        "members": "7,018",
        "ystart": "Dec",
        "yend": "2018",
        "score": "7.98",
        "popularity_rank": "5262"
    },
    {
        "url": "https://myanimelist.net/anime/6582/Tentai_Senshi_Sunred_2nd_Season",
        "type": "TV",
        "eps": "26",
        "members": "6,552",
        "ystart": "2009",
        "yend": "2010",
        "score": "7.93",
        "popularity_rank": "5438"
    },
    {
        "url": "https://myanimelist.net/anime/39392/Master_Piece_The_Animation",
        "type": "OVA",
        "eps": "2",
        "members": "6,347",
        "ystart": "2019",
        "yend": "2019",
        "score": "7.83",
        "popularity_rank": "5500"
    },
    {
        "url": "https://myanimelist.net/anime/29830/Tamayura__Sotsugyou_Shashin_Part_3_-_Akogare",
        "type": "Movie",
        "eps": "1",
        "members": "6,500",
        "ystart": "2015",
        "yend": "2015",
        "score": "7.80",
        "popularity_rank": "5456"
    },
    {
        "url": "https://myanimelist.net/anime/2761/Densetsu_Kyojin_Ideon__Hatsudou-hen",
        "type": "Movie",
        "eps": "1",
        "members": "5,767",
        "ystart": "1982",
        "yend": "1982",
        "score": "7.80",
        "popularity_rank": "5702"
    },
    {
        "url": "https://myanimelist.net/anime/38201/Osomatsu-san_Movie",
        "type": "Movie",
        "eps": "1",
        "members": "6,936",
        "ystart": "2019",
        "yend": "2019",
        "score": "7.78",
        "popularity_rank": "5293"
    },
    {
        "url": "https://myanimelist.net/anime/29829/Tamayura__Sotsugyou_Shashin_Part_2_-_Hibiki",
        "type": "Movie",
        "eps": "1",
        "members": "6,860",
        "ystart": "2015",
        "yend": "2015",
        "score": "7.77",
        "popularity_rank": "5318"
    },
    {
        "url": "https://myanimelist.net/anime/1910/Master_Keaton_OVA",
        "type": "OVA",
        "eps": "15",
        "members": "6,291",
        "ystart": "1999",
        "yend": "2000",
        "score": "7.76",
        "popularity_rank": "5516"
    },
    {
        "url": "https://myanimelist.net/anime/36160/Yaoguai_Mingdan_2nd_Season",
        "type": "ONA",
        "eps": "21",
        "members": "6,086",
        "ystart": "2017",
        "yend": "2017",
        "score": "7.73",
        "popularity_rank": "5589"
    },
    {
        "url": "https://myanimelist.net/anime/40111/Nezha_Zhi_Mo_Tong_Jiang_Shi",
        "type": "Movie",
        "eps": "1",
        "members": "5,054",
        "ystart": "2019",
        "yend": "2019",
        "score": "7.72",
        "popularity_rank": "5994"
    },
    {
        "url": "https://myanimelist.net/anime/1376/Ojamajo_Doremi_Na-i-sho",
        "type": "OVA",
        "eps": "13",
        "members": "6,978",
        "ystart": "2004",
        "yend": "2004",
        "score": "7.71",
        "popularity_rank": "5281"
    },
    {
        "url": "https://myanimelist.net/anime/40504/Major_2nd_TV_2nd_Season",
        "type": "TV",
        "eps": "?",
        "members": "7,701",
        "ystart": "Apr",
        "yend": "2020",
        "score": "7.69",
        "popularity_rank": "5067"
    },
    {
        "url": "https://myanimelist.net/anime/2313/Muumindani_no_Suisei",
        "type": "Movie",
        "eps": "1",
        "members": "7,048",
        "ystart": "1992",
        "yend": "1992",
        "score": "7.69",
        "popularity_rank": "5253"
    },
    {
        "url": "https://myanimelist.net/anime/31227/Kindaichi_Shounen_no_Jikenbo_Returns_2nd_Season",
        "type": "TV",
        "eps": "22",
        "members": "7,631",
        "ystart": "2015",
        "yend": "2016",
        "score": "7.68",
        "popularity_rank": "5085"
    },
    {
        "url": "https://myanimelist.net/anime/7305/Detective_Conan_Movie_10__Promo_Special",
        "type": "Special",
        "eps": "1",
        "members": "7,294",
        "ystart": "2006",
        "yend": "2006",
        "score": "7.68",
        "popularity_rank": "5178"
    },
    {
        "url": "https://myanimelist.net/anime/2450/Crayon_Shin-chan_Movie_09__Arashi_wo_Yobu_Mouretsu_Otona_Teikoku_no_Gyakushuu",
        "type": "Movie",
        "eps": "1",
        "members": "5,145",
        "ystart": "2001",
        "yend": "2001",
        "score": "7.68",
        "popularity_rank": "5956"
    },
    {
        "url": "https://myanimelist.net/anime/10935/Hourou_Musuko_Specials",
        "type": "Special",
        "eps": "2",
        "members": "7,607",
        "ystart": "2011",
        "yend": "2011",
        "score": "7.66",
        "popularity_rank": "5096"
    },
    {
        "url": "https://myanimelist.net/anime/35777/Rilakkuma_to_Kaoru-san",
        "type": "ONA",
        "eps": "13",
        "members": "7,012",
        "ystart": "2019",
        "yend": "2019",
        "score": "7.66",
        "popularity_rank": "5266"
    },
    {
        "url": "https://myanimelist.net/anime/2454/Kimagure_Orange\u2606Road__Ano_Hi_ni_Kaeritai",
        "type": "Movie",
        "eps": "1",
        "members": "6,898",
        "ystart": "1988",
        "yend": "1988",
        "score": "7.66",
        "popularity_rank": "5310"
    },
    {
        "url": "https://myanimelist.net/anime/39619/BanG_Dream_Film_Live",
        "type": "Movie",
        "eps": "1",
        "members": "5,175",
        "ystart": "2019",
        "yend": "2019",
        "score": "7.65",
        "popularity_rank": "5937"
    },
    {
        "url": "https://myanimelist.net/anime/25801/Shouwa_Genroku_Rakugo_Shinjuu__Yotarou_Hourou-hen",
        "type": "OVA",
        "eps": "2",
        "members": "7,950",
        "ystart": "2015",
        "yend": "2015",
        "score": "7.64",
        "popularity_rank": "5005"
    },
    {
        "url": "https://myanimelist.net/anime/2557/Trapp_Ikka_Monogatari",
        "type": "TV",
        "eps": "40",
        "members": "5,356",
        "ystart": "1991",
        "yend": "1991",
        "score": "7.64",
        "popularity_rank": "5872"
    },
    {
        "url": "https://myanimelist.net/anime/1418/Lupin_III__Episode_0_First_Contact",
        "type": "Special",
        "eps": "1",
        "members": "7,412",
        "ystart": "2002",
        "yend": "2002",
        "score": "7.63",
        "popularity_rank": "5142"
    },
    {
        "url": "https://myanimelist.net/anime/40082/Lupin_III__The_First",
        "type": "Movie",
        "eps": "1",
        "members": "7,330",
        "ystart": "2019",
        "yend": "2019",
        "score": "7.63",
        "popularity_rank": "5168"
    },
    {
        "url": "https://myanimelist.net/anime/22583/Uchuu_Kyoudai__Number_Zero",
        "type": "Movie",
        "eps": "1",
        "members": "5,114",
        "ystart": "2014",
        "yend": "2014",
        "score": "7.63",
        "popularity_rank": "5963"
    },
    {
        "url": "https://myanimelist.net/anime/7471/Detective_Conan_Movie_09__Promo_Special",
        "type": "Special",
        "eps": "1",
        "members": "7,230",
        "ystart": "2005",
        "yend": "2005",
        "score": "7.62",
        "popularity_rank": "5197"
    },
    {
        "url": "https://myanimelist.net/anime/37370/The_Perfect_World",
        "type": "Music",
        "eps": "1",
        "members": "6,931",
        "ystart": "2018",
        "yend": "2018",
        "score": "7.62",
        "popularity_rank": "5297"
    },
    {
        "url": "https://myanimelist.net/anime/39989/Yamiyo",
        "type": "Music",
        "eps": "1",
        "members": "5,192",
        "ystart": "2019",
        "yend": "2019",
        "score": "7.62",
        "popularity_rank": "5929"
    },
    {
        "url": "https://myanimelist.net/anime/7303/Detective_Conan__Black_History",
        "type": "Special",
        "eps": "1",
        "members": "6,019",
        "ystart": "2007",
        "yend": "2007",
        "score": "7.61",
        "popularity_rank": "5621"
    },
    {
        "url": "https://myanimelist.net/anime/9288/Heartcatch_Precure_Movie__Hana_no_Miyako_de_Fashion_Show_Desu_ka",
        "type": "Movie",
        "eps": "1",
        "members": "5,280",
        "ystart": "2010",
        "yend": "2010",
        "score": "7.61",
        "popularity_rank": "5899"
    },
    {
        "url": "https://myanimelist.net/anime/9785/Detective_Conan__Conan_vs_Kid_-_Shark___Jewel",
        "type": "Movie",
        "eps": "1",
        "members": "5,761",
        "ystart": "2005",
        "yend": "2005",
        "score": "7.60",
        "popularity_rank": "5703"
    },
    {
        "url": "https://myanimelist.net/anime/708/Patapata_Hikousen_no_Bouken",
        "type": "TV",
        "eps": "26",
        "members": "5,318",
        "ystart": "2002",
        "yend": "2002",
        "score": "7.59",
        "popularity_rank": "5886"
    },
    {
        "url": "https://myanimelist.net/anime/2174/Hokuto_no_Ken__Raoh_Gaiden_Gekitou-hen",
        "type": "Movie",
        "eps": "1",
        "members": "7,574",
        "ystart": "2007",
        "yend": "2007",
        "score": "7.58",
        "popularity_rank": "5106"
    },
    {
        "url": "https://myanimelist.net/anime/34349/Diamond_no_Ace__Second_Season_OVA",
        "type": "OVA",
        "eps": "2",
        "members": "6,785",
        "ystart": "2016",
        "yend": "2016",
        "score": "7.58",
        "popularity_rank": "5336"
    },
    {
        "url": "https://myanimelist.net/anime/37682/Wakaokami_wa_Shougakusei_Movie",
        "type": "Movie",
        "eps": "1",
        "members": "6,795",
        "ystart": "2018",
        "yend": "2018",
        "score": "7.57",
        "popularity_rank": "5333"
    },
    {
        "url": "https://myanimelist.net/anime/35006/Happy_Party_Train",
        "type": "Music",
        "eps": "1",
        "members": "6,588",
        "ystart": "2017",
        "yend": "2017",
        "score": "7.57",
        "popularity_rank": "5419"
    },
    {
        "url": "https://myanimelist.net/anime/36823/Huyao_Xiao_Hongniang__Beishan_Yaodi",
        "type": "ONA",
        "eps": "8",
        "members": "5,792",
        "ystart": "2016",
        "yend": "2017",
        "score": "7.57",
        "popularity_rank": "5690"
    },
    {
        "url": "https://myanimelist.net/anime/1985/UFO_Robo_Grendizer",
        "type": "TV",
        "eps": "74",
        "members": "7,690",
        "ystart": "1975",
        "yend": "1977",
        "score": "7.55",
        "popularity_rank": "5072"
    },
    {
        "url": "https://myanimelist.net/anime/2202/Waga_Seishun_no_Arcadia",
        "type": "Movie",
        "eps": "1",
        "members": "7,412",
        "ystart": "1982",
        "yend": "1982",
        "score": "7.53",
        "popularity_rank": "5143"
    },
    {
        "url": "https://myanimelist.net/anime/3369/Shoubushi_Densetsu_Tetsuya",
        "type": "TV",
        "eps": "20",
        "members": "6,342",
        "ystart": "2000",
        "yend": "2001",
        "score": "7.53",
        "popularity_rank": "5503"
    },
    {
        "url": "https://myanimelist.net/anime/37109/Hakumei_to_Mikochi__Neji_to_Bed_to_Irori_to_Bakuchi",
        "type": "Special",
        "eps": "1",
        "members": "5,898",
        "ystart": "2018",
        "yend": "2018",
        "score": "7.53",
        "popularity_rank": "5658"
    },
    {
        "url": "https://myanimelist.net/anime/36494/Mekakucity_Records",
        "type": "Music",
        "eps": "3",
        "members": "5,531",
        "ystart": "2013",
        "yend": "2013",
        "score": "7.53",
        "popularity_rank": "5811"
    },
    {
        "url": "https://myanimelist.net/anime/1608/Salaryman_Kintarou",
        "type": "TV",
        "eps": "20",
        "members": "6,980",
        "ystart": "2001",
        "yend": "2001",
        "score": "7.52",
        "popularity_rank": "5280"
    },
    {
        "url": "https://myanimelist.net/anime/30913/Mekakucity_Days",
        "type": "Music",
        "eps": "5",
        "members": "6,856",
        "ystart": "2012",
        "yend": "2012",
        "score": "7.52",
        "popularity_rank": "5319"
    },
    {
        "url": "https://myanimelist.net/anime/40861/Hakumei_no_Tsubasa",
        "type": "ONA",
        "eps": "7",
        "members": "6,174",
        "ystart": "Jan",
        "yend": "2020",
        "score": "7.52",
        "popularity_rank": "5561"
    },
    {
        "url": "https://myanimelist.net/anime/1289/Kidou_Keisatsu_Patlabor__New_OVA",
        "type": "OVA",
        "eps": "16",
        "members": "6,844",
        "ystart": "1990",
        "yend": "1992",
        "score": "7.51",
        "popularity_rank": "5322"
    },
    {
        "url": "https://myanimelist.net/anime/12725/Initial_D__Project_D_to_the_Next_Stage_-_Project_D_e_Mukete",
        "type": "Special",
        "eps": "1",
        "members": "6,812",
        "ystart": "2003",
        "yend": "2003",
        "score": "7.51",
        "popularity_rank": "5329"
    },
    {
        "url": "https://myanimelist.net/anime/7651/Ningen_Shikkaku__Directors_Cut-ban",
        "type": "Movie",
        "eps": "1",
        "members": "6,732",
        "ystart": "2009",
        "yend": "2009",
        "score": "7.51",
        "popularity_rank": "5359"
    },
    {
        "url": "https://myanimelist.net/anime/35984/Mahou_Shoujo_Lyrical_Nanoha__Detonation",
        "type": "Movie",
        "eps": "1",
        "members": "5,750",
        "ystart": "2018",
        "yend": "2018",
        "score": "7.50",
        "popularity_rank": "5710"
    },
    {
        "url": "https://myanimelist.net/anime/2743/Mobile_Suit_Gundam_SEED__SEED_Supernova_-_Tanekyara_Gekijou",
        "type": "Special",
        "eps": "4",
        "members": "6,911",
        "ystart": "2007",
        "yend": "2007",
        "score": "7.47",
        "popularity_rank": "5308"
    },
    {
        "url": "https://myanimelist.net/anime/40372/Haikyuu_OVA",
        "type": "OVA",
        "eps": "10",
        "members": "5,710",
        "ystart": "2020",
        "yend": "2020",
        "score": "7.47",
        "popularity_rank": "5724"
    },
    {
        "url": "https://myanimelist.net/anime/2037/Hime-chan_no_Ribbon",
        "type": "TV",
        "eps": "61",
        "members": "6,084",
        "ystart": "1992",
        "yend": "1993",
        "score": "7.46",
        "popularity_rank": "5591"
    },
    {
        "url": "https://myanimelist.net/anime/2392/Doraemon_Movie_26__Nobita_no_Kyouryuu_2006",
        "type": "Movie",
        "eps": "1",
        "members": "5,737",
        "ystart": "2006",
        "yend": "2006",
        "score": "7.46",
        "popularity_rank": "5715"
    },
    {
        "url": "https://myanimelist.net/anime/37516/City_Hunter_Movie__Shinjuku_Private_Eyes",
        "type": "Movie",
        "eps": "1",
        "members": "6,659",
        "ystart": "2019",
        "yend": "2019",
        "score": "7.45",
        "popularity_rank": "5390"
    },
    {
        "url": "https://myanimelist.net/anime/2098/Shin_Kimagure_Orange\u2606Road__Soshite_Ano_Natsu_no_Hajimari",
        "type": "Movie",
        "eps": "1",
        "members": "6,421",
        "ystart": "1996",
        "yend": "1996",
        "score": "7.45",
        "popularity_rank": "5482"
    },
    {
        "url": "https://myanimelist.net/anime/32953/Koi_ni_Naritai_Aquarium",
        "type": "Music",
        "eps": "1",
        "members": "6,363",
        "ystart": "2016",
        "yend": "2016",
        "score": "7.45",
        "popularity_rank": "5494"
    },
    {
        "url": "https://myanimelist.net/anime/1651/Uchuu_Senkan_Yamato_2",
        "type": "TV",
        "eps": "26",
        "members": "6,019",
        "ystart": "1978",
        "yend": "1979",
        "score": "7.45",
        "popularity_rank": "5620"
    },
    {
        "url": "https://myanimelist.net/anime/1474/City_Hunter__Ai_to_Shukumei_no_Magnum",
        "type": "Movie",
        "eps": "1",
        "members": "5,447",
        "ystart": "1989",
        "yend": "1989",
        "score": "7.45",
        "popularity_rank": "5838"
    },
    {
        "url": "https://myanimelist.net/anime/2458/Kimagure_Orange\u2606Road_OVA",
        "type": "OVA",
        "eps": "8",
        "members": "5,412",
        "ystart": "1989",
        "yend": "1991",
        "score": "7.45",
        "popularity_rank": "5849"
    },
    {
        "url": "https://myanimelist.net/anime/1477/City_Hunter__The_Secret_Service",
        "type": "Special",
        "eps": "1",
        "members": "5,191",
        "ystart": "1996",
        "yend": "1996",
        "score": "7.45",
        "popularity_rank": "5930"
    },
    {
        "url": "https://myanimelist.net/anime/8217/Jewelpet_Twinkle\u2606",
        "type": "TV",
        "eps": "52",
        "members": "7,383",
        "ystart": "2010",
        "yend": "2011",
        "score": "7.44",
        "popularity_rank": "5151"
    },
    {
        "url": "https://myanimelist.net/anime/38357/Majimoji_Rurumo__Kanketsu-hen",
        "type": "OVA",
        "eps": "2",
        "members": "5,981",
        "ystart": "2019",
        "yend": "2019",
        "score": "7.44",
        "popularity_rank": "5633"
    },
    {
        "url": "https://myanimelist.net/anime/2548/Ai_no_Wakakusa_Monogatari",
        "type": "TV",
        "eps": "48",
        "members": "5,846",
        "ystart": "1987",
        "yend": "1987",
        "score": "7.44",
        "popularity_rank": "5675"
    },
    {
        "url": "https://myanimelist.net/anime/2014/Taiho_Shichau_zo__Second_Season",
        "type": "TV",
        "eps": "26",
        "members": "7,805",
        "ystart": "2001",
        "yend": "2001",
        "score": "7.43",
        "popularity_rank": "5044"
    },
    {
        "url": "https://myanimelist.net/anime/35645/Uta_no\u2606Prince-sama\u266a_Maji_Love_Kingdom_Movie",
        "type": "Movie",
        "eps": "1",
        "members": "7,346",
        "ystart": "2019",
        "yend": "2019",
        "score": "7.43",
        "popularity_rank": "5162"
    },
    {
        "url": "https://myanimelist.net/anime/38027/Free__Dive_to_the_Future_Episode_0",
        "type": "Special",
        "eps": "1",
        "members": "7,075",
        "ystart": "2018",
        "yend": "2018",
        "score": "7.43",
        "popularity_rank": "5243"
    },
    {
        "url": "https://myanimelist.net/anime/9124/Ookiku_Furikabutte__Natsu_no_Taikai-hen_\u2013_Mokuhyou",
        "type": "Special",
        "eps": "1",
        "members": "6,742",
        "ystart": "2010",
        "yend": "2010",
        "score": "7.43",
        "popularity_rank": "5353"
    },
    {
        "url": "https://myanimelist.net/anime/21075/Hetalia__The_Beautiful_World_Extra_Disc",
        "type": "OVA",
        "eps": "1",
        "members": "7,948",
        "ystart": "2014",
        "yend": "2014",
        "score": "7.42",
        "popularity_rank": "5007"
    },
    {
        "url": "https://myanimelist.net/anime/4312/Hokuto_no_Ken__Toki-den",
        "type": "OVA",
        "eps": "1",
        "members": "6,253",
        "ystart": "2008",
        "yend": "2008",
        "score": "7.42",
        "popularity_rank": "5530"
    },
    {
        "url": "https://myanimelist.net/anime/10765/Hikaru_no_Go__Sabaki_no_Ikkyoku_Inishie_no_Hana_yo_Sake",
        "type": "OVA",
        "eps": "1",
        "members": "5,742",
        "ystart": "2002",
        "yend": "2002",
        "score": "7.42",
        "popularity_rank": "5711"
    },
    {
        "url": "https://myanimelist.net/anime/11793/Tamayura__Hitotose_-_Attakai_Kaze_no_Omoide_Nanode",
        "type": "Special",
        "eps": "1",
        "members": "7,400",
        "ystart": "2012",
        "yend": "2012",
        "score": "7.41",
        "popularity_rank": "5146"
    },
    {
        "url": "https://myanimelist.net/anime/30790/Yowamushi_Pedal__Re_ROAD",
        "type": "Movie",
        "eps": "1",
        "members": "7,010",
        "ystart": "2015",
        "yend": "2015",
        "score": "7.41",
        "popularity_rank": "5269"
    },
    {
        "url": "https://myanimelist.net/anime/22693/Lady_Jewelpet",
        "type": "TV",
        "eps": "52",
        "members": "6,807",
        "ystart": "2014",
        "yend": "2015",
        "score": "7.41",
        "popularity_rank": "5330"
    },
    {
        "url": "https://myanimelist.net/anime/31997/Hetalia__The_World_Twinkle_Extra_Disc",
        "type": "OVA",
        "eps": "1",
        "members": "5,790",
        "ystart": "2016",
        "yend": "2016",
        "score": "7.41",
        "popularity_rank": "5693"
    },
    {
        "url": "https://myanimelist.net/anime/22819/Aikatsu_Movie",
        "type": "Movie",
        "eps": "1",
        "members": "5,446",
        "ystart": "2014",
        "yend": "2014",
        "score": "7.41",
        "popularity_rank": "5839"
    },
    {
        "url": "https://myanimelist.net/anime/3468/Maria-sama_ga_Miteru_Specials",
        "type": "Special",
        "eps": "7",
        "members": "7,857",
        "ystart": "2004",
        "yend": "2004",
        "score": "7.40",
        "popularity_rank": "5027"
    },
    {
        "url": "https://myanimelist.net/anime/13837/Detective_Conan_Bonus_File__Fantasista_Flower",
        "type": "OVA",
        "eps": "1",
        "members": "7,083",
        "ystart": "2012",
        "yend": "2012",
        "score": "7.40",
        "popularity_rank": "5241"
    },
    {
        "url": "https://myanimelist.net/anime/1419/Lupin_III__Kutabare_Nostradamus",
        "type": "Movie",
        "eps": "1",
        "members": "7,454",
        "ystart": "1995",
        "yend": "1995",
        "score": "7.39",
        "popularity_rank": "5135"
    },
    {
        "url": "https://myanimelist.net/anime/520/Marmalade_Boy_Movie",
        "type": "Movie",
        "eps": "1",
        "members": "7,966",
        "ystart": "1995",
        "yend": "1995",
        "score": "7.38",
        "popularity_rank": "5002"
    },
    {
        "url": "https://myanimelist.net/anime/1972/Meitantei_Holmes",
        "type": "TV",
        "eps": "26",
        "members": "7,725",
        "ystart": "1984",
        "yend": "1985",
        "score": "7.38",
        "popularity_rank": "5063"
    },
    {
        "url": "https://myanimelist.net/anime/1663/Haha_wo_Tazunete_Sanzenri",
        "type": "TV",
        "eps": "52",
        "members": "6,865",
        "ystart": "1976",
        "yend": "1976",
        "score": "7.38",
        "popularity_rank": "5317"
    },
    {
        "url": "https://myanimelist.net/anime/35424/Donten_ni_Warau_Gaiden__Shukumei_Soutou_no_Fuuma",
        "type": "Movie",
        "eps": "1",
        "members": "6,682",
        "ystart": "2018",
        "yend": "2018",
        "score": "7.38",
        "popularity_rank": "5380"
    },
    {
        "url": "https://myanimelist.net/anime/2013/Taiho_Shichau_zo_The_Movie",
        "type": "Movie",
        "eps": "1",
        "members": "6,186",
        "ystart": "1999",
        "yend": "1999",
        "score": "7.38",
        "popularity_rank": "5552"
    },
    {
        "url": "https://myanimelist.net/anime/959/Shin_Chou_Kyou_Ryo__Condor_Hero",
        "type": "TV",
        "eps": "26",
        "members": "7,197",
        "ystart": "2001",
        "yend": "2002",
        "score": "7.37",
        "popularity_rank": "5209"
    },
    {
        "url": "https://myanimelist.net/anime/1203/Nitaboh",
        "type": "Movie",
        "eps": "1",
        "members": "6,959",
        "ystart": "2004",
        "yend": "2004",
        "score": "7.37",
        "popularity_rank": "5286"
    },
    {
        "url": "https://myanimelist.net/anime/506/Glass_no_Kamen",
        "type": "TV",
        "eps": "23",
        "members": "6,614",
        "ystart": "1984",
        "yend": "1984",
        "score": "7.37",
        "popularity_rank": "5407"
    },
    {
        "url": "https://myanimelist.net/anime/7972/Chis_Sweet_Home__Chi_to_Kocchi_Deau",
        "type": "OVA",
        "eps": "1",
        "members": "6,175",
        "ystart": "2010",
        "yend": "2010",
        "score": "7.37",
        "popularity_rank": "5560"
    },
    {
        "url": "https://myanimelist.net/anime/10531/Detective_Conan_Magic_File_5__Niigata_-_Tokyo_Omiyage_Capriccio",
        "type": "OVA",
        "eps": "1",
        "members": "7,699",
        "ystart": "2011",
        "yend": "2011",
        "score": "7.36",
        "popularity_rank": "5069"
    },
    {
        "url": "https://myanimelist.net/anime/10804/Ikoku_Meiro_no_Crois\u00e9e_The_Animation__Ongakkai_R\u00e9cital",
        "type": "Special",
        "eps": "1",
        "members": "7,382",
        "ystart": "2011",
        "yend": "2011",
        "score": "7.36",
        "popularity_rank": "5152"
    },
    {
        "url": "https://myanimelist.net/anime/2978/Shin_Getter_Robo",
        "type": "OVA",
        "eps": "13",
        "members": "7,289",
        "ystart": "2004",
        "yend": "2004",
        "score": "7.36",
        "popularity_rank": "5180"
    },
    {
        "url": "https://myanimelist.net/anime/3469/Maria-sama_ga_Miteru__Haru_Specials",
        "type": "Special",
        "eps": "6",
        "members": "7,134",
        "ystart": "2004",
        "yend": "2005",
        "score": "7.36",
        "popularity_rank": "5227"
    },
    {
        "url": "https://myanimelist.net/anime/41061/Heya_Camp\u25b3__Sauna_to_Gohan_to_Sanrin_Bike",
        "type": "Special",
        "eps": "1",
        "members": "6,556",
        "ystart": "2020",
        "yend": "2020",
        "score": "7.36",
        "popularity_rank": "5435"
    },
    {
        "url": "https://myanimelist.net/anime/2954/Maria-sama_ga_Miteru_3rd_Specials",
        "type": "Special",
        "eps": "5",
        "members": "6,197",
        "ystart": "2006",
        "yend": "2007",
        "score": "7.36",
        "popularity_rank": "5548"
    },
    {
        "url": "https://myanimelist.net/anime/1655/Nerima_Daikon_Brothers",
        "type": "TV",
        "eps": "12",
        "members": "7,268",
        "ystart": "2006",
        "yend": "2006",
        "score": "7.35",
        "popularity_rank": "5188"
    },
    {
        "url": "https://myanimelist.net/anime/1081/Space_Pirate_Captain_Herlock__Outside_Legend_-_The_Endless_Odyssey",
        "type": "OVA",
        "eps": "13",
        "members": "5,771",
        "ystart": "2002",
        "yend": "2003",
        "score": "7.35",
        "popularity_rank": "5701"
    },
    {
        "url": "https://myanimelist.net/anime/1439/Lupin_III__Walther_P38",
        "type": "Special",
        "eps": "1",
        "members": "5,451",
        "ystart": "1997",
        "yend": "1997",
        "score": "7.35",
        "popularity_rank": "5836"
    },
    {
        "url": "https://myanimelist.net/anime/33106/Love_Live_\u03bcs_Final_Love_Live_Opening_Animation",
        "type": "Special",
        "eps": "1",
        "members": "5,150",
        "ystart": "2016",
        "yend": "2016",
        "score": "7.35",
        "popularity_rank": "5953"
    },
    {
        "url": "https://myanimelist.net/anime/38866/Seikatsu_Shuukan_The_Animation",
        "type": "OVA",
        "eps": "2",
        "members": "6,272",
        "ystart": "2019",
        "yend": "2019",
        "score": "7.34",
        "popularity_rank": "5524"
    },
    {
        "url": "https://myanimelist.net/anime/2817/Cinderella_Monogatari",
        "type": "TV",
        "eps": "26",
        "members": "5,638",
        "ystart": "1996",
        "yend": "1996",
        "score": "7.34",
        "popularity_rank": "5760"
    },
    {
        "url": "https://myanimelist.net/anime/653/Galaxy_Angel_3",
        "type": "TV",
        "eps": "26",
        "members": "7,787",
        "ystart": "2002",
        "yend": "2003",
        "score": "7.33",
        "popularity_rank": "5050"
    },
    {
        "url": "https://myanimelist.net/anime/1064/Mazinkaiser",
        "type": "OVA",
        "eps": "7",
        "members": "7,647",
        "ystart": "2001",
        "yend": "2002",
        "score": "7.33",
        "popularity_rank": "5082"
    },
    {
        "url": "https://myanimelist.net/anime/40323/Gintama__Monster_Strike-hen",
        "type": "ONA",
        "eps": "2",
        "members": "7,399",
        "ystart": "2019",
        "yend": "2019",
        "score": "7.33",
        "popularity_rank": "5147"
    },
    {
        "url": "https://myanimelist.net/anime/32174/The_iDOLMSTER_Cinderella_Girls__Anytime_Anywhere_with_Cinderella",
        "type": "Special",
        "eps": "1",
        "members": "6,446",
        "ystart": "2016",
        "yend": "2016",
        "score": "7.33",
        "popularity_rank": "5476"
    },
    {
        "url": "https://myanimelist.net/anime/31158/Hetalia__The_World_Twinkle_Specials",
        "type": "Special",
        "eps": "3",
        "members": "5,671",
        "ystart": "2015",
        "yend": "2015",
        "score": "7.33",
        "popularity_rank": "5740"
    },
    {
        "url": "https://myanimelist.net/anime/34388/Shikkoku_no_Shaga_The_Animation",
        "type": "OVA",
        "eps": "3",
        "members": "7,467",
        "ystart": "2017",
        "yend": "2019",
        "score": "7.31",
        "popularity_rank": "5130"
    },
    {
        "url": "https://myanimelist.net/anime/34611/Answer_2016",
        "type": "Music",
        "eps": "1",
        "members": "5,718",
        "ystart": "2016",
        "yend": "2016",
        "score": "7.31",
        "popularity_rank": "5722"
    },
    {
        "url": "https://myanimelist.net/anime/2407/Keroro_Gunsou_Movie_1",
        "type": "Movie",
        "eps": "1",
        "members": "5,076",
        "ystart": "2006",
        "yend": "2006",
        "score": "7.31",
        "popularity_rank": "5988"
    },
    {
        "url": "https://myanimelist.net/anime/10628/Mahou_Sensei_Negima__Mou_Hitotsu_no_Sekai_Extra_-_Mahou_Shoujo_Yue\u2665",
        "type": "OVA",
        "eps": "1",
        "members": "7,932",
        "ystart": "2010",
        "yend": "2010",
        "score": "7.30",
        "popularity_rank": "5012"
    },
    {
        "url": "https://myanimelist.net/anime/1302/Sayonara_Ginga_Tetsudou_999__Andromeda_Shuuchakueki",
        "type": "Movie",
        "eps": "1",
        "members": "6,637",
        "ystart": "1981",
        "yend": "1981",
        "score": "7.30",
        "popularity_rank": "5400"
    },
    {
        "url": "https://myanimelist.net/anime/34238/Osomatsu-san__Ouma_de_Kobanashi",
        "type": "Special",
        "eps": "1",
        "members": "7,274",
        "ystart": "2016",
        "yend": "2016",
        "score": "7.29",
        "popularity_rank": "5184"
    },
    {
        "url": "https://myanimelist.net/anime/844/Konjiki_no_Gash_Bell__101_Banme_no_Mamono",
        "type": "Movie",
        "eps": "1",
        "members": "6,506",
        "ystart": "2004",
        "yend": "2004",
        "score": "7.29",
        "popularity_rank": "5452"
    },
    {
        "url": "https://myanimelist.net/anime/2286/Little_Nemo",
        "type": "Movie",
        "eps": "1",
        "members": "7,487",
        "ystart": "1989",
        "yend": "1989",
        "score": "7.28",
        "popularity_rank": "5127"
    },
    {
        "url": "https://myanimelist.net/anime/3009/Tiger_Mask",
        "type": "TV",
        "eps": "105",
        "members": "7,173",
        "ystart": "1969",
        "yend": "1971",
        "score": "7.28",
        "popularity_rank": "5213"
    },
    {
        "url": "https://myanimelist.net/anime/386/H2",
        "type": "TV",
        "eps": "41",
        "members": "7,151",
        "ystart": "1995",
        "yend": "1996",
        "score": "7.28",
        "popularity_rank": "5220"
    },
    {
        "url": "https://myanimelist.net/anime/1432/Lupin_III__Fuuma_Ichizoku_no_Inbou",
        "type": "Movie",
        "eps": "1",
        "members": "6,992",
        "ystart": "1987",
        "yend": "1987",
        "score": "7.28",
        "popularity_rank": "5274"
    },
    {
        "url": "https://myanimelist.net/anime/10483/Sengoku_Basara_Two__Ryuko_Itadaki_no_Chikai_Atsuki_Mirai_e_Kakeru_Tamashii",
        "type": "Special",
        "eps": "1",
        "members": "6,456",
        "ystart": "2011",
        "yend": "2011",
        "score": "7.28",
        "popularity_rank": "5470"
    },
    {
        "url": "https://myanimelist.net/anime/31780/Kimi_no_Kokoro_wa_Kagayaiteru_kai",
        "type": "Music",
        "eps": "1",
        "members": "7,493",
        "ystart": "2015",
        "yend": "2015",
        "score": "7.27",
        "popularity_rank": "5124"
    },
    {
        "url": "https://myanimelist.net/anime/36737/Real_Eroge_Situation_The_Animation",
        "type": "OVA",
        "eps": "2",
        "members": "6,394",
        "ystart": "2018",
        "yend": "2018",
        "score": "7.27",
        "popularity_rank": "5487"
    },
    {
        "url": "https://myanimelist.net/anime/9241/Super_Robot_Taisen_OG__The_Inspector",
        "type": "TV",
        "eps": "26",
        "members": "7,735",
        "ystart": "2010",
        "yend": "2011",
        "score": "7.26",
        "popularity_rank": "5060"
    },
    {
        "url": "https://myanimelist.net/anime/1168/Musekinin_Kanchou_Tylor_OVA",
        "type": "OVA",
        "eps": "10",
        "members": "7,154",
        "ystart": "1994",
        "yend": "1996",
        "score": "7.26",
        "popularity_rank": "5217"
    },
    {
        "url": "https://myanimelist.net/anime/30702/Victorian_Maid_Maria_no_Houshi",
        "type": "OVA",
        "eps": "1",
        "members": "6,960",
        "ystart": "2015",
        "yend": "2015",
        "score": "7.26",
        "popularity_rank": "5285"
    },
    {
        "url": "https://myanimelist.net/anime/2383/Cybersix",
        "type": "TV",
        "eps": "13",
        "members": "6,273",
        "ystart": "1999",
        "yend": "1999",
        "score": "7.26",
        "popularity_rank": "5521"
    },
    {
        "url": "https://myanimelist.net/anime/35327/Hiyoko_no_Basket_Movie__Last_Game_0401",
        "type": "ONA",
        "eps": "1",
        "members": "6,192",
        "ystart": "2017",
        "yend": "2017",
        "score": "7.26",
        "popularity_rank": "5550"
    },
    {
        "url": "https://myanimelist.net/anime/36775/Wo_Shi_Jiang_Xiaobai",
        "type": "ONA",
        "eps": "12",
        "members": "5,663",
        "ystart": "2017",
        "yend": "2018",
        "score": "7.26",
        "popularity_rank": "5745"
    },
    {
        "url": "https://myanimelist.net/anime/16474/Soushisouai_Note_The_Animation",
        "type": "OVA",
        "eps": "2",
        "members": "7,084",
        "ystart": "2013",
        "yend": "2013",
        "score": "7.25",
        "popularity_rank": "5239"
    },
    {
        "url": "https://myanimelist.net/anime/13931/Bishoujo_Senshi_Sailor_Moon__Sailor_Stars_-_Hero_Club",
        "type": "OVA",
        "eps": "3",
        "members": "6,847",
        "ystart": "1996",
        "yend": "1997",
        "score": "7.25",
        "popularity_rank": "5321"
    },
    {
        "url": "https://myanimelist.net/anime/35949/Mobile_Suit_Gundam_Thunderbolt__Bandit_Flower",
        "type": "Movie",
        "eps": "1",
        "members": "6,777",
        "ystart": "2017",
        "yend": "2017",
        "score": "7.25",
        "popularity_rank": "5340"
    },
    {
        "url": "https://myanimelist.net/anime/2141/Oseam",
        "type": "Movie",
        "eps": "1",
        "members": "5,257",
        "ystart": "2003",
        "yend": "2003",
        "score": "7.25",
        "popularity_rank": "5905"
    },
    {
        "url": "https://myanimelist.net/anime/33074/Lupin_III_2015_Specials",
        "type": "Special",
        "eps": "2",
        "members": "5,105",
        "ystart": "2015",
        "yend": "2015",
        "score": "7.25",
        "popularity_rank": "5969"
    },
    {
        "url": "https://myanimelist.net/anime/30829/30-pun_de_Wakaru_Kore_made_no_Love_Live",
        "type": "ONA",
        "eps": "2",
        "members": "7,810",
        "ystart": "2015",
        "yend": "2015",
        "score": "7.24",
        "popularity_rank": "5041"
    },
    {
        "url": "https://myanimelist.net/anime/33231/Fella_Hame_Lips",
        "type": "OVA",
        "eps": "2",
        "members": "7,559",
        "ystart": "2016",
        "yend": "2016",
        "score": "7.24",
        "popularity_rank": "5111"
    },
    {
        "url": "https://myanimelist.net/anime/3272/Kinnikuman",
        "type": "TV",
        "eps": "137",
        "members": "7,462",
        "ystart": "1983",
        "yend": "1986",
        "score": "7.24",
        "popularity_rank": "5134"
    },
    {
        "url": "https://myanimelist.net/anime/10334/Rurouni_Kenshin_Recap",
        "type": "Special",
        "eps": "1",
        "members": "6,919",
        "ystart": "1997",
        "yend": "1997",
        "score": "7.24",
        "popularity_rank": "5302"
    },
    {
        "url": "https://myanimelist.net/anime/655/Galaxy_Angel_4",
        "type": "TV",
        "eps": "13",
        "members": "6,446",
        "ystart": "2004",
        "yend": "2004",
        "score": "7.24",
        "popularity_rank": "5475"
    },
    {
        "url": "https://myanimelist.net/anime/39487/Lupin_the_IIIrd__Mine_Fujiko_no_Uso",
        "type": "Movie",
        "eps": "1",
        "members": "6,255",
        "ystart": "2019",
        "yend": "2019",
        "score": "7.24",
        "popularity_rank": "5528"
    },
    {
        "url": "https://myanimelist.net/anime/37233/Muttsuri_Dosukebe_Tsuyu_Gibo_Shimai_no_Honshitsu_Minuite_Sex_Sanmai",
        "type": "OVA",
        "eps": "2",
        "members": "6,111",
        "ystart": "2018",
        "yend": "2018",
        "score": "7.24",
        "popularity_rank": "5581"
    },
    {
        "url": "https://myanimelist.net/anime/7745/Zettai_Karen_Children_OVA__Aitazousei_Ubawareta_Mirai",
        "type": "OVA",
        "eps": "1",
        "members": "5,790",
        "ystart": "2010",
        "yend": "2010",
        "score": "7.24",
        "popularity_rank": "5692"
    },
    {
        "url": "https://myanimelist.net/anime/24429/Daze",
        "type": "Music",
        "eps": "1",
        "members": "5,392",
        "ystart": "2014",
        "yend": "2014",
        "score": "7.24",
        "popularity_rank": "5856"
    },
    {
        "url": "https://myanimelist.net/anime/21073/Puchimas__Petit_Petit_iDOLMSTER",
        "type": "ONA",
        "eps": "74",
        "members": "7,337",
        "ystart": "2014",
        "yend": "2014",
        "score": "7.23",
        "popularity_rank": "5165"
    },
    {
        "url": "https://myanimelist.net/anime/38578/Star\u2606Twinkle_Precure",
        "type": "TV",
        "eps": "49",
        "members": "5,955",
        "ystart": "2019",
        "yend": "2020",
        "score": "7.23",
        "popularity_rank": "5637"
    },
    {
        "url": "https://myanimelist.net/anime/2486/Rumiko_Takahashi_Anthology",
        "type": "TV",
        "eps": "13",
        "members": "5,290",
        "ystart": "2003",
        "yend": "2003",
        "score": "7.23",
        "popularity_rank": "5896"
    },
    {
        "url": "https://myanimelist.net/anime/1437/Lupin_III__Honoo_no_Kioku_-_Tokyo_Crisis",
        "type": "Special",
        "eps": "1",
        "members": "5,158",
        "ystart": "1998",
        "yend": "1998",
        "score": "7.23",
        "popularity_rank": "5948"
    },
    {
        "url": "https://myanimelist.net/anime/29083/Lovely_x_Cation_The_Animation",
        "type": "OVA",
        "eps": "2",
        "members": "7,565",
        "ystart": "2015",
        "yend": "2015",
        "score": "7.22",
        "popularity_rank": "5109"
    },
    {
        "url": "https://myanimelist.net/anime/1196/Masuda_Kousuke_Gekijou_Gag_Manga_Biyori",
        "type": "TV",
        "eps": "12",
        "members": "7,563",
        "ystart": "2005",
        "yend": "2005",
        "score": "7.22",
        "popularity_rank": "5110"
    },
    {
        "url": "https://myanimelist.net/anime/3000/Taiho_Shichau_zo__Full_Throttle",
        "type": "TV",
        "eps": "23",
        "members": "7,350",
        "ystart": "2007",
        "yend": "2008",
        "score": "7.22",
        "popularity_rank": "5160"
    },
    {
        "url": "https://myanimelist.net/anime/20377/Dorei_Usagi_to_Anthony_The_Animation",
        "type": "OVA",
        "eps": "1",
        "members": "7,228",
        "ystart": "2013",
        "yend": "2013",
        "score": "7.22",
        "popularity_rank": "5201"
    },
    {
        "url": "https://myanimelist.net/anime/30419/Wake_Up_Girls_Beyond_the_Bottom",
        "type": "Movie",
        "eps": "1",
        "members": "6,431",
        "ystart": "2015",
        "yend": "2015",
        "score": "7.22",
        "popularity_rank": "5480"
    },
    {
        "url": "https://myanimelist.net/anime/3125/Tokimeki_Tonight",
        "type": "TV",
        "eps": "34",
        "members": "6,066",
        "ystart": "1982",
        "yend": "1983",
        "score": "7.22",
        "popularity_rank": "5596"
    },
    {
        "url": "https://myanimelist.net/anime/1206/Ihatov_Gensou__Kenji_no_Haru",
        "type": "Movie",
        "eps": "1",
        "members": "5,784",
        "ystart": "1996",
        "yend": "1996",
        "score": "7.22",
        "popularity_rank": "5694"
    },
    {
        "url": "https://myanimelist.net/anime/5351/Mobile_Suit_Gundam_00__Tenshitachi_no_Kiseki",
        "type": "Special",
        "eps": "1",
        "members": "6,077",
        "ystart": "2008",
        "yend": "2008",
        "score": "7.21",
        "popularity_rank": "5594"
    },
    {
        "url": "https://myanimelist.net/anime/33505/Tsumamigui_3_The_Animation",
        "type": "OVA",
        "eps": "2",
        "members": "6,387",
        "ystart": "2016",
        "yend": "2017",
        "score": "7.20",
        "popularity_rank": "5489"
    },
    {
        "url": "https://myanimelist.net/anime/33981/Pretty_x_Cation_2_The_Animation",
        "type": "OVA",
        "eps": "2",
        "members": "5,540",
        "ystart": "2016",
        "yend": "2017",
        "score": "7.20",
        "popularity_rank": "5808"
    },
    {
        "url": "https://myanimelist.net/anime/1416/Lupin_III__Dead_or_Alive",
        "type": "Movie",
        "eps": "1",
        "members": "7,654",
        "ystart": "1996",
        "yend": "1996",
        "score": "7.19",
        "popularity_rank": "5080"
    },
    {
        "url": "https://myanimelist.net/anime/35982/Gundam_Build_Fighters__GM_no_Gyakushuu",
        "type": "ONA",
        "eps": "1",
        "members": "6,252",
        "ystart": "2017",
        "yend": "2017",
        "score": "7.19",
        "popularity_rank": "5531"
    },
    {
        "url": "https://myanimelist.net/anime/2542/Lady_Georgie",
        "type": "TV",
        "eps": "45",
        "members": "6,913",
        "ystart": "1983",
        "yend": "1984",
        "score": "7.18",
        "popularity_rank": "5305"
    },
    {
        "url": "https://myanimelist.net/anime/35512/Honoo_no_Haramase_Oppai__Ero_Appli_Gakuen_The_Animation",
        "type": "OVA",
        "eps": "2",
        "members": "6,819",
        "ystart": "2017",
        "yend": "2018",
        "score": "7.18",
        "popularity_rank": "5328"
    },
    {
        "url": "https://myanimelist.net/anime/4690/Cyborg_009_1979",
        "type": "TV",
        "eps": "50",
        "members": "6,597",
        "ystart": "1979",
        "yend": "1980",
        "score": "7.18",
        "popularity_rank": "5414"
    },
    {
        "url": "https://myanimelist.net/anime/22419/Acchi_Kocchi",
        "type": "Movie",
        "eps": "1",
        "members": "6,474",
        "ystart": "1962",
        "yend": "1962",
        "score": "7.18",
        "popularity_rank": "5461"
    },
    {
        "url": "https://myanimelist.net/anime/6713/Ranma_\u00bd__Nettou_Uta_Gassen",
        "type": "OVA",
        "eps": "2",
        "members": "5,290",
        "ystart": "1990",
        "yend": "1990",
        "score": "7.18",
        "popularity_rank": "5895"
    },
    {
        "url": "https://myanimelist.net/anime/613/Onmyou_Taisenki",
        "type": "TV",
        "eps": "52",
        "members": "5,097",
        "ystart": "2004",
        "yend": "2005",
        "score": "7.18",
        "popularity_rank": "5973"
    },
    {
        "url": "https://myanimelist.net/anime/37204/Aikatsu_Friends",
        "type": "TV",
        "eps": "50",
        "members": "7,578",
        "ystart": "2018",
        "yend": "2019",
        "score": "7.17",
        "popularity_rank": "5104"
    },
    {
        "url": "https://myanimelist.net/anime/6153/Saint_Seiya_Recap",
        "type": "Special",
        "eps": "1",
        "members": "5,606",
        "ystart": "2003",
        "yend": "2003",
        "score": "7.17",
        "popularity_rank": "5779"
    },
    {
        "url": "https://myanimelist.net/anime/28841/Wake_Up_Girls_Seishun_no_Kage",
        "type": "Movie",
        "eps": "1",
        "members": "7,492",
        "ystart": "2015",
        "yend": "2015",
        "score": "7.16",
        "popularity_rank": "5125"
    },
    {
        "url": "https://myanimelist.net/anime/6169/Tenjoubito_to_Akutobito_Saigo_no_Tatakai",
        "type": "Movie",
        "eps": "1",
        "members": "6,912",
        "ystart": "2009",
        "yend": "2009",
        "score": "7.16",
        "popularity_rank": "5306"
    },
    {
        "url": "https://myanimelist.net/anime/33033/Starmyu_OVA",
        "type": "OVA",
        "eps": "2",
        "members": "5,918",
        "ystart": "2016",
        "yend": "2016",
        "score": "7.16",
        "popularity_rank": "5651"
    },
    {
        "url": "https://myanimelist.net/anime/6999/Tennis_no_Ouji-sama__Another_Story_-_Kako_to_Mirai_no_Message_Specials",
        "type": "Special",
        "eps": "2",
        "members": "5,393",
        "ystart": "2009",
        "yend": "2009",
        "score": "7.16",
        "popularity_rank": "5855"
    },
    {
        "url": "https://myanimelist.net/anime/1124/Seikai_no_Danshou__Tanjou",
        "type": "Special",
        "eps": "1",
        "members": "7,090",
        "ystart": "2000",
        "yend": "2000",
        "score": "7.15",
        "popularity_rank": "5238"
    },
    {
        "url": "https://myanimelist.net/anime/36256/Katainaka_ni_Totsuidekita_\u25cb-ssia_Musume_to_H_Shimakuru_Ohanashi",
        "type": "OVA",
        "eps": "4",
        "members": "6,836",
        "ystart": "2017",
        "yend": "2018",
        "score": "7.15",
        "popularity_rank": "5325"
    },
    {
        "url": "https://myanimelist.net/anime/30547/Touhou_Niji_Sousaku_Doujin_Anime__Musou_Kakyou_Special",
        "type": "OVA",
        "eps": "1",
        "members": "6,319",
        "ystart": "2014",
        "yend": "2014",
        "score": "7.15",
        "popularity_rank": "5508"
    },
    {
        "url": "https://myanimelist.net/anime/39972/Mayonaka_no_Occult_Koumuin__Hitoribocchi_no_Kyuuketsuki",
        "type": "OVA",
        "eps": "2",
        "members": "5,781",
        "ystart": "2019",
        "yend": "2019",
        "score": "7.15",
        "popularity_rank": "5696"
    },
    {
        "url": "https://myanimelist.net/anime/1312/Chikyuu_Bouei_Kigyou_Dai-Guard",
        "type": "TV",
        "eps": "26",
        "members": "7,128",
        "ystart": "1999",
        "yend": "2000",
        "score": "7.14",
        "popularity_rank": "5228"
    },
    {
        "url": "https://myanimelist.net/anime/3692/Yes_Precure_5_GoGo",
        "type": "TV",
        "eps": "48",
        "members": "6,657",
        "ystart": "2008",
        "yend": "2009",
        "score": "7.14",
        "popularity_rank": "5393"
    },
    {
        "url": "https://myanimelist.net/anime/2543/Robin_Hood_no_Daibouken",
        "type": "TV",
        "eps": "52",
        "members": "6,184",
        "ystart": "1990",
        "yend": "1992",
        "score": "7.14",
        "popularity_rank": "5555"
    },
    {
        "url": "https://myanimelist.net/anime/3027/Hokuto_no_Ken__Yuria-den",
        "type": "OVA",
        "eps": "1",
        "members": "6,390",
        "ystart": "2007",
        "yend": "2007",
        "score": "7.13",
        "popularity_rank": "5488"
    },
    {
        "url": "https://myanimelist.net/anime/5983/Higepiyo",
        "type": "TV",
        "eps": "39",
        "members": "5,222",
        "ystart": "2009",
        "yend": "2010",
        "score": "7.13",
        "popularity_rank": "5920"
    },
    {
        "url": "https://myanimelist.net/anime/2335/Kenyuu_Densetsu_Yaiba",
        "type": "TV",
        "eps": "52",
        "members": "7,120",
        "ystart": "1993",
        "yend": "1994",
        "score": "7.12",
        "popularity_rank": "5230"
    },
    {
        "url": "https://myanimelist.net/anime/1371/Hi_no_Tori",
        "type": "TV",
        "eps": "13",
        "members": "6,682",
        "ystart": "2004",
        "yend": "2004",
        "score": "7.12",
        "popularity_rank": "5379"
    },
    {
        "url": "https://myanimelist.net/anime/2452/Space_Adventure_Cobra",
        "type": "Movie",
        "eps": "1",
        "members": "6,663",
        "ystart": "1982",
        "yend": "1982",
        "score": "7.12",
        "popularity_rank": "5388"
    },
    {
        "url": "https://myanimelist.net/anime/2048/Kikou_Ryohei_Mellowlink",
        "type": "OVA",
        "eps": "12",
        "members": "6,223",
        "ystart": "1988",
        "yend": "1989",
        "score": "7.12",
        "popularity_rank": "5539"
    },
    {
        "url": "https://myanimelist.net/anime/29807/Honoo_no_Haramase_Paidol_My\u2605Star_Gakuen_Z_The_Animation",
        "type": "OVA",
        "eps": "1",
        "members": "5,373",
        "ystart": "2015",
        "yend": "2015",
        "score": "7.12",
        "popularity_rank": "5864"
    },
    {
        "url": "https://myanimelist.net/anime/1413/Lupin_III__Alcatraz_Connection",
        "type": "Special",
        "eps": "1",
        "members": "5,247",
        "ystart": "2001",
        "yend": "2001",
        "score": "7.12",
        "popularity_rank": "5912"
    },
    {
        "url": "https://myanimelist.net/anime/1901/11-nin_Iru",
        "type": "Movie",
        "eps": "1",
        "members": "7,687",
        "ystart": "1986",
        "yend": "1986",
        "score": "7.11",
        "popularity_rank": "5074"
    },
    {
        "url": "https://myanimelist.net/anime/2109/RockmanEXE_Stream",
        "type": "TV",
        "eps": "51",
        "members": "7,019",
        "ystart": "2004",
        "yend": "2005",
        "score": "7.11",
        "popularity_rank": "5260"
    },
    {
        "url": "https://myanimelist.net/anime/961/Virtua_Fighter",
        "type": "TV",
        "eps": "35",
        "members": "6,994",
        "ystart": "1995",
        "yend": "1996",
        "score": "7.11",
        "popularity_rank": "5273"
    },
    {
        "url": "https://myanimelist.net/anime/3670/Kikou_Souseiki_Mospeada",
        "type": "TV",
        "eps": "25",
        "members": "6,733",
        "ystart": "1983",
        "yend": "1984",
        "score": "7.11",
        "popularity_rank": "5357"
    },
    {
        "url": "https://myanimelist.net/anime/17717/Mobile_Suit_Gundam__The_08th_MS_Team_-_A_Battle_with_the_Third_Dimension",
        "type": "Special",
        "eps": "1",
        "members": "6,714",
        "ystart": "2013",
        "yend": "2013",
        "score": "7.11",
        "popularity_rank": "5366"
    },
    {
        "url": "https://myanimelist.net/anime/8909/Tales_of_Symphonia_The_Animation__Tethealla-hen_Specials",
        "type": "Special",
        "eps": "4",
        "members": "6,641",
        "ystart": "2010",
        "yend": "2011",
        "score": "7.11",
        "popularity_rank": "5398"
    },
    {
        "url": "https://myanimelist.net/anime/3219/Gakuen_Utopia_Manabi_Straight__Natsu_da_Manabi_da_Kyouka_Gasshuku_da",
        "type": "Special",
        "eps": "1",
        "members": "5,929",
        "ystart": "2007",
        "yend": "2007",
        "score": "7.11",
        "popularity_rank": "5645"
    },
    {
        "url": "https://myanimelist.net/anime/2907/Cyborg_Kuro-chan",
        "type": "TV",
        "eps": "66",
        "members": "5,609",
        "ystart": "1999",
        "yend": "2001",
        "score": "7.11",
        "popularity_rank": "5777"
    },
    {
        "url": "https://myanimelist.net/anime/38034/Tiny_Evil",
        "type": "OVA",
        "eps": "4",
        "members": "7,851",
        "ystart": "2018",
        "yend": "2019",
        "score": "7.10",
        "popularity_rank": "5029"
    },
    {
        "url": "https://myanimelist.net/anime/6379/Kyou_no_5_no_2_TV__Takarabako",
        "type": "OVA",
        "eps": "1",
        "members": "7,348",
        "ystart": "2009",
        "yend": "2009",
        "score": "7.10",
        "popularity_rank": "5161"
    },
    {
        "url": "https://myanimelist.net/anime/32620/Koinaka__Koinaka_de_Hatsukoi_x_Nakadashi_Sexual_Life_The_Animation",
        "type": "OVA",
        "eps": "1",
        "members": "7,276",
        "ystart": "2016",
        "yend": "2016",
        "score": "7.10",
        "popularity_rank": "5183"
    },
    {
        "url": "https://myanimelist.net/anime/4763/Tsuma_Shibori",
        "type": "OVA",
        "eps": "2",
        "members": "7,095",
        "ystart": "2008",
        "yend": "2008",
        "score": "7.10",
        "popularity_rank": "5234"
    },
    {
        "url": "https://myanimelist.net/anime/629/Mahoutsukai_Tai",
        "type": "OVA",
        "eps": "6",
        "members": "6,739",
        "ystart": "1996",
        "yend": "1997",
        "score": "7.10",
        "popularity_rank": "5355"
    },
    {
        "url": "https://myanimelist.net/anime/5032/Cobra_The_Animation",
        "type": "TV",
        "eps": "13",
        "members": "6,611",
        "ystart": "2010",
        "yend": "2010",
        "score": "7.10",
        "popularity_rank": "5409"
    },
    {
        "url": "https://myanimelist.net/anime/7654/Tokyo_Magnitude_80_Recap",
        "type": "Special",
        "eps": "1",
        "members": "6,472",
        "ystart": "2009",
        "yend": "2009",
        "score": "7.10",
        "popularity_rank": "5463"
    },
    {
        "url": "https://myanimelist.net/anime/2110/RockmanEXE_Beast",
        "type": "TV",
        "eps": "25",
        "members": "6,240",
        "ystart": "2005",
        "yend": "2006",
        "score": "7.10",
        "popularity_rank": "5534"
    },
    {
        "url": "https://myanimelist.net/anime/7066/Mahoromatic__Tadaima_Okaeri",
        "type": "Special",
        "eps": "2",
        "members": "7,812",
        "ystart": "2009",
        "yend": "2009",
        "score": "7.09",
        "popularity_rank": "5039"
    },
    {
        "url": "https://myanimelist.net/anime/1920/Urusei_Yatsura_Movie_1__Only_You",
        "type": "Movie",
        "eps": "1",
        "members": "6,697",
        "ystart": "1983",
        "yend": "1983",
        "score": "7.09",
        "popularity_rank": "5372"
    },
    {
        "url": "https://myanimelist.net/anime/24171/Mushibugyou_OVA",
        "type": "OVA",
        "eps": "3",
        "members": "6,181",
        "ystart": "2014",
        "yend": "2015",
        "score": "7.09",
        "popularity_rank": "5556"
    },
    {
        "url": "https://myanimelist.net/anime/6463/Hoshi_wo_Katta_Hi",
        "type": "Movie",
        "eps": "1",
        "members": "5,596",
        "ystart": "2006",
        "yend": "2006",
        "score": "7.09",
        "popularity_rank": "5782"
    },
    {
        "url": "https://myanimelist.net/anime/1417/Lupin_III__Moeyo_Zantetsuken",
        "type": "Special",
        "eps": "1",
        "members": "5,581",
        "ystart": "1994",
        "yend": "1994",
        "score": "7.09",
        "popularity_rank": "5788"
    },
    {
        "url": "https://myanimelist.net/anime/911/Konjiki_no_Gash_Bell__Mecha_Vulkan_no_Raishuu",
        "type": "Movie",
        "eps": "1",
        "members": "5,280",
        "ystart": "2005",
        "yend": "2005",
        "score": "7.09",
        "popularity_rank": "5900"
    },
    {
        "url": "https://myanimelist.net/anime/1179/Gakuen_Senki_Muryou",
        "type": "TV",
        "eps": "26",
        "members": "5,207",
        "ystart": "2001",
        "yend": "2001",
        "score": "7.09",
        "popularity_rank": "5925"
    },
    {
        "url": "https://myanimelist.net/anime/30825/Gakkou_no_Kaidan__Kubinashi_Rider_Shi_no_Noroi",
        "type": "Special",
        "eps": "1",
        "members": "7,940",
        "ystart": "2001",
        "yend": "2001",
        "score": "7.08",
        "popularity_rank": "5010"
    },
    {
        "url": "https://myanimelist.net/anime/15785/Inazuma_Eleven_Go_vs_Danball_Senki_W_Movie",
        "type": "Movie",
        "eps": "1",
        "members": "7,783",
        "ystart": "2012",
        "yend": "2012",
        "score": "7.08",
        "popularity_rank": "5052"
    },
    {
        "url": "https://myanimelist.net/anime/30290/Fw_Hamatora",
        "type": "Movie",
        "eps": "1",
        "members": "6,890",
        "ystart": "2015",
        "yend": "2015",
        "score": "7.08",
        "popularity_rank": "5311"
    },
    {
        "url": "https://myanimelist.net/anime/5199/Seto_no_Hanayome_Fan_Disc",
        "type": "Special",
        "eps": "2",
        "members": "6,728",
        "ystart": "2008",
        "yend": "2008",
        "score": "7.08",
        "popularity_rank": "5364"
    },
    {
        "url": "https://myanimelist.net/anime/34747/Meikoku_Gakuen__Jutai-hen",
        "type": "OVA",
        "eps": "2",
        "members": "6,168",
        "ystart": "2017",
        "yend": "2017",
        "score": "7.08",
        "popularity_rank": "5566"
    },
    {
        "url": "https://myanimelist.net/anime/1796/Dirty_Pair__The_Movie",
        "type": "Movie",
        "eps": "1",
        "members": "6,116",
        "ystart": "1987",
        "yend": "1987",
        "score": "7.08",
        "popularity_rank": "5580"
    },
    {
        "url": "https://myanimelist.net/anime/34870/BanG_Dream__Asonjatta",
        "type": "Special",
        "eps": "1",
        "members": "7,134",
        "ystart": "2017",
        "yend": "2017",
        "score": "7.07",
        "popularity_rank": "5225"
    },
    {
        "url": "https://myanimelist.net/anime/34963/Yarimoku_Beach_ni_Shuugakuryokou_de_The_Animation",
        "type": "OVA",
        "eps": "1",
        "members": "6,981",
        "ystart": "2017",
        "yend": "2017",
        "score": "7.07",
        "popularity_rank": "5279"
    },
    {
        "url": "https://myanimelist.net/anime/30988/Futsuu_no_Joshikousei_ga_Locodol_Yattemita_OVA",
        "type": "OVA",
        "eps": "2",
        "members": "6,287",
        "ystart": "2015",
        "yend": "2016",
        "score": "7.07",
        "popularity_rank": "5518"
    },
    {
        "url": "https://myanimelist.net/anime/35425/Donten_ni_Warau_Gaiden__Ouka_Tenbou_no_Kakehashi",
        "type": "Movie",
        "eps": "1",
        "members": "6,046",
        "ystart": "2018",
        "yend": "2018",
        "score": "7.07",
        "popularity_rank": "5608"
    },
    {
        "url": "https://myanimelist.net/anime/30898/Tsunpri",
        "type": "OVA",
        "eps": "1",
        "members": "6,033",
        "ystart": "2015",
        "yend": "2015",
        "score": "7.07",
        "popularity_rank": "5615"
    },
    {
        "url": "https://myanimelist.net/anime/5691/Rekka_no_Honoo__Final_Burning",
        "type": "Special",
        "eps": "1",
        "members": "5,552",
        "ystart": "2004",
        "yend": "2004",
        "score": "7.07",
        "popularity_rank": "5802"
    },
    {
        "url": "https://myanimelist.net/anime/12709/Tales_of_Symphonia_The_Animation__Sekai_Tougou-hen_Specials",
        "type": "Special",
        "eps": "3",
        "members": "5,306",
        "ystart": "2011",
        "yend": "2012",
        "score": "7.07",
        "popularity_rank": "5892"
    },
    {
        "url": "https://myanimelist.net/anime/23539/Gudetama",
        "type": "TV",
        "eps": "?",
        "members": "7,913",
        "ystart": "Mar",
        "yend": "2014",
        "score": "7.06",
        "popularity_rank": "5016"
    },
    {
        "url": "https://myanimelist.net/anime/2489/Onegai_My_Melody",
        "type": "TV",
        "eps": "52",
        "members": "6,502",
        "ystart": "2005",
        "yend": "2006",
        "score": "7.06",
        "popularity_rank": "5454"
    },
    {
        "url": "https://myanimelist.net/anime/7081/Danball_Senki",
        "type": "TV",
        "eps": "44",
        "members": "6,227",
        "ystart": "2011",
        "yend": "2012",
        "score": "7.06",
        "popularity_rank": "5538"
    },
    {
        "url": "https://myanimelist.net/anime/1683/Di_Gi_Charat_Nyo",
        "type": "TV",
        "eps": "104",
        "members": "5,311",
        "ystart": "2003",
        "yend": "2004",
        "score": "7.06",
        "popularity_rank": "5891"
    },
    {
        "url": "https://myanimelist.net/anime/6560/Popee_the_Performer",
        "type": "TV",
        "eps": "39",
        "members": "5,081",
        "ystart": "2000",
        "yend": "2001",
        "score": "7.06",
        "popularity_rank": "5987"
    },
    {
        "url": "https://myanimelist.net/anime/9311/Kateikyoushi_no_Oneesan_2_The_Animation__H_no_Hensachi_Agechaimasu",
        "type": "OVA",
        "eps": "2",
        "members": "7,850",
        "ystart": "2010",
        "yend": "2011",
        "score": "7.05",
        "popularity_rank": "5030"
    },
    {
        "url": "https://myanimelist.net/anime/23285/Paulette_no_Isu",
        "type": "ONA",
        "eps": "1",
        "members": "7,452",
        "ystart": "2014",
        "yend": "2014",
        "score": "7.05",
        "popularity_rank": "5136"
    },
    {
        "url": "https://myanimelist.net/anime/1209/Nasu__Andalusia_no_Natsu",
        "type": "Movie",
        "eps": "1",
        "members": "6,997",
        "ystart": "2003",
        "yend": "2003",
        "score": "7.05",
        "popularity_rank": "5271"
    },
    {
        "url": "https://myanimelist.net/anime/1336/Kyoushoku_Soukou_Guyver_II",
        "type": "OVA",
        "eps": "6",
        "members": "6,660",
        "ystart": "1991",
        "yend": "1992",
        "score": "7.05",
        "popularity_rank": "5389"
    },
    {
        "url": "https://myanimelist.net/anime/32063/Kyonyuu_Hitozuma_Onna_Kyoushi_Saimin",
        "type": "OVA",
        "eps": "2",
        "members": "6,078",
        "ystart": "2016",
        "yend": "2016",
        "score": "7.05",
        "popularity_rank": "5593"
    },
    {
        "url": "https://myanimelist.net/anime/18525/Rin_x_Sen___Ran_->_Sem__Cross_Mix",
        "type": "OVA",
        "eps": "2",
        "members": "7,290",
        "ystart": "2013",
        "yend": "2013",
        "score": "7.04",
        "popularity_rank": "5179"
    },
    {
        "url": "https://myanimelist.net/anime/6941/Toriko__Jump_Super_Anime_Tour_2009_Special",
        "type": "Special",
        "eps": "1",
        "members": "6,344",
        "ystart": "2009",
        "yend": "2009",
        "score": "7.04",
        "popularity_rank": "5502"
    },
    {
        "url": "https://myanimelist.net/anime/37126/Nobunaga_no_Shinobi__Anegawa_Ishiyama-hen",
        "type": "TV",
        "eps": "26",
        "members": "6,081",
        "ystart": "2018",
        "yend": "2018",
        "score": "7.04",
        "popularity_rank": "5592"
    },
    {
        "url": "https://myanimelist.net/anime/2446/Nikuyome__Takayanagi_Ke_no_Hitobito",
        "type": "OVA",
        "eps": "4",
        "members": "5,982",
        "ystart": "2005",
        "yend": "2007",
        "score": "7.04",
        "popularity_rank": "5632"
    },
    {
        "url": "https://myanimelist.net/anime/6219/Nijiiro_Hotaru__Eien_no_Natsuyasumi",
        "type": "Movie",
        "eps": "1",
        "members": "5,540",
        "ystart": "2012",
        "yend": "2012",
        "score": "7.04",
        "popularity_rank": "5807"
    },
    {
        "url": "https://myanimelist.net/anime/37916/Uma_Musume__Pretty_Derby_-_BNW_no_Chikai",
        "type": "Special",
        "eps": "3",
        "members": "6,586",
        "ystart": "2018",
        "yend": "2018",
        "score": "7.03",
        "popularity_rank": "5420"
    },
    {
        "url": "https://myanimelist.net/anime/7152/Anyamal_Tantei_Kiruminzoo",
        "type": "TV",
        "eps": "50",
        "members": "5,946",
        "ystart": "2009",
        "yend": "2010",
        "score": "7.03",
        "popularity_rank": "5640"
    },
    {
        "url": "https://myanimelist.net/anime/1436/Lupin_III__Twilight_Gemini_no_Himitsu",
        "type": "Special",
        "eps": "1",
        "members": "5,230",
        "ystart": "1996",
        "yend": "1996",
        "score": "7.03",
        "popularity_rank": "5917"
    },
    {
        "url": "https://myanimelist.net/anime/35727/Mayoiga_no_Oneesan_The_Animation",
        "type": "OVA",
        "eps": "1",
        "members": "7,462",
        "ystart": "2017",
        "yend": "2017",
        "score": "7.02",
        "popularity_rank": "5133"
    },
    {
        "url": "https://myanimelist.net/anime/21853/Love_Live_School_Idol_Project_Recap",
        "type": "Special",
        "eps": "1",
        "members": "7,390",
        "ystart": "2013",
        "yend": "2013",
        "score": "7.02",
        "popularity_rank": "5150"
    },
    {
        "url": "https://myanimelist.net/anime/8039/Oppai_no_Ouja_48",
        "type": "OVA",
        "eps": "2",
        "members": "7,084",
        "ystart": "2010",
        "yend": "2010",
        "score": "7.02",
        "popularity_rank": "5240"
    },
    {
        "url": "https://myanimelist.net/anime/36798/Yuuki_Yuuna_wa_Yuusha_de_Aru__Hidamari",
        "type": "Special",
        "eps": "1",
        "members": "6,612",
        "ystart": "2017",
        "yend": "2017",
        "score": "7.02",
        "popularity_rank": "5408"
    },
    {
        "url": "https://myanimelist.net/anime/929/Seisenshi_Dunbine",
        "type": "TV",
        "eps": "49",
        "members": "7,646",
        "ystart": "1983",
        "yend": "1984",
        "score": "7.01",
        "popularity_rank": "5083"
    },
    {
        "url": "https://myanimelist.net/anime/7014/Tezuka_Osamu_no_Buddha__Akai_Sabaku_yo_Utsukushiku",
        "type": "Movie",
        "eps": "1",
        "members": "7,260",
        "ystart": "2011",
        "yend": "2011",
        "score": "7.01",
        "popularity_rank": "5192"
    },
    {
        "url": "https://myanimelist.net/anime/34644/Brave_Witches__Petersburg_Daisenryaku",
        "type": "Special",
        "eps": "1",
        "members": "7,238",
        "ystart": "2017",
        "yend": "2017",
        "score": "7.01",
        "popularity_rank": "5195"
    },
    {
        "url": "https://myanimelist.net/anime/34325/Pokemon_XY_Z_Specials",
        "type": "Special",
        "eps": "2",
        "members": "5,632",
        "ystart": "2016",
        "yend": "2016",
        "score": "7.01",
        "popularity_rank": "5764"
    },
    {
        "url": "https://myanimelist.net/anime/1659/Mai-Otome_Specials",
        "type": "Special",
        "eps": "9",
        "members": "5,436",
        "ystart": "2006",
        "yend": "2006",
        "score": "7.01",
        "popularity_rank": "5841"
    },
    {
        "url": "https://myanimelist.net/anime/8097/Lupin_III__The_Last_Job",
        "type": "Special",
        "eps": "1",
        "members": "5,103",
        "ystart": "2010",
        "yend": "2010",
        "score": "7.01",
        "popularity_rank": "5971"
    }
]