[
    {
        "url": "https://myanimelist.net/anime/41174/Watashi_no_Tenshi",
        "type": "Music",
        "eps": "1",
        "members": "178",
        "ystart": "2019",
        "yend": "2019",
        "score": "6.58",
        "popularity_rank": "14421"
    },
    {
        "url": "https://myanimelist.net/anime/38658/Futon_no_Naka_kara_Detakunai",
        "type": "Music",
        "eps": "1",
        "members": "177",
        "ystart": "2018",
        "yend": "2018",
        "score": "6.51",
        "popularity_rank": "14425"
    },
    {
        "url": "https://myanimelist.net/anime/36175/Diary",
        "type": "Music",
        "eps": "1",
        "members": "198",
        "ystart": "2015",
        "yend": "2015",
        "score": "6.23",
        "popularity_rank": "14066"
    },
    {
        "url": "https://myanimelist.net/anime/39568/Tarareba",
        "type": "Music",
        "eps": "1",
        "members": "197",
        "ystart": "2017",
        "yend": "2017",
        "score": "6.21",
        "popularity_rank": "14091"
    },
    {
        "url": "https://myanimelist.net/anime/40286/Relationship_Scramble_feat_Hatsune_Miku",
        "type": "Music",
        "eps": "1",
        "members": "182",
        "ystart": "2019",
        "yend": "2019",
        "score": "6.17",
        "popularity_rank": "14328"
    },
    {
        "url": "https://myanimelist.net/anime/36778/Kando\u2260Reduction",
        "type": "Music",
        "eps": "1",
        "members": "192",
        "ystart": "2012",
        "yend": "2012",
        "score": "6.10",
        "popularity_rank": "14170"
    },
    {
        "url": "https://myanimelist.net/anime/36258/Ohedo_Julia-Night",
        "type": "Music",
        "eps": "1",
        "members": "181",
        "ystart": "2017",
        "yend": "2017",
        "score": "6.06",
        "popularity_rank": "14354"
    },
    {
        "url": "https://myanimelist.net/anime/40556/Electric_Love_feat_Hatsune_Miku",
        "type": "Music",
        "eps": "1",
        "members": "180",
        "ystart": "2010",
        "yend": "2010",
        "score": "5.97",
        "popularity_rank": "14372"
    },
    {
        "url": "https://myanimelist.net/anime/38488/Special_Nu_World",
        "type": "Music",
        "eps": "1",
        "members": "184",
        "ystart": "2018",
        "yend": "2018",
        "score": "5.93",
        "popularity_rank": "14294"
    },
    {
        "url": "https://myanimelist.net/anime/40557/Sweet_Devil_feat_Hatsune_Miku",
        "type": "Music",
        "eps": "1",
        "members": "197",
        "ystart": "2011",
        "yend": "2011",
        "score": "5.92",
        "popularity_rank": "14088"
    },
    {
        "url": "https://myanimelist.net/anime/40683/Carry_Me_Off_feat_Hatsune_Miku",
        "type": "Music",
        "eps": "1",
        "members": "189",
        "ystart": "2014",
        "yend": "2014",
        "score": "5.92",
        "popularity_rank": "14223"
    },
    {
        "url": "https://myanimelist.net/anime/40686/Desktop_Cinderella_feat_Hatsune_Miku",
        "type": "Music",
        "eps": "1",
        "members": "180",
        "ystart": "2015",
        "yend": "2015",
        "score": "5.90",
        "popularity_rank": "14384"
    },
    {
        "url": "https://myanimelist.net/anime/41091/Tanitsu_Shikousei_Overbloom",
        "type": "Music",
        "eps": "1",
        "members": "194",
        "ystart": "2019",
        "yend": "2019",
        "score": "5.88",
        "popularity_rank": "14139"
    },
    {
        "url": "https://myanimelist.net/anime/35553/Ape",
        "type": "Music",
        "eps": "1",
        "members": "192",
        "ystart": "2014",
        "yend": "2014",
        "score": "5.88",
        "popularity_rank": "14174"
    },
    {
        "url": "https://myanimelist.net/anime/32845/Ishitsubutsu_Toriatsukaijo",
        "type": "Music",
        "eps": "1",
        "members": "194",
        "ystart": "2012",
        "yend": "2012",
        "score": "5.69",
        "popularity_rank": "14136"
    },
    {
        "url": "https://myanimelist.net/anime/40560/Baby_Maniacs_feat_Hatsune_Miku",
        "type": "Music",
        "eps": "1",
        "members": "187",
        "ystart": "2011",
        "yend": "2011",
        "score": "5.69",
        "popularity_rank": "14248"
    },
    {
        "url": "https://myanimelist.net/anime/41092/Minna_e_wo_Check",
        "type": "Music",
        "eps": "1",
        "members": "195",
        "ystart": "2020",
        "yend": "2020",
        "score": "5.63",
        "popularity_rank": "14116"
    },
    {
        "url": "https://myanimelist.net/anime/29451/Hoshi_Uranai_Kirakira",
        "type": "Music",
        "eps": "1",
        "members": "201",
        "ystart": "1983",
        "yend": "1983",
        "score": "5.47",
        "popularity_rank": "14009"
    },
    {
        "url": "https://myanimelist.net/anime/37404/Circus",
        "type": "Music",
        "eps": "1",
        "members": "185",
        "ystart": "2018",
        "yend": "2018",
        "score": "5.47",
        "popularity_rank": "14274"
    },
    {
        "url": "https://myanimelist.net/anime/36180/Clock_Lock_Works",
        "type": "Music",
        "eps": "1",
        "members": "200",
        "ystart": "2009",
        "yend": "2009",
        "score": "5.43",
        "popularity_rank": "14030"
    },
    {
        "url": "https://myanimelist.net/anime/36078/Beat_in_Love",
        "type": "Music",
        "eps": "1",
        "members": "179",
        "ystart": "2008",
        "yend": "2008",
        "score": "5.42",
        "popularity_rank": "14403"
    },
    {
        "url": "https://myanimelist.net/anime/32762/Circles",
        "type": "Music",
        "eps": "1",
        "members": "198",
        "ystart": "2012",
        "yend": "2012",
        "score": "5.33",
        "popularity_rank": "14076"
    },
    {
        "url": "https://myanimelist.net/anime/33215/Hikaru_Genji__Taiyou_ga_Ippai",
        "type": "Music",
        "eps": "1",
        "members": "194",
        "ystart": "1993",
        "yend": "1993",
        "score": "5.30",
        "popularity_rank": "14143"
    },
    {
        "url": "https://myanimelist.net/anime/38510/Adobe_Student_and_Teacher_Edition",
        "type": "Special",
        "eps": "1",
        "members": "189",
        "ystart": "2009",
        "yend": "2009",
        "score": "5.30",
        "popularity_rank": "14215"
    },
    {
        "url": "https://myanimelist.net/anime/32775/Gene",
        "type": "Music",
        "eps": "1",
        "members": "194",
        "ystart": "2010",
        "yend": "2010",
        "score": "5.28",
        "popularity_rank": "14129"
    },
    {
        "url": "https://myanimelist.net/anime/33695/Kabushikigaisha_Aokishouji",
        "type": "Special",
        "eps": "2",
        "members": "194",
        "ystart": "2015",
        "yend": "2015",
        "score": "5.17",
        "popularity_rank": "14142"
    },
    {
        "url": "https://myanimelist.net/anime/36117/Katte_ni_Shiyagatte",
        "type": "Music",
        "eps": "1",
        "members": "199",
        "ystart": "2012",
        "yend": "2012",
        "score": "5.13",
        "popularity_rank": "14036"
    },
    {
        "url": "https://myanimelist.net/anime/38728/Onami",
        "type": "Music",
        "eps": "1",
        "members": "176",
        "ystart": "2018",
        "yend": "2018",
        "score": "5.09",
        "popularity_rank": "14449"
    }
]