[
    {
        "url": "https://myanimelist.net/anime/41181/Dakara_Boku_wa_Ongaku_wo_Yameta",
        "type": "Music",
        "eps": "1",
        "members": "267",
        "ystart": "2019",
        "yend": "2019",
        "score": "6.74",
        "popularity_rank": "13061"
    },
    {
        "url": "https://myanimelist.net/anime/41176/Hitchcock",
        "type": "Music",
        "eps": "1",
        "members": "213",
        "ystart": "2018",
        "yend": "2018",
        "score": "6.74",
        "popularity_rank": "13820"
    },
    {
        "url": "https://myanimelist.net/anime/41180/Ame_to_Cappuccino",
        "type": "Music",
        "eps": "1",
        "members": "228",
        "ystart": "2019",
        "yend": "2019",
        "score": "6.53",
        "popularity_rank": "13602"
    },
    {
        "url": "https://myanimelist.net/anime/39204/Demon_Dance_Tokyo",
        "type": "Music",
        "eps": "1",
        "members": "251",
        "ystart": "2016",
        "yend": "2016",
        "score": "6.31",
        "popularity_rank": "13259"
    },
    {
        "url": "https://myanimelist.net/anime/39313/Deep_Blue_Town_e_Oide_yo",
        "type": "Music",
        "eps": "1",
        "members": "243",
        "ystart": "2017",
        "yend": "2017",
        "score": "6.25",
        "popularity_rank": "13370"
    },
    {
        "url": "https://myanimelist.net/anime/38486/Go_Now",
        "type": "Music",
        "eps": "1",
        "members": "224",
        "ystart": "2018",
        "yend": "2018",
        "score": "6.25",
        "popularity_rank": "13652"
    },
    {
        "url": "https://myanimelist.net/anime/39258/Afraid_To_Be_Cool___Raise_Me_Up",
        "type": "Music",
        "eps": "2",
        "members": "211",
        "ystart": "2016",
        "yend": "2016",
        "score": "6.21",
        "popularity_rank": "13843"
    },
    {
        "url": "https://myanimelist.net/anime/37777/Chiisana_Tayori_Ookina_Tayori",
        "type": "ONA",
        "eps": "1",
        "members": "232",
        "ystart": "2017",
        "yend": "2017",
        "score": "6.20",
        "popularity_rank": "13537"
    },
    {
        "url": "https://myanimelist.net/anime/36104/Haha_no_Supporter",
        "type": "ONA",
        "eps": "1",
        "members": "266",
        "ystart": "2016",
        "yend": "2016",
        "score": "6.19",
        "popularity_rank": "13064"
    },
    {
        "url": "https://myanimelist.net/anime/37530/Miyako",
        "type": "ONA",
        "eps": "1",
        "members": "231",
        "ystart": "2012",
        "yend": "2012",
        "score": "6.17",
        "popularity_rank": "13549"
    },
    {
        "url": "https://myanimelist.net/anime/36716/Boku_wa_Mada_7-sai_Datta",
        "type": "Music",
        "eps": "1",
        "members": "207",
        "ystart": "2016",
        "yend": "2016",
        "score": "6.17",
        "popularity_rank": "13909"
    },
    {
        "url": "https://myanimelist.net/anime/41135/Dream",
        "type": "ONA",
        "eps": "1",
        "members": "222",
        "ystart": "2020",
        "yend": "2020",
        "score": "6.14",
        "popularity_rank": "13693"
    },
    {
        "url": "https://myanimelist.net/anime/39174/Sister",
        "type": "Music",
        "eps": "1",
        "members": "258",
        "ystart": "2016",
        "yend": "2016",
        "score": "6.10",
        "popularity_rank": "13168"
    },
    {
        "url": "https://myanimelist.net/anime/40194/Kung_Fu_Liaoli_Niang",
        "type": "ONA",
        "eps": "1",
        "members": "268",
        "ystart": "2011",
        "yend": "2011",
        "score": "6.03",
        "popularity_rank": "13036"
    },
    {
        "url": "https://myanimelist.net/anime/38974/Bouen_no_March",
        "type": "Music",
        "eps": "1",
        "members": "228",
        "ystart": "2018",
        "yend": "2018",
        "score": "6.02",
        "popularity_rank": "13590"
    },
    {
        "url": "https://myanimelist.net/anime/36229/Rainbow_Signal__Hi-Fi_Set",
        "type": "Music",
        "eps": "1",
        "members": "238",
        "ystart": "1985",
        "yend": "1985",
        "score": "6.00",
        "popularity_rank": "13440"
    },
    {
        "url": "https://myanimelist.net/anime/39208/100_Renewable_Energy",
        "type": "Special",
        "eps": "1",
        "members": "241",
        "ystart": "2012",
        "yend": "2012",
        "score": "5.98",
        "popularity_rank": "13394"
    },
    {
        "url": "https://myanimelist.net/anime/33941/Towel_Story",
        "type": "ONA",
        "eps": "4",
        "members": "266",
        "ystart": "2011",
        "yend": "2013",
        "score": "5.95",
        "popularity_rank": "13072"
    },
    {
        "url": "https://myanimelist.net/anime/35858/Kura_Sushi",
        "type": "ONA",
        "eps": "2",
        "members": "222",
        "ystart": "2014",
        "yend": "2016",
        "score": "5.95",
        "popularity_rank": "13686"
    },
    {
        "url": "https://myanimelist.net/anime/40375/Kick-Flight",
        "type": "ONA",
        "eps": "1",
        "members": "228",
        "ystart": "2019",
        "yend": "2019",
        "score": "5.92",
        "popularity_rank": "13600"
    },
    {
        "url": "https://myanimelist.net/anime/34952/Koi_to_Byounetsu",
        "type": "Music",
        "eps": "1",
        "members": "219",
        "ystart": "2012",
        "yend": "2012",
        "score": "5.92",
        "popularity_rank": "13742"
    },
    {
        "url": "https://myanimelist.net/anime/37316/Cocktail_Prince__Shaking_Night",
        "type": "Music",
        "eps": "1",
        "members": "251",
        "ystart": "2018",
        "yend": "2018",
        "score": "5.91",
        "popularity_rank": "13270"
    },
    {
        "url": "https://myanimelist.net/anime/38142/Out_Of_My_Head",
        "type": "Music",
        "eps": "1",
        "members": "233",
        "ystart": "2018",
        "yend": "2018",
        "score": "5.90",
        "popularity_rank": "13532"
    },
    {
        "url": "https://myanimelist.net/anime/8724/Nobiro_Nobiro_Daisuki_na_Ki",
        "type": "Music",
        "eps": "1",
        "members": "251",
        "ystart": "2007",
        "yend": "2007",
        "score": "5.84",
        "popularity_rank": "13258"
    },
    {
        "url": "https://myanimelist.net/anime/32859/Boku_wa_Kimi_wo_Warawanai",
        "type": "Music",
        "eps": "1",
        "members": "215",
        "ystart": "2013",
        "yend": "2013",
        "score": "5.84",
        "popularity_rank": "13788"
    },
    {
        "url": "https://myanimelist.net/anime/40564/Blue_Star_feat_Hatsune_Miku",
        "type": "Music",
        "eps": "1",
        "members": "204",
        "ystart": "2016",
        "yend": "2016",
        "score": "5.84",
        "popularity_rank": "13967"
    },
    {
        "url": "https://myanimelist.net/anime/17209/Suzys_Zoo__Daisuki_Witzy_-_Happy_Birthday",
        "type": "Special",
        "eps": "1",
        "members": "265",
        "ystart": "2011",
        "yend": "2011",
        "score": "5.83",
        "popularity_rank": "13084"
    },
    {
        "url": "https://myanimelist.net/anime/38487/Daitan_Futeki_ni_Koi_Shitai",
        "type": "Music",
        "eps": "1",
        "members": "213",
        "ystart": "2018",
        "yend": "2018",
        "score": "5.82",
        "popularity_rank": "13815"
    },
    {
        "url": "https://myanimelist.net/anime/32755/Gregorio",
        "type": "Music",
        "eps": "1",
        "members": "268",
        "ystart": "2012",
        "yend": "2012",
        "score": "5.79",
        "popularity_rank": "13050"
    },
    {
        "url": "https://myanimelist.net/anime/30199/Hakimono_to_Kasa_no_Monogatari",
        "type": "Music",
        "eps": "1",
        "members": "258",
        "ystart": "2015",
        "yend": "2015",
        "score": "5.78",
        "popularity_rank": "13181"
    },
    {
        "url": "https://myanimelist.net/anime/21715/Makkuramori_no_Uta",
        "type": "Music",
        "eps": "1",
        "members": "233",
        "ystart": "1985",
        "yend": "1985",
        "score": "5.78",
        "popularity_rank": "13525"
    },
    {
        "url": "https://myanimelist.net/anime/40360/Shout_Our_Evidence",
        "type": "Music",
        "eps": "1",
        "members": "261",
        "ystart": "2019",
        "yend": "2019",
        "score": "5.77",
        "popularity_rank": "13145"
    },
    {
        "url": "https://myanimelist.net/anime/38551/Beat_in_Love_2018",
        "type": "Music",
        "eps": "1",
        "members": "241",
        "ystart": "2018",
        "yend": "2018",
        "score": "5.77",
        "popularity_rank": "13402"
    },
    {
        "url": "https://myanimelist.net/anime/39086/A_Christmas_Song",
        "type": "Music",
        "eps": "1",
        "members": "207",
        "ystart": "2012",
        "yend": "2012",
        "score": "5.76",
        "popularity_rank": "13912"
    },
    {
        "url": "https://myanimelist.net/anime/38554/Aoku_Tsuzuku_Pass",
        "type": "ONA",
        "eps": "1",
        "members": "251",
        "ystart": "2018",
        "yend": "2018",
        "score": "5.74",
        "popularity_rank": "13266"
    },
    {
        "url": "https://myanimelist.net/anime/30392/Joukyou_Monogatari",
        "type": "Movie",
        "eps": "1",
        "members": "249",
        "ystart": "1999",
        "yend": "1999",
        "score": "5.73",
        "popularity_rank": "13300"
    },
    {
        "url": "https://myanimelist.net/anime/39056/Mirai_Koushi_Harima_SACLA_NEX_RAY",
        "type": "ONA",
        "eps": "1",
        "members": "235",
        "ystart": "2017",
        "yend": "2017",
        "score": "5.73",
        "popularity_rank": "13491"
    },
    {
        "url": "https://myanimelist.net/anime/35667/Ame_no_Ten_Ten",
        "type": "Music",
        "eps": "1",
        "members": "244",
        "ystart": "1985",
        "yend": "1985",
        "score": "5.72",
        "popularity_rank": "13352"
    },
    {
        "url": "https://myanimelist.net/anime/37553/Bytheway_Dance",
        "type": "Music",
        "eps": "1",
        "members": "235",
        "ystart": "2018",
        "yend": "2018",
        "score": "5.72",
        "popularity_rank": "13494"
    },
    {
        "url": "https://myanimelist.net/anime/32581/Gaza__Changing_the_World",
        "type": "ONA",
        "eps": "1",
        "members": "265",
        "ystart": "2015",
        "yend": "2015",
        "score": "5.71",
        "popularity_rank": "13085"
    },
    {
        "url": "https://myanimelist.net/anime/38702/Ya-Ne-Sen_a_Go_Go",
        "type": "Movie",
        "eps": "1",
        "members": "204",
        "ystart": "2011",
        "yend": "2011",
        "score": "5.71",
        "popularity_rank": "13958"
    },
    {
        "url": "https://myanimelist.net/anime/35263/Escape_from_Tsuki_no_Uragawa_Zoo",
        "type": "Music",
        "eps": "1",
        "members": "250",
        "ystart": "2016",
        "yend": "2016",
        "score": "5.70",
        "popularity_rank": "13286"
    },
    {
        "url": "https://myanimelist.net/anime/32760/Bungaku_Shounen_no_Yuuutsu",
        "type": "Music",
        "eps": "1",
        "members": "262",
        "ystart": "2011",
        "yend": "2011",
        "score": "5.68",
        "popularity_rank": "13133"
    },
    {
        "url": "https://myanimelist.net/anime/41090/Start",
        "type": "Music",
        "eps": "1",
        "members": "262",
        "ystart": "2019",
        "yend": "2019",
        "score": "5.67",
        "popularity_rank": "13128"
    },
    {
        "url": "https://myanimelist.net/anime/36074/Endless_Summer",
        "type": "Music",
        "eps": "1",
        "members": "232",
        "ystart": "2013",
        "yend": "2013",
        "score": "5.67",
        "popularity_rank": "13542"
    },
    {
        "url": "https://myanimelist.net/anime/40442/Initiation_feat_Hatsune_Miku",
        "type": "Music",
        "eps": "1",
        "members": "218",
        "ystart": "2012",
        "yend": "2012",
        "score": "5.67",
        "popularity_rank": "13759"
    },
    {
        "url": "https://myanimelist.net/anime/32858/Dareka_no_Santa_Claus",
        "type": "Music",
        "eps": "1",
        "members": "209",
        "ystart": "2014",
        "yend": "2014",
        "score": "5.67",
        "popularity_rank": "13869"
    },
    {
        "url": "https://myanimelist.net/anime/32636/Hokori_Inu_no_Hanashi",
        "type": "ONA",
        "eps": "1",
        "members": "245",
        "ystart": "2013",
        "yend": "2013",
        "score": "5.66",
        "popularity_rank": "13338"
    },
    {
        "url": "https://myanimelist.net/anime/34856/Cluster_A",
        "type": "Music",
        "eps": "1",
        "members": "217",
        "ystart": "2016",
        "yend": "2016",
        "score": "5.66",
        "popularity_rank": "13764"
    },
    {
        "url": "https://myanimelist.net/anime/30576/Pareo_wa_Emerald",
        "type": "Music",
        "eps": "1",
        "members": "238",
        "ystart": "2011",
        "yend": "2011",
        "score": "5.65",
        "popularity_rank": "13438"
    },
    {
        "url": "https://myanimelist.net/anime/34955/Kyoudai_Koguma",
        "type": "Movie",
        "eps": "1",
        "members": "224",
        "ystart": "1932",
        "yend": "1932",
        "score": "5.65",
        "popularity_rank": "13654"
    },
    {
        "url": "https://myanimelist.net/anime/32757/Skirt",
        "type": "Music",
        "eps": "1",
        "members": "215",
        "ystart": "2013",
        "yend": "2013",
        "score": "5.65",
        "popularity_rank": "13798"
    },
    {
        "url": "https://myanimelist.net/anime/26011/Super_Backkom",
        "type": "Special",
        "eps": "1",
        "members": "266",
        "ystart": "2008",
        "yend": "2008",
        "score": "5.61",
        "popularity_rank": "13073"
    },
    {
        "url": "https://myanimelist.net/anime/36278/Gokiburi_Hime",
        "type": "ONA",
        "eps": "1",
        "members": "266",
        "ystart": "2015",
        "yend": "2015",
        "score": "5.61",
        "popularity_rank": "13074"
    },
    {
        "url": "https://myanimelist.net/anime/34982/Roba",
        "type": "Movie",
        "eps": "1",
        "members": "253",
        "ystart": "1930",
        "yend": "1930",
        "score": "5.61",
        "popularity_rank": "13237"
    },
    {
        "url": "https://myanimelist.net/anime/36101/Watashi_ga_Nakou_Hototogisu",
        "type": "Music",
        "eps": "1",
        "members": "211",
        "ystart": "2017",
        "yend": "2017",
        "score": "5.61",
        "popularity_rank": "13836"
    },
    {
        "url": "https://myanimelist.net/anime/9910/Shokichi_Monogatari",
        "type": "Music",
        "eps": "1",
        "members": "258",
        "ystart": "2009",
        "yend": "2009",
        "score": "5.60",
        "popularity_rank": "13177"
    },
    {
        "url": "https://myanimelist.net/anime/32781/Refrain",
        "type": "Music",
        "eps": "1",
        "members": "240",
        "ystart": "2009",
        "yend": "2009",
        "score": "5.60",
        "popularity_rank": "13409"
    },
    {
        "url": "https://myanimelist.net/anime/32761/Gekkou_Shokudou",
        "type": "Music",
        "eps": "1",
        "members": "254",
        "ystart": "2012",
        "yend": "2012",
        "score": "5.59",
        "popularity_rank": "13228"
    },
    {
        "url": "https://myanimelist.net/anime/34634/Sakana_no_Iu_Koto_wo_Kiku",
        "type": "Special",
        "eps": "1",
        "members": "267",
        "ystart": "2013",
        "yend": "2013",
        "score": "5.58",
        "popularity_rank": "13053"
    },
    {
        "url": "https://myanimelist.net/anime/33272/Nanocore_2016_Xinnian_Tebie_Ban",
        "type": "Music",
        "eps": "1",
        "members": "267",
        "ystart": "2016",
        "yend": "2016",
        "score": "5.58",
        "popularity_rank": "13062"
    },
    {
        "url": "https://myanimelist.net/anime/34929/Kotowa_Jiten__Hetana_Teppou_mo_Kazu_Ucha_Ataru",
        "type": "Special",
        "eps": "1",
        "members": "261",
        "ystart": "1979",
        "yend": "1979",
        "score": "5.58",
        "popularity_rank": "13140"
    },
    {
        "url": "https://myanimelist.net/anime/8752/Message_Song",
        "type": "Music",
        "eps": "1",
        "members": "254",
        "ystart": "1996",
        "yend": "1996",
        "score": "5.58",
        "popularity_rank": "13215"
    },
    {
        "url": "https://myanimelist.net/anime/36622/Hamaneko",
        "type": "Special",
        "eps": "1",
        "members": "240",
        "ystart": "2014",
        "yend": "2014",
        "score": "5.58",
        "popularity_rank": "13410"
    },
    {
        "url": "https://myanimelist.net/anime/37545/Amakage",
        "type": "ONA",
        "eps": "1",
        "members": "261",
        "ystart": "2012",
        "yend": "2012",
        "score": "5.57",
        "popularity_rank": "13146"
    },
    {
        "url": "https://myanimelist.net/anime/39281/Gift_nor_Art",
        "type": "Music",
        "eps": "1",
        "members": "248",
        "ystart": "2012",
        "yend": "2012",
        "score": "5.57",
        "popularity_rank": "13310"
    },
    {
        "url": "https://myanimelist.net/anime/32618/Hietsuki_Bushi",
        "type": "Music",
        "eps": "1",
        "members": "239",
        "ystart": "2011",
        "yend": "2011",
        "score": "5.57",
        "popularity_rank": "13419"
    },
    {
        "url": "https://myanimelist.net/anime/32844/Love_Will_Find_the_Way_Back_Home",
        "type": "Music",
        "eps": "1",
        "members": "204",
        "ystart": "2014",
        "yend": "2014",
        "score": "5.57",
        "popularity_rank": "13962"
    },
    {
        "url": "https://myanimelist.net/anime/34432/Balloon_Music",
        "type": "Music",
        "eps": "1",
        "members": "231",
        "ystart": "2012",
        "yend": "2012",
        "score": "5.56",
        "popularity_rank": "13548"
    },
    {
        "url": "https://myanimelist.net/anime/32861/Tsukiyomi",
        "type": "Music",
        "eps": "1",
        "members": "230",
        "ystart": "2013",
        "yend": "2013",
        "score": "5.56",
        "popularity_rank": "13562"
    },
    {
        "url": "https://myanimelist.net/anime/33698/IRoid__Koi_no_Yuukou_Frontier",
        "type": "ONA",
        "eps": "1",
        "members": "246",
        "ystart": "2015",
        "yend": "2015",
        "score": "5.55",
        "popularity_rank": "13327"
    },
    {
        "url": "https://myanimelist.net/anime/38819/Bad_Bad_Bad",
        "type": "Music",
        "eps": "1",
        "members": "203",
        "ystart": "2008",
        "yend": "2008",
        "score": "5.55",
        "popularity_rank": "13985"
    },
    {
        "url": "https://myanimelist.net/anime/35386/Tonpei_to_Sarukichi",
        "type": "Movie",
        "eps": "1",
        "members": "270",
        "ystart": "1932",
        "yend": "1932",
        "score": "5.54",
        "popularity_rank": "13017"
    },
    {
        "url": "https://myanimelist.net/anime/40140/Issei_Kiyuukyoku__Divertimento",
        "type": "Music",
        "eps": "1",
        "members": "266",
        "ystart": "2019",
        "yend": "2019",
        "score": "5.54",
        "popularity_rank": "13076"
    },
    {
        "url": "https://myanimelist.net/anime/35401/Hyaku-nengo_no_Aru_Hi",
        "type": "Movie",
        "eps": "1",
        "members": "244",
        "ystart": "1933",
        "yend": "1933",
        "score": "5.53",
        "popularity_rank": "13351"
    },
    {
        "url": "https://myanimelist.net/anime/29453/Kenka_no_Ato_wa",
        "type": "Music",
        "eps": "1",
        "members": "233",
        "ystart": "1988",
        "yend": "1988",
        "score": "5.53",
        "popularity_rank": "13511"
    },
    {
        "url": "https://myanimelist.net/anime/30534/Fen_Qing",
        "type": "Music",
        "eps": "1",
        "members": "248",
        "ystart": "2015",
        "yend": "2015",
        "score": "5.52",
        "popularity_rank": "13308"
    },
    {
        "url": "https://myanimelist.net/anime/39027/Aru_Otoko_no_Ikikata",
        "type": "ONA",
        "eps": "1",
        "members": "248",
        "ystart": "2019",
        "yend": "2019",
        "score": "5.52",
        "popularity_rank": "13311"
    },
    {
        "url": "https://myanimelist.net/anime/30394/Teddy",
        "type": "Movie",
        "eps": "1",
        "members": "242",
        "ystart": "2005",
        "yend": "2005",
        "score": "5.52",
        "popularity_rank": "13387"
    },
    {
        "url": "https://myanimelist.net/anime/30012/Tekusuke_Monogatari",
        "type": "Movie",
        "eps": "1",
        "members": "251",
        "ystart": "1938",
        "yend": "1938",
        "score": "5.51",
        "popularity_rank": "13261"
    },
    {
        "url": "https://myanimelist.net/anime/29782/Malay_Oki_Kaisen",
        "type": "Movie",
        "eps": "1",
        "members": "261",
        "ystart": "1943",
        "yend": "1943",
        "score": "5.50",
        "popularity_rank": "13137"
    },
    {
        "url": "https://myanimelist.net/anime/29956/Swimming",
        "type": "Movie",
        "eps": "1",
        "members": "255",
        "ystart": "2008",
        "yend": "2008",
        "score": "5.50",
        "popularity_rank": "13200"
    },
    {
        "url": "https://myanimelist.net/anime/29897/Beer_Mukashi_Mukashi",
        "type": "Movie",
        "eps": "1",
        "members": "268",
        "ystart": "1956",
        "yend": "1956",
        "score": "5.49",
        "popularity_rank": "13048"
    },
    {
        "url": "https://myanimelist.net/anime/29353/Kimi_wa_Tomodachi",
        "type": "Music",
        "eps": "1",
        "members": "223",
        "ystart": "2004",
        "yend": "2004",
        "score": "5.49",
        "popularity_rank": "13678"
    },
    {
        "url": "https://myanimelist.net/anime/39000/Color_Cycling",
        "type": "ONA",
        "eps": "1",
        "members": "243",
        "ystart": "2019",
        "yend": "2019",
        "score": "5.48",
        "popularity_rank": "13365"
    },
    {
        "url": "https://myanimelist.net/anime/39286/112_Sabsections_of_Skyline",
        "type": "ONA",
        "eps": "1",
        "members": "239",
        "ystart": "2007",
        "yend": "2007",
        "score": "5.47",
        "popularity_rank": "13420"
    },
    {
        "url": "https://myanimelist.net/anime/34910/Heya_Music",
        "type": "Music",
        "eps": "1",
        "members": "270",
        "ystart": "2011",
        "yend": "2011",
        "score": "5.46",
        "popularity_rank": "13021"
    },
    {
        "url": "https://myanimelist.net/anime/32856/Sayonara_Space_Shuttle",
        "type": "Music",
        "eps": "1",
        "members": "262",
        "ystart": "2014",
        "yend": "2014",
        "score": "5.46",
        "popularity_rank": "13126"
    },
    {
        "url": "https://myanimelist.net/anime/31584/Henkei_Sakuhin_Dai_1-ban",
        "type": "Movie",
        "eps": "1",
        "members": "266",
        "ystart": "1984",
        "yend": "1984",
        "score": "5.44",
        "popularity_rank": "13070"
    },
    {
        "url": "https://myanimelist.net/anime/34958/Sakana_no_Kuni",
        "type": "Movie",
        "eps": "1",
        "members": "254",
        "ystart": "1928",
        "yend": "1928",
        "score": "5.44",
        "popularity_rank": "13219"
    },
    {
        "url": "https://myanimelist.net/anime/24999/Akai_Jitensha",
        "type": "Music",
        "eps": "1",
        "members": "250",
        "ystart": "1999",
        "yend": "1999",
        "score": "5.44",
        "popularity_rank": "13285"
    },
    {
        "url": "https://myanimelist.net/anime/22471/Mirakururun_Grand_Purin",
        "type": "Music",
        "eps": "1",
        "members": "272",
        "ystart": "2003",
        "yend": "2003",
        "score": "5.43",
        "popularity_rank": "13001"
    },
    {
        "url": "https://myanimelist.net/anime/30073/Onaka_no_Ookina_Ouji-sama",
        "type": "Music",
        "eps": "1",
        "members": "243",
        "ystart": "1975",
        "yend": "1975",
        "score": "5.43",
        "popularity_rank": "13367"
    },
    {
        "url": "https://myanimelist.net/anime/32639/Usaband",
        "type": "ONA",
        "eps": "1",
        "members": "248",
        "ystart": "2009",
        "yend": "2009",
        "score": "5.42",
        "popularity_rank": "13312"
    },
    {
        "url": "https://myanimelist.net/anime/37550/Gingirl",
        "type": "ONA",
        "eps": "1",
        "members": "209",
        "ystart": "2016",
        "yend": "2016",
        "score": "5.42",
        "popularity_rank": "13873"
    },
    {
        "url": "https://myanimelist.net/anime/35294/Candle",
        "type": "Music",
        "eps": "1",
        "members": "209",
        "ystart": "2013",
        "yend": "2013",
        "score": "5.42",
        "popularity_rank": "13876"
    },
    {
        "url": "https://myanimelist.net/anime/32768/Revenge_of_Green_Mutant",
        "type": "Music",
        "eps": "1",
        "members": "206",
        "ystart": "2011",
        "yend": "2011",
        "score": "5.42",
        "popularity_rank": "13918"
    },
    {
        "url": "https://myanimelist.net/anime/34992/Byoudoku_no_Denpa",
        "type": "Movie",
        "eps": "1",
        "members": "231",
        "ystart": "1926",
        "yend": "1926",
        "score": "5.40",
        "popularity_rank": "13553"
    },
    {
        "url": "https://myanimelist.net/anime/35395/Misemono_Kenbutsu",
        "type": "Movie",
        "eps": "1",
        "members": "229",
        "ystart": "1931",
        "yend": "1931",
        "score": "5.40",
        "popularity_rank": "13576"
    },
    {
        "url": "https://myanimelist.net/anime/22473/Pihyara_Kouta",
        "type": "Music",
        "eps": "1",
        "members": "226",
        "ystart": "2003",
        "yend": "2003",
        "score": "5.40",
        "popularity_rank": "13627"
    },
    {
        "url": "https://myanimelist.net/anime/8773/Nekko-kun",
        "type": "Music",
        "eps": "1",
        "members": "269",
        "ystart": "2006",
        "yend": "2006",
        "score": "5.39",
        "popularity_rank": "13027"
    },
    {
        "url": "https://myanimelist.net/anime/32812/TeNiOE",
        "type": "Music",
        "eps": "1",
        "members": "265",
        "ystart": "2014",
        "yend": "2014",
        "score": "5.39",
        "popularity_rank": "13082"
    },
    {
        "url": "https://myanimelist.net/anime/30162/Hone_Hone_Rock",
        "type": "Music",
        "eps": "1",
        "members": "229",
        "ystart": "1976",
        "yend": "1976",
        "score": "5.39",
        "popularity_rank": "13584"
    },
    {
        "url": "https://myanimelist.net/anime/35389/Inaba_no_Kuni_no_Usagi-san",
        "type": "Movie",
        "eps": "1",
        "members": "227",
        "ystart": "1935",
        "yend": "1935",
        "score": "5.39",
        "popularity_rank": "13607"
    },
    {
        "url": "https://myanimelist.net/anime/8680/Fuyu_no_Yoru_no_Ohanashi",
        "type": "Music",
        "eps": "1",
        "members": "262",
        "ystart": "1989",
        "yend": "1989",
        "score": "5.38",
        "popularity_rank": "13132"
    },
    {
        "url": "https://myanimelist.net/anime/35403/Manga_Revue_Haru",
        "type": "Movie",
        "eps": "1",
        "members": "250",
        "ystart": "1931",
        "yend": "1931",
        "score": "5.38",
        "popularity_rank": "13281"
    },
    {
        "url": "https://myanimelist.net/anime/29675/Sarasoujuu_no_Hana_no_Iro",
        "type": "Movie",
        "eps": "1",
        "members": "233",
        "ystart": "1971",
        "yend": "1971",
        "score": "5.38",
        "popularity_rank": "13529"
    },
    {
        "url": "https://myanimelist.net/anime/30019/Norakuro_Ittouhei",
        "type": "Movie",
        "eps": "1",
        "members": "271",
        "ystart": "1935",
        "yend": "1935",
        "score": "5.37",
        "popularity_rank": "13009"
    },
    {
        "url": "https://myanimelist.net/anime/39284/Tsuki_no_Uta",
        "type": "Music",
        "eps": "1",
        "members": "255",
        "ystart": "2003",
        "yend": "2003",
        "score": "5.37",
        "popularity_rank": "13206"
    },
    {
        "url": "https://myanimelist.net/anime/21717/Koisuru_Niwatori",
        "type": "Music",
        "eps": "1",
        "members": "250",
        "ystart": "1985",
        "yend": "1985",
        "score": "5.37",
        "popularity_rank": "13287"
    },
    {
        "url": "https://myanimelist.net/anime/8679/Saboten_ga_Nikui",
        "type": "Music",
        "eps": "1",
        "members": "251",
        "ystart": "1988",
        "yend": "1988",
        "score": "5.36",
        "popularity_rank": "13272"
    },
    {
        "url": "https://myanimelist.net/anime/28197/Ofuro_no_Kazoe_Uta",
        "type": "Music",
        "eps": "1",
        "members": "238",
        "ystart": "1980",
        "yend": "1980",
        "score": "5.35",
        "popularity_rank": "13430"
    },
    {
        "url": "https://myanimelist.net/anime/29587/Home_My_Home",
        "type": "Movie",
        "eps": "1",
        "members": "257",
        "ystart": "1970",
        "yend": "1970",
        "score": "5.34",
        "popularity_rank": "13187"
    },
    {
        "url": "https://myanimelist.net/anime/24903/Neko_Funjatta",
        "type": "Music",
        "eps": "1",
        "members": "221",
        "ystart": "1966",
        "yend": "1966",
        "score": "5.33",
        "popularity_rank": "13703"
    },
    {
        "url": "https://myanimelist.net/anime/28355/Henna_ABC",
        "type": "Music",
        "eps": "1",
        "members": "211",
        "ystart": "1986",
        "yend": "1986",
        "score": "5.33",
        "popularity_rank": "13847"
    },
    {
        "url": "https://myanimelist.net/anime/34719/the_FLY_BanD",
        "type": "Special",
        "eps": "1",
        "members": "205",
        "ystart": "1998",
        "yend": "1998",
        "score": "5.33",
        "popularity_rank": "13949"
    },
    {
        "url": "https://myanimelist.net/anime/29955/Insomniac",
        "type": "Music",
        "eps": "1",
        "members": "260",
        "ystart": "2008",
        "yend": "2008",
        "score": "5.32",
        "popularity_rank": "13149"
    },
    {
        "url": "https://myanimelist.net/anime/33872/Fujinkoron-senpai",
        "type": "ONA",
        "eps": "1",
        "members": "248",
        "ystart": "2016",
        "yend": "2016",
        "score": "5.32",
        "popularity_rank": "13309"
    },
    {
        "url": "https://myanimelist.net/anime/32767/Hane",
        "type": "Music",
        "eps": "1",
        "members": "237",
        "ystart": "2011",
        "yend": "2011",
        "score": "5.32",
        "popularity_rank": "13467"
    },
    {
        "url": "https://myanimelist.net/anime/30433/Eat_You_Up_Bunny",
        "type": "Music",
        "eps": "1",
        "members": "262",
        "ystart": "2012",
        "yend": "2012",
        "score": "5.31",
        "popularity_rank": "13131"
    },
    {
        "url": "https://myanimelist.net/anime/8772/Happy_Weekend",
        "type": "Music",
        "eps": "1",
        "members": "257",
        "ystart": "2002",
        "yend": "2002",
        "score": "5.31",
        "popularity_rank": "13184"
    },
    {
        "url": "https://myanimelist.net/anime/33217/Hikaru_Genji__Paradise_Ginga",
        "type": "Music",
        "eps": "1",
        "members": "243",
        "ystart": "1989",
        "yend": "1989",
        "score": "5.31",
        "popularity_rank": "13373"
    },
    {
        "url": "https://myanimelist.net/anime/30241/Umo",
        "type": "Music",
        "eps": "1",
        "members": "206",
        "ystart": "2007",
        "yend": "2007",
        "score": "5.31",
        "popularity_rank": "13922"
    },
    {
        "url": "https://myanimelist.net/anime/29679/Ki_Renka",
        "type": "Movie",
        "eps": "1",
        "members": "269",
        "ystart": "1971",
        "yend": "1971",
        "score": "5.30",
        "popularity_rank": "13035"
    },
    {
        "url": "https://myanimelist.net/anime/36983/Oshiri_Tantei__Puputto_Fumutto_Kaiketsu_Dance",
        "type": "Music",
        "eps": "1",
        "members": "237",
        "ystart": "2017",
        "yend": "2017",
        "score": "5.30",
        "popularity_rank": "13459"
    },
    {
        "url": "https://myanimelist.net/anime/29557/Mikuni_no_Tame_Ni",
        "type": "Movie",
        "eps": "1",
        "members": "268",
        "ystart": "1928",
        "yend": "1928",
        "score": "5.29",
        "popularity_rank": "13042"
    },
    {
        "url": "https://myanimelist.net/anime/32855/Tonight",
        "type": "Music",
        "eps": "1",
        "members": "252",
        "ystart": "2015",
        "yend": "2015",
        "score": "5.29",
        "popularity_rank": "13252"
    },
    {
        "url": "https://myanimelist.net/anime/14125/Otogi_no_Kuni_no_Birthday",
        "type": "Music",
        "eps": "1",
        "members": "251",
        "ystart": "1988",
        "yend": "1988",
        "score": "5.28",
        "popularity_rank": "13260"
    },
    {
        "url": "https://myanimelist.net/anime/36096/Ice_Fist",
        "type": "Music",
        "eps": "1",
        "members": "248",
        "ystart": "2014",
        "yend": "2014",
        "score": "5.28",
        "popularity_rank": "13305"
    },
    {
        "url": "https://myanimelist.net/anime/29409/Juu-nin_no_Chiisa_na_Indian",
        "type": "Movie",
        "eps": "1",
        "members": "242",
        "ystart": "1968",
        "yend": "1968",
        "score": "5.28",
        "popularity_rank": "13392"
    },
    {
        "url": "https://myanimelist.net/anime/30074/Symphonic_Variations",
        "type": "Music",
        "eps": "1",
        "members": "253",
        "ystart": "1976",
        "yend": "1976",
        "score": "5.27",
        "popularity_rank": "13234"
    },
    {
        "url": "https://myanimelist.net/anime/30165/Yamaguchi_Sanchi_no_Tsutomu-kun",
        "type": "Music",
        "eps": "1",
        "members": "234",
        "ystart": "1976",
        "yend": "1976",
        "score": "5.27",
        "popularity_rank": "13506"
    },
    {
        "url": "https://myanimelist.net/anime/36092/Alluptoyou",
        "type": "Music",
        "eps": "1",
        "members": "231",
        "ystart": "2016",
        "yend": "2016",
        "score": "5.27",
        "popularity_rank": "13558"
    },
    {
        "url": "https://myanimelist.net/anime/30430/Kimi_wa_Sou_Kimeta",
        "type": "Music",
        "eps": "1",
        "members": "217",
        "ystart": "2011",
        "yend": "2011",
        "score": "5.27",
        "popularity_rank": "13779"
    },
    {
        "url": "https://myanimelist.net/anime/32758/Toute_wa_Sono_Kotae",
        "type": "Music",
        "eps": "1",
        "members": "203",
        "ystart": "2014",
        "yend": "2014",
        "score": "5.26",
        "popularity_rank": "13994"
    },
    {
        "url": "https://myanimelist.net/anime/35400/Kamishibai_Kintarou_no_Maki",
        "type": "Movie",
        "eps": "1",
        "members": "254",
        "ystart": "1934",
        "yend": "1934",
        "score": "5.25",
        "popularity_rank": "13216"
    },
    {
        "url": "https://myanimelist.net/anime/30167/Kanashiki_Mongoose",
        "type": "Music",
        "eps": "1",
        "members": "214",
        "ystart": "1979",
        "yend": "1979",
        "score": "5.25",
        "popularity_rank": "13807"
    },
    {
        "url": "https://myanimelist.net/anime/29555/Kinken_Chochiku_Shiobara_Tasuke",
        "type": "Movie",
        "eps": "1",
        "members": "261",
        "ystart": "1925",
        "yend": "1925",
        "score": "5.24",
        "popularity_rank": "13141"
    },
    {
        "url": "https://myanimelist.net/anime/30077/Koro_wa_Yane_no_Ue",
        "type": "Music",
        "eps": "1",
        "members": "249",
        "ystart": "1986",
        "yend": "1986",
        "score": "5.24",
        "popularity_rank": "13297"
    },
    {
        "url": "https://myanimelist.net/anime/21891/Natsumi_Step",
        "type": "Music",
        "eps": "1",
        "members": "267",
        "ystart": "2003",
        "yend": "2003",
        "score": "5.23",
        "popularity_rank": "13055"
    },
    {
        "url": "https://myanimelist.net/anime/35394/Oira_no_Hijouji",
        "type": "Movie",
        "eps": "1",
        "members": "260",
        "ystart": "1936",
        "yend": "1936",
        "score": "5.23",
        "popularity_rank": "13153"
    },
    {
        "url": "https://myanimelist.net/anime/30076/Roba_Chotto_Suneta",
        "type": "Music",
        "eps": "1",
        "members": "243",
        "ystart": "1983",
        "yend": "1983",
        "score": "5.23",
        "popularity_rank": "13368"
    },
    {
        "url": "https://myanimelist.net/anime/30081/Shiawase_no_Uta",
        "type": "Music",
        "eps": "1",
        "members": "227",
        "ystart": "1984",
        "yend": "1984",
        "score": "5.23",
        "popularity_rank": "13613"
    },
    {
        "url": "https://myanimelist.net/anime/29455/Cabbage_UFO",
        "type": "Music",
        "eps": "1",
        "members": "270",
        "ystart": "1984",
        "yend": "1984",
        "score": "5.22",
        "popularity_rank": "13016"
    },
    {
        "url": "https://myanimelist.net/anime/32868/Spring_Stranger",
        "type": "Music",
        "eps": "1",
        "members": "235",
        "ystart": "2009",
        "yend": "2009",
        "score": "5.21",
        "popularity_rank": "13489"
    },
    {
        "url": "https://myanimelist.net/anime/25377/TOTO_Green_Challenge",
        "type": "ONA",
        "eps": "1",
        "members": "260",
        "ystart": "2011",
        "yend": "2011",
        "score": "5.19",
        "popularity_rank": "13151"
    },
    {
        "url": "https://myanimelist.net/anime/24905/Go-hiki_no_Kobuta_to_Charleston",
        "type": "Music",
        "eps": "1",
        "members": "242",
        "ystart": "1964",
        "yend": "1964",
        "score": "5.18",
        "popularity_rank": "13380"
    },
    {
        "url": "https://myanimelist.net/anime/29972/Hakuchuu_Meikyuu",
        "type": "ONA",
        "eps": "1",
        "members": "224",
        "ystart": "2004",
        "yend": "2004",
        "score": "5.18",
        "popularity_rank": "13645"
    },
    {
        "url": "https://myanimelist.net/anime/33866/Wonder",
        "type": "Music",
        "eps": "1",
        "members": "228",
        "ystart": "2012",
        "yend": "2012",
        "score": "5.16",
        "popularity_rank": "13591"
    },
    {
        "url": "https://myanimelist.net/anime/21833/Higenashi_Gogejabaru",
        "type": "Music",
        "eps": "1",
        "members": "267",
        "ystart": "1974",
        "yend": "1974",
        "score": "5.15",
        "popularity_rank": "13052"
    },
    {
        "url": "https://myanimelist.net/anime/31269/Venus",
        "type": "Movie",
        "eps": "1",
        "members": "265",
        "ystart": "1990",
        "yend": "1990",
        "score": "5.15",
        "popularity_rank": "13081"
    },
    {
        "url": "https://myanimelist.net/anime/32344/Nana-iro_Megane",
        "type": "Music",
        "eps": "1",
        "members": "249",
        "ystart": "2010",
        "yend": "2010",
        "score": "5.15",
        "popularity_rank": "13294"
    },
    {
        "url": "https://myanimelist.net/anime/30403/Paper_Film",
        "type": "Movie",
        "eps": "1",
        "members": "229",
        "ystart": "2005",
        "yend": "2005",
        "score": "5.14",
        "popularity_rank": "13583"
    },
    {
        "url": "https://myanimelist.net/anime/24843/Clarinet_Kowashichatta",
        "type": "Music",
        "eps": "1",
        "members": "252",
        "ystart": "1963",
        "yend": "1963",
        "score": "5.12",
        "popularity_rank": "13245"
    },
    {
        "url": "https://myanimelist.net/anime/24901/Cook_no_Polka",
        "type": "Music",
        "eps": "1",
        "members": "234",
        "ystart": "1964",
        "yend": "1964",
        "score": "5.12",
        "popularity_rank": "13500"
    },
    {
        "url": "https://myanimelist.net/anime/39035/Lux_Straight___Beauty_Massugu_Ikiru",
        "type": "ONA",
        "eps": "1",
        "members": "239",
        "ystart": "2016",
        "yend": "2016",
        "score": "5.11",
        "popularity_rank": "13421"
    },
    {
        "url": "https://myanimelist.net/anime/38498/Banana_ga_Suki",
        "type": "Music",
        "eps": "1",
        "members": "222",
        "ystart": "2018",
        "yend": "2018",
        "score": "5.11",
        "popularity_rank": "13691"
    },
    {
        "url": "https://myanimelist.net/anime/36158/Nowhereland",
        "type": "Music",
        "eps": "1",
        "members": "252",
        "ystart": "2016",
        "yend": "2016",
        "score": "5.10",
        "popularity_rank": "13248"
    },
    {
        "url": "https://myanimelist.net/anime/30393/Hana_no_Hanashi",
        "type": "Movie",
        "eps": "1",
        "members": "236",
        "ystart": "2010",
        "yend": "2010",
        "score": "5.10",
        "popularity_rank": "13476"
    },
    {
        "url": "https://myanimelist.net/anime/30397/Mori_no_Kuma-san_2009",
        "type": "Music",
        "eps": "1",
        "members": "253",
        "ystart": "2009",
        "yend": "2009",
        "score": "5.08",
        "popularity_rank": "13238"
    },
    {
        "url": "https://myanimelist.net/anime/30335/Portrait",
        "type": "Movie",
        "eps": "1",
        "members": "257",
        "ystart": "1983",
        "yend": "1983",
        "score": "5.07",
        "popularity_rank": "13186"
    },
    {
        "url": "https://myanimelist.net/anime/37147/Nou_Nen_feat_Utae",
        "type": "Music",
        "eps": "1",
        "members": "245",
        "ystart": "2017",
        "yend": "2017",
        "score": "5.07",
        "popularity_rank": "13331"
    },
    {
        "url": "https://myanimelist.net/anime/32852/Survivor",
        "type": "Music",
        "eps": "1",
        "members": "202",
        "ystart": "2008",
        "yend": "2008",
        "score": "5.07",
        "popularity_rank": "13998"
    },
    {
        "url": "https://myanimelist.net/anime/33401/Momotarou_Music",
        "type": "Music",
        "eps": "1",
        "members": "230",
        "ystart": "2014",
        "yend": "2014",
        "score": "5.05",
        "popularity_rank": "13563"
    },
    {
        "url": "https://myanimelist.net/anime/28897/Ganso_Banana_no_Tamashii",
        "type": "Music",
        "eps": "1",
        "members": "258",
        "ystart": "1990",
        "yend": "1990",
        "score": "5.03",
        "popularity_rank": "13180"
    },
    {
        "url": "https://myanimelist.net/anime/31450/Sol",
        "type": "Music",
        "eps": "1",
        "members": "219",
        "ystart": "2012",
        "yend": "2012",
        "score": "5.03",
        "popularity_rank": "13747"
    },
    {
        "url": "https://myanimelist.net/anime/35388/Ameya_Tanuki",
        "type": "Movie",
        "eps": "1",
        "members": "251",
        "ystart": "1931",
        "yend": "1931",
        "score": "5.02",
        "popularity_rank": "13262"
    },
    {
        "url": "https://myanimelist.net/anime/30211/Zenchuu_Maite",
        "type": "Movie",
        "eps": "1",
        "members": "258",
        "ystart": "2004",
        "yend": "2004",
        "score": "5.01",
        "popularity_rank": "13167"
    },
    {
        "url": "https://myanimelist.net/anime/30160/Oppai_ga_Ippai",
        "type": "Music",
        "eps": "1",
        "members": "244",
        "ystart": "eps",
        "yend": "eps",
        "score": "5.01",
        "popularity_rank": "13357"
    },
    {
        "url": "https://myanimelist.net/anime/38701/Aa___ii",
        "type": "Movie",
        "eps": "1",
        "members": "248",
        "ystart": "2014",
        "yend": "2014",
        "score": "4.98",
        "popularity_rank": "13306"
    },
    {
        "url": "https://myanimelist.net/anime/30418/Petit_Manga",
        "type": "Movie",
        "eps": "1",
        "members": "242",
        "ystart": "2009",
        "yend": "2009",
        "score": "4.98",
        "popularity_rank": "13388"
    },
    {
        "url": "https://myanimelist.net/anime/30401/Rule",
        "type": "Movie",
        "eps": "1",
        "members": "239",
        "ystart": "2009",
        "yend": "2009",
        "score": "4.98",
        "popularity_rank": "13424"
    },
    {
        "url": "https://myanimelist.net/anime/33907/Magical_Music_Train",
        "type": "Music",
        "eps": "1",
        "members": "228",
        "ystart": "2009",
        "yend": "2009",
        "score": "4.95",
        "popularity_rank": "13594"
    },
    {
        "url": "https://myanimelist.net/anime/35390/Osekisho",
        "type": "Movie",
        "eps": "1",
        "members": "270",
        "ystart": "1930",
        "yend": "1930",
        "score": "4.94",
        "popularity_rank": "13019"
    },
    {
        "url": "https://myanimelist.net/anime/37065/123",
        "type": "Music",
        "eps": "1",
        "members": "254",
        "ystart": "2004",
        "yend": "2004",
        "score": "4.94",
        "popularity_rank": "13222"
    },
    {
        "url": "https://myanimelist.net/anime/30429/Utsukushii",
        "type": "Music",
        "eps": "1",
        "members": "235",
        "ystart": "2008",
        "yend": "2008",
        "score": "4.94",
        "popularity_rank": "13496"
    },
    {
        "url": "https://myanimelist.net/anime/30427/Mr_Empty",
        "type": "Music",
        "eps": "1",
        "members": "268",
        "ystart": "2004",
        "yend": "2004",
        "score": "4.93",
        "popularity_rank": "13049"
    },
    {
        "url": "https://myanimelist.net/anime/32778/Ame_no_Bus_Stop-hen",
        "type": "Music",
        "eps": "1",
        "members": "253",
        "ystart": "2009",
        "yend": "2009",
        "score": "4.93",
        "popularity_rank": "13230"
    },
    {
        "url": "https://myanimelist.net/anime/37452/A_Woman_in_a_Fashion_Building",
        "type": "Movie",
        "eps": "1",
        "members": "245",
        "ystart": "2015",
        "yend": "2015",
        "score": "4.91",
        "popularity_rank": "13333"
    },
    {
        "url": "https://myanimelist.net/anime/38961/Takoyaki_Story",
        "type": "Music",
        "eps": "1",
        "members": "211",
        "ystart": "2018",
        "yend": "2018",
        "score": "4.91",
        "popularity_rank": "13839"
    },
    {
        "url": "https://myanimelist.net/anime/34720/In_Search_of_Axis",
        "type": "Special",
        "eps": "3",
        "members": "268",
        "ystart": "1989",
        "yend": "1991",
        "score": "4.86",
        "popularity_rank": "13047"
    }
]