[
    {
        "url": "https://myanimelist.net/anime/41164/Ruru-chan_no_Jisatsu_Haishin",
        "type": "Music",
        "eps": "1",
        "members": "369",
        "ystart": "2020",
        "yend": "2020",
        "score": "6.95",
        "popularity_rank": "12174"
    },
    {
        "url": "https://myanimelist.net/anime/41167/Crescent_Rise",
        "type": "Music",
        "eps": "1",
        "members": "328",
        "ystart": "2020",
        "yend": "2020",
        "score": "6.84",
        "popularity_rank": "12462"
    },
    {
        "url": "https://myanimelist.net/anime/40967/BangBangBang",
        "type": "Music",
        "eps": "1",
        "members": "386",
        "ystart": "2019",
        "yend": "2019",
        "score": "6.77",
        "popularity_rank": "12057"
    },
    {
        "url": "https://myanimelist.net/anime/33759/Feng_Wei_Ying_Xiong",
        "type": "ONA",
        "eps": "13",
        "members": "354",
        "ystart": "2015",
        "yend": "2016",
        "score": "6.56",
        "popularity_rank": "12266"
    },
    {
        "url": "https://myanimelist.net/anime/41217/Pianoman",
        "type": "ONA",
        "eps": "1",
        "members": "332",
        "ystart": "2020",
        "yend": "2020",
        "score": "6.52",
        "popularity_rank": "12428"
    },
    {
        "url": "https://myanimelist.net/anime/40172/Lucky\u2606Orb_feat_Hatsune_Miku",
        "type": "Music",
        "eps": "1",
        "members": "333",
        "ystart": "2019",
        "yend": "2019",
        "score": "6.50",
        "popularity_rank": "12427"
    },
    {
        "url": "https://myanimelist.net/anime/38852/Kawaiku_Naritai",
        "type": "Music",
        "eps": "1",
        "members": "296",
        "ystart": "2017",
        "yend": "2017",
        "score": "6.48",
        "popularity_rank": "12729"
    },
    {
        "url": "https://myanimelist.net/anime/40293/Romeo_to_Cinderalla_wo_Utattemita",
        "type": "Music",
        "eps": "1",
        "members": "387",
        "ystart": "2019",
        "yend": "2019",
        "score": "6.47",
        "popularity_rank": "12049"
    },
    {
        "url": "https://myanimelist.net/anime/9950/Hulu_Xiongdi",
        "type": "TV",
        "eps": "13",
        "members": "357",
        "ystart": "1986",
        "yend": "1987",
        "score": "6.47",
        "popularity_rank": "12246"
    },
    {
        "url": "https://myanimelist.net/anime/38412/Qing_Chi_Hong_Xiaodou_Ba",
        "type": "ONA",
        "eps": "12",
        "members": "365",
        "ystart": "2018",
        "yend": "2018",
        "score": "6.45",
        "popularity_rank": "12191"
    },
    {
        "url": "https://myanimelist.net/anime/40294/Karakuri_Pierrot_wo_Utattemita",
        "type": "Music",
        "eps": "1",
        "members": "339",
        "ystart": "2019",
        "yend": "2019",
        "score": "6.45",
        "popularity_rank": "12370"
    },
    {
        "url": "https://myanimelist.net/anime/8332/Kudan",
        "type": "Movie",
        "eps": "1",
        "members": "277",
        "ystart": "2008",
        "yend": "2008",
        "score": "6.45",
        "popularity_rank": "12940"
    },
    {
        "url": "https://myanimelist.net/anime/36368/Katasumi_no_Uroko",
        "type": "Movie",
        "eps": "1",
        "members": "385",
        "ystart": "2016",
        "yend": "2016",
        "score": "6.44",
        "popularity_rank": "12064"
    },
    {
        "url": "https://myanimelist.net/anime/39163/Nonsense_Bungaku",
        "type": "Music",
        "eps": "1",
        "members": "380",
        "ystart": "2017",
        "yend": "2017",
        "score": "6.43",
        "popularity_rank": "12111"
    },
    {
        "url": "https://myanimelist.net/anime/40292/Alien_Alien_wo_Utattemita",
        "type": "Music",
        "eps": "1",
        "members": "395",
        "ystart": "2019",
        "yend": "2019",
        "score": "6.42",
        "popularity_rank": "12005"
    },
    {
        "url": "https://myanimelist.net/anime/34117/Otousan_wa_Ai_no_Hito",
        "type": "ONA",
        "eps": "1",
        "members": "372",
        "ystart": "2016",
        "yend": "2016",
        "score": "6.38",
        "popularity_rank": "12155"
    },
    {
        "url": "https://myanimelist.net/anime/2647/Dorami-chan__Mini-Dora_SOS",
        "type": "Movie",
        "eps": "1",
        "members": "369",
        "ystart": "1989",
        "yend": "1989",
        "score": "6.38",
        "popularity_rank": "12170"
    },
    {
        "url": "https://myanimelist.net/anime/32422/Joukyuusei",
        "type": "Music",
        "eps": "1",
        "members": "355",
        "ystart": "1985",
        "yend": "1985",
        "score": "6.33",
        "popularity_rank": "12255"
    },
    {
        "url": "https://myanimelist.net/anime/38078/Zoo__Hidamari_no_Shi",
        "type": "Movie",
        "eps": "1",
        "members": "290",
        "ystart": "2005",
        "yend": "2005",
        "score": "6.33",
        "popularity_rank": "12791"
    },
    {
        "url": "https://myanimelist.net/anime/7124/Madou_King_Granzort__Bouken-hen",
        "type": "OVA",
        "eps": "3",
        "members": "338",
        "ystart": "1992",
        "yend": "1992",
        "score": "6.32",
        "popularity_rank": "12380"
    },
    {
        "url": "https://myanimelist.net/anime/37531/Suicide_Ballad",
        "type": "Music",
        "eps": "1",
        "members": "290",
        "ystart": "2013",
        "yend": "2013",
        "score": "6.32",
        "popularity_rank": "12789"
    },
    {
        "url": "https://myanimelist.net/anime/37551/Onikiri_Musume_Saisen",
        "type": "ONA",
        "eps": "1",
        "members": "374",
        "ystart": "2014",
        "yend": "2014",
        "score": "6.29",
        "popularity_rank": "12142"
    },
    {
        "url": "https://myanimelist.net/anime/6579/Chikyuu_Bouei_Kazoku_Special",
        "type": "Special",
        "eps": "1",
        "members": "384",
        "ystart": "2002",
        "yend": "2002",
        "score": "6.28",
        "popularity_rank": "12076"
    },
    {
        "url": "https://myanimelist.net/anime/4112/Oyako_Nezumi_no_Fushigi_na_Tabi",
        "type": "Movie",
        "eps": "1",
        "members": "393",
        "ystart": "1978",
        "yend": "1978",
        "score": "6.26",
        "popularity_rank": "12017"
    },
    {
        "url": "https://myanimelist.net/anime/11873/Oraa_Guzura_Dado_1987",
        "type": "TV",
        "eps": "44",
        "members": "382",
        "ystart": "1987",
        "yend": "1988",
        "score": "6.25",
        "popularity_rank": "12092"
    },
    {
        "url": "https://myanimelist.net/anime/37112/Doraemon_Anniversary_25",
        "type": "Movie",
        "eps": "1",
        "members": "359",
        "ystart": "2004",
        "yend": "2004",
        "score": "6.23",
        "popularity_rank": "12231"
    },
    {
        "url": "https://myanimelist.net/anime/23393/Shin_Don_Chuck_Monogatari",
        "type": "TV",
        "eps": "73",
        "members": "317",
        "ystart": "1976",
        "yend": "1978",
        "score": "6.22",
        "popularity_rank": "12554"
    },
    {
        "url": "https://myanimelist.net/anime/17955/Hello_Kitty_no_Nemureru_Mori_no_Bijo",
        "type": "OVA",
        "eps": "1",
        "members": "357",
        "ystart": "2001",
        "yend": "2001",
        "score": "6.21",
        "popularity_rank": "12239"
    },
    {
        "url": "https://myanimelist.net/anime/30066/L_R__Licensed_by_Royal_Special",
        "type": "Special",
        "eps": "1",
        "members": "387",
        "ystart": "2003",
        "yend": "2003",
        "score": "6.20",
        "popularity_rank": "12051"
    },
    {
        "url": "https://myanimelist.net/anime/12497/Garakuta-doori_no_Stain__Epilogue",
        "type": "OVA",
        "eps": "1",
        "members": "313",
        "ystart": "2003",
        "yend": "2003",
        "score": "6.20",
        "popularity_rank": "12590"
    },
    {
        "url": "https://myanimelist.net/anime/33369/Metronome",
        "type": "Music",
        "eps": "1",
        "members": "382",
        "ystart": "2015",
        "yend": "2015",
        "score": "6.19",
        "popularity_rank": "12091"
    },
    {
        "url": "https://myanimelist.net/anime/6965/Kaiketsu_Zorori__Mahoutsukai_no_Deshi_Dai_Kaizoku_no_Takara_Sagashi",
        "type": "Movie",
        "eps": "1",
        "members": "359",
        "ystart": "1993",
        "yend": "1993",
        "score": "6.19",
        "popularity_rank": "12226"
    },
    {
        "url": "https://myanimelist.net/anime/38392/Tsunagu_Soramoyou",
        "type": "Music",
        "eps": "1",
        "members": "312",
        "ystart": "2018",
        "yend": "2018",
        "score": "6.19",
        "popularity_rank": "12599"
    },
    {
        "url": "https://myanimelist.net/anime/37608/Renai_Saiban",
        "type": "Music",
        "eps": "1",
        "members": "304",
        "ystart": "2014",
        "yend": "2014",
        "score": "6.19",
        "popularity_rank": "12666"
    },
    {
        "url": "https://myanimelist.net/anime/38986/Kimi_ga_Inakucha",
        "type": "Music",
        "eps": "1",
        "members": "321",
        "ystart": "2018",
        "yend": "2018",
        "score": "6.18",
        "popularity_rank": "12514"
    },
    {
        "url": "https://myanimelist.net/anime/31674/Larva_3rd_Season",
        "type": "TV",
        "eps": "26",
        "members": "292",
        "ystart": "2014",
        "yend": "2014",
        "score": "6.17",
        "popularity_rank": "12766"
    },
    {
        "url": "https://myanimelist.net/anime/39314/Deep_Blue_Song",
        "type": "Music",
        "eps": "1",
        "members": "323",
        "ystart": "2017",
        "yend": "2017",
        "score": "6.16",
        "popularity_rank": "12496"
    },
    {
        "url": "https://myanimelist.net/anime/19731/Osamu_to_Musashi",
        "type": "Movie",
        "eps": "1",
        "members": "297",
        "ystart": "1994",
        "yend": "1994",
        "score": "6.16",
        "popularity_rank": "12717"
    },
    {
        "url": "https://myanimelist.net/anime/27405/Zou_no_Senaka__Tabidatsu_Hi",
        "type": "OVA",
        "eps": "1",
        "members": "341",
        "ystart": "2007",
        "yend": "2007",
        "score": "6.15",
        "popularity_rank": "12353"
    },
    {
        "url": "https://myanimelist.net/anime/29235/Ninja_Hattori-kun_Plus_Perman__Chounouryoku_Wars",
        "type": "Movie",
        "eps": "1",
        "members": "364",
        "ystart": "1984",
        "yend": "1984",
        "score": "6.14",
        "popularity_rank": "12198"
    },
    {
        "url": "https://myanimelist.net/anime/21163/Oni_no_Ko_to_Yuki_Usagi",
        "type": "Movie",
        "eps": "1",
        "members": "311",
        "ystart": "1995",
        "yend": "1995",
        "score": "6.14",
        "popularity_rank": "12606"
    },
    {
        "url": "https://myanimelist.net/anime/34840/Kitsune_Tsuki",
        "type": "Movie",
        "eps": "1",
        "members": "380",
        "ystart": "2015",
        "yend": "2015",
        "score": "6.13",
        "popularity_rank": "12106"
    },
    {
        "url": "https://myanimelist.net/anime/20185/Pa-Pa-Pa_the_\u2605_Movie__Perman",
        "type": "Movie",
        "eps": "1",
        "members": "367",
        "ystart": "2003",
        "yend": "2003",
        "score": "6.13",
        "popularity_rank": "12184"
    },
    {
        "url": "https://myanimelist.net/anime/21493/Ninja_Hattori-kun__Nin_Nin_Ninpo_Enikki_no_Maki",
        "type": "Movie",
        "eps": "1",
        "members": "367",
        "ystart": "1982",
        "yend": "1982",
        "score": "6.12",
        "popularity_rank": "12186"
    },
    {
        "url": "https://myanimelist.net/anime/31150/Xi_Yang_Yang_Yu_Hui_Tai_Lang",
        "type": "TV",
        "eps": "?",
        "members": "345",
        "ystart": "2005",
        "yend": "2005",
        "score": "6.10",
        "popularity_rank": "12329"
    },
    {
        "url": "https://myanimelist.net/anime/4682/Ultra_Nyan_2__The_Great_Happy_Operation",
        "type": "Movie",
        "eps": "1",
        "members": "378",
        "ystart": "1998",
        "yend": "1998",
        "score": "6.09",
        "popularity_rank": "12117"
    },
    {
        "url": "https://myanimelist.net/anime/41340/Uchida_Shungicu_no_Noroi_no_One-Piece",
        "type": "Special",
        "eps": "1",
        "members": "359",
        "ystart": "1992",
        "yend": "1992",
        "score": "6.09",
        "popularity_rank": "12228"
    },
    {
        "url": "https://myanimelist.net/anime/34849/Konohana_no_Sakuya_Mori",
        "type": "Movie",
        "eps": "1",
        "members": "335",
        "ystart": "2014",
        "yend": "2014",
        "score": "6.08",
        "popularity_rank": "12399"
    },
    {
        "url": "https://myanimelist.net/anime/37541/Kimi_no_Iru_Basho",
        "type": "Music",
        "eps": "1",
        "members": "275",
        "ystart": "2017",
        "yend": "2017",
        "score": "6.08",
        "popularity_rank": "12967"
    },
    {
        "url": "https://myanimelist.net/anime/12037/Whats_Michael_2",
        "type": "OVA",
        "eps": "1",
        "members": "350",
        "ystart": "1988",
        "yend": "1988",
        "score": "6.06",
        "popularity_rank": "12295"
    },
    {
        "url": "https://myanimelist.net/anime/29135/Chiisana_Teien",
        "type": "Movie",
        "eps": "1",
        "members": "343",
        "ystart": "2014",
        "yend": "2014",
        "score": "6.06",
        "popularity_rank": "12348"
    },
    {
        "url": "https://myanimelist.net/anime/38385/Dry_Dry_Try",
        "type": "Music",
        "eps": "1",
        "members": "304",
        "ystart": "2017",
        "yend": "2017",
        "score": "6.06",
        "popularity_rank": "12667"
    },
    {
        "url": "https://myanimelist.net/anime/7461/Komaneko_no_Christmas__Maigo_ni_Natta_Present",
        "type": "Movie",
        "eps": "1",
        "members": "368",
        "ystart": "2009",
        "yend": "2009",
        "score": "6.05",
        "popularity_rank": "12175"
    },
    {
        "url": "https://myanimelist.net/anime/39872/Chiruri",
        "type": "ONA",
        "eps": "1",
        "members": "278",
        "ystart": "2011",
        "yend": "2011",
        "score": "6.05",
        "popularity_rank": "12935"
    },
    {
        "url": "https://myanimelist.net/anime/32745/Fake_Style",
        "type": "Music",
        "eps": "1",
        "members": "314",
        "ystart": "2013",
        "yend": "2013",
        "score": "6.04",
        "popularity_rank": "12581"
    },
    {
        "url": "https://myanimelist.net/anime/17951/Hello_Kitty_no_Shirayuki-hime",
        "type": "OVA",
        "eps": "1",
        "members": "386",
        "ystart": "1993",
        "yend": "1993",
        "score": "6.03",
        "popularity_rank": "12058"
    },
    {
        "url": "https://myanimelist.net/anime/35554/Girl_Electric",
        "type": "Music",
        "eps": "1",
        "members": "354",
        "ystart": "2016",
        "yend": "2016",
        "score": "6.02",
        "popularity_rank": "12267"
    },
    {
        "url": "https://myanimelist.net/anime/36030/Yoiko_no_Rekishi_Anime__Ookina_Kabu_Kabu",
        "type": "Movie",
        "eps": "1",
        "members": "352",
        "ystart": "2016",
        "yend": "2016",
        "score": "6.02",
        "popularity_rank": "12282"
    },
    {
        "url": "https://myanimelist.net/anime/32748/La_Primavera",
        "type": "Music",
        "eps": "1",
        "members": "332",
        "ystart": "2015",
        "yend": "2015",
        "score": "6.02",
        "popularity_rank": "12438"
    },
    {
        "url": "https://myanimelist.net/anime/8764/Hajime_Ningen_Gon",
        "type": "TV",
        "eps": "39",
        "members": "353",
        "ystart": "1996",
        "yend": "1997",
        "score": "6.00",
        "popularity_rank": "12272"
    },
    {
        "url": "https://myanimelist.net/anime/30263/Hello_Kitty_no_Shirayuki-hime_OVA",
        "type": "OVA",
        "eps": "1",
        "members": "299",
        "ystart": "2001",
        "yend": "2001",
        "score": "6.00",
        "popularity_rank": "12704"
    },
    {
        "url": "https://myanimelist.net/anime/7729/Hokkyoku_no_Muushika_Miishika",
        "type": "Movie",
        "eps": "1",
        "members": "383",
        "ystart": "1979",
        "yend": "1979",
        "score": "5.99",
        "popularity_rank": "12077"
    },
    {
        "url": "https://myanimelist.net/anime/8667/Koi_Hanabi",
        "type": "Music",
        "eps": "1",
        "members": "391",
        "ystart": "2002",
        "yend": "2002",
        "score": "5.97",
        "popularity_rank": "12030"
    },
    {
        "url": "https://myanimelist.net/anime/28991/Ninja___Soldier",
        "type": "Movie",
        "eps": "1",
        "members": "342",
        "ystart": "2012",
        "yend": "2012",
        "score": "5.95",
        "popularity_rank": "12351"
    },
    {
        "url": "https://myanimelist.net/anime/39780/Popee_the_Performer__Countdown_Special",
        "type": "Special",
        "eps": "1",
        "members": "302",
        "ystart": "2002",
        "yend": "2002",
        "score": "5.95",
        "popularity_rank": "12682"
    },
    {
        "url": "https://myanimelist.net/anime/36752/Robotic_Girl",
        "type": "Music",
        "eps": "1",
        "members": "281",
        "ystart": "2017",
        "yend": "2017",
        "score": "5.95",
        "popularity_rank": "12888"
    },
    {
        "url": "https://myanimelist.net/anime/30193/Eun-sil-i",
        "type": "Movie",
        "eps": "1",
        "members": "378",
        "ystart": "2011",
        "yend": "2011",
        "score": "5.94",
        "popularity_rank": "12121"
    },
    {
        "url": "https://myanimelist.net/anime/30058/Hong_Ling_Jin_Xia",
        "type": "ONA",
        "eps": "1",
        "members": "277",
        "ystart": "2010",
        "yend": "2010",
        "score": "5.93",
        "popularity_rank": "12939"
    },
    {
        "url": "https://myanimelist.net/anime/31769/Kojiki__Hyuuga-hen",
        "type": "Movie",
        "eps": "1",
        "members": "324",
        "ystart": "2013",
        "yend": "2013",
        "score": "5.91",
        "popularity_rank": "12484"
    },
    {
        "url": "https://myanimelist.net/anime/37548/Metroid_Short_Animation",
        "type": "ONA",
        "eps": "1",
        "members": "299",
        "ystart": "2016",
        "yend": "2016",
        "score": "5.90",
        "popularity_rank": "12707"
    },
    {
        "url": "https://myanimelist.net/anime/26017/Backkom_Specials",
        "type": "ONA",
        "eps": "8",
        "members": "289",
        "ystart": "2007",
        "yend": "2013",
        "score": "5.90",
        "popularity_rank": "12801"
    },
    {
        "url": "https://myanimelist.net/anime/31505/Go_Samurai",
        "type": "ONA",
        "eps": "1",
        "members": "380",
        "ystart": "2015",
        "yend": "2015",
        "score": "5.89",
        "popularity_rank": "12105"
    },
    {
        "url": "https://myanimelist.net/anime/40001/Schoolyard",
        "type": "Special",
        "eps": "1",
        "members": "375",
        "ystart": "2018",
        "yend": "2018",
        "score": "5.89",
        "popularity_rank": "12134"
    },
    {
        "url": "https://myanimelist.net/anime/16506/San_Ge_Heshang",
        "type": "Movie",
        "eps": "1",
        "members": "357",
        "ystart": "1980",
        "yend": "1980",
        "score": "5.89",
        "popularity_rank": "12242"
    },
    {
        "url": "https://myanimelist.net/anime/35410/Ahiru_no_Ko",
        "type": "Movie",
        "eps": "1",
        "members": "334",
        "ystart": "1932",
        "yend": "1932",
        "score": "5.89",
        "popularity_rank": "12410"
    },
    {
        "url": "https://myanimelist.net/anime/37387/Wata_no_Kuni_Hoshi_Pilot",
        "type": "Special",
        "eps": "1",
        "members": "313",
        "ystart": "2007",
        "yend": "2007",
        "score": "5.89",
        "popularity_rank": "12584"
    },
    {
        "url": "https://myanimelist.net/anime/25639/Toilet_no_Kamisama",
        "type": "Music",
        "eps": "1",
        "members": "300",
        "ystart": "2010",
        "yend": "2010",
        "score": "5.89",
        "popularity_rank": "12696"
    },
    {
        "url": "https://myanimelist.net/anime/32747/Fake_Style_II",
        "type": "Music",
        "eps": "1",
        "members": "300",
        "ystart": "2014",
        "yend": "2014",
        "score": "5.89",
        "popularity_rank": "12700"
    },
    {
        "url": "https://myanimelist.net/anime/23597/Legend_of_Basara__Shinbashi_Theater",
        "type": "Special",
        "eps": "1",
        "members": "363",
        "ystart": "2002",
        "yend": "2002",
        "score": "5.88",
        "popularity_rank": "12205"
    },
    {
        "url": "https://myanimelist.net/anime/33936/JA_Kumamoto_Keizairen",
        "type": "ONA",
        "eps": "2",
        "members": "283",
        "ystart": "2016",
        "yend": "2019",
        "score": "5.88",
        "popularity_rank": "12863"
    },
    {
        "url": "https://myanimelist.net/anime/29323/Oyaji_no_Imo_no_Kamisama",
        "type": "Special",
        "eps": "1",
        "members": "383",
        "ystart": "2014",
        "yend": "2014",
        "score": "5.87",
        "popularity_rank": "12083"
    },
    {
        "url": "https://myanimelist.net/anime/38954/Okoshiyasu_Chitose-chan_Recaps",
        "type": "Special",
        "eps": "2",
        "members": "382",
        "ystart": "2018",
        "yend": "2019",
        "score": "5.87",
        "popularity_rank": "12089"
    },
    {
        "url": "https://myanimelist.net/anime/30264/Hello_Kitty_no_Cinderella_OVA",
        "type": "OVA",
        "eps": "1",
        "members": "315",
        "ystart": "2001",
        "yend": "2001",
        "score": "5.87",
        "popularity_rank": "12569"
    },
    {
        "url": "https://myanimelist.net/anime/30289/Dededen",
        "type": "Special",
        "eps": "5",
        "members": "366",
        "ystart": "2015",
        "yend": "2015",
        "score": "5.85",
        "popularity_rank": "12190"
    },
    {
        "url": "https://myanimelist.net/anime/14537/Cinnamon_no_Parade",
        "type": "ONA",
        "eps": "1",
        "members": "358",
        "ystart": "2012",
        "yend": "2012",
        "score": "5.85",
        "popularity_rank": "12237"
    },
    {
        "url": "https://myanimelist.net/anime/28665/Nenga_no_Kizuna",
        "type": "ONA",
        "eps": "1",
        "members": "336",
        "ystart": "2014",
        "yend": "2014",
        "score": "5.85",
        "popularity_rank": "12397"
    },
    {
        "url": "https://myanimelist.net/anime/25173/Xiao_Kedou_Zhao_Mama",
        "type": "Movie",
        "eps": "1",
        "members": "333",
        "ystart": "1960",
        "yend": "1960",
        "score": "5.83",
        "popularity_rank": "12420"
    },
    {
        "url": "https://myanimelist.net/anime/4218/Niji_ni_Mukatte",
        "type": "Movie",
        "eps": "1",
        "members": "306",
        "ystart": "1977",
        "yend": "1977",
        "score": "5.83",
        "popularity_rank": "12645"
    },
    {
        "url": "https://myanimelist.net/anime/34120/Kizuna_ONA",
        "type": "ONA",
        "eps": "1",
        "members": "327",
        "ystart": "2013",
        "yend": "2013",
        "score": "5.82",
        "popularity_rank": "12465"
    },
    {
        "url": "https://myanimelist.net/anime/31321/Shounen_to_Sakura",
        "type": "OVA",
        "eps": "1",
        "members": "291",
        "ystart": "1983",
        "yend": "1983",
        "score": "5.82",
        "popularity_rank": "12773"
    },
    {
        "url": "https://myanimelist.net/anime/38674/Higashi_Asia_Bunka_Toshi_2019_Toshima",
        "type": "ONA",
        "eps": "1",
        "members": "281",
        "ystart": "2018",
        "yend": "2018",
        "score": "5.82",
        "popularity_rank": "12884"
    },
    {
        "url": "https://myanimelist.net/anime/10375/Denshinbashira_no_Okaasan",
        "type": "Movie",
        "eps": "1",
        "members": "383",
        "ystart": "2005",
        "yend": "2005",
        "score": "5.81",
        "popularity_rank": "12082"
    },
    {
        "url": "https://myanimelist.net/anime/39018/Right_Places__Sono_Toki_Boku_no_Irubeki_Basho",
        "type": "ONA",
        "eps": "1",
        "members": "284",
        "ystart": "2013",
        "yend": "2013",
        "score": "5.80",
        "popularity_rank": "12847"
    },
    {
        "url": "https://myanimelist.net/anime/33552/Mameshiba_Bangai-hen",
        "type": "Special",
        "eps": "5",
        "members": "345",
        "ystart": "Jun",
        "yend": "2019",
        "score": "5.79",
        "popularity_rank": "12323"
    },
    {
        "url": "https://myanimelist.net/anime/35423/Ribbon",
        "type": "Music",
        "eps": "1",
        "members": "334",
        "ystart": "2017",
        "yend": "2017",
        "score": "5.79",
        "popularity_rank": "12411"
    },
    {
        "url": "https://myanimelist.net/anime/37384/Fire_Bird",
        "type": "Music",
        "eps": "1",
        "members": "276",
        "ystart": "2016",
        "yend": "2016",
        "score": "5.79",
        "popularity_rank": "12951"
    },
    {
        "url": "https://myanimelist.net/anime/22293/Mahou_no_Yousei_Persia__Escape",
        "type": "Music",
        "eps": "1",
        "members": "373",
        "ystart": "1999",
        "yend": "1999",
        "score": "5.78",
        "popularity_rank": "12145"
    },
    {
        "url": "https://myanimelist.net/anime/39684/Sayonara_Freeway",
        "type": "Music",
        "eps": "1",
        "members": "313",
        "ystart": "2019",
        "yend": "2019",
        "score": "5.78",
        "popularity_rank": "12583"
    },
    {
        "url": "https://myanimelist.net/anime/33885/Hane_2016",
        "type": "Music",
        "eps": "1",
        "members": "284",
        "ystart": "2015",
        "yend": "2015",
        "score": "5.78",
        "popularity_rank": "12846"
    },
    {
        "url": "https://myanimelist.net/anime/23129/Mahou_no_Princess_Minky_Momo__Hitomi_no_Seiza_-_Minky_Momo_Song_Special",
        "type": "Music",
        "eps": "1",
        "members": "387",
        "ystart": "1987",
        "yend": "1987",
        "score": "5.77",
        "popularity_rank": "12048"
    },
    {
        "url": "https://myanimelist.net/anime/34409/Chuuko_Video-ya_no_Onna_Tenin_X",
        "type": "ONA",
        "eps": "1",
        "members": "381",
        "ystart": "2016",
        "yend": "2016",
        "score": "5.76",
        "popularity_rank": "12101"
    },
    {
        "url": "https://myanimelist.net/anime/31972/Tang_Lang_Bu_Chan",
        "type": "Movie",
        "eps": "1",
        "members": "351",
        "ystart": "1988",
        "yend": "1988",
        "score": "5.76",
        "popularity_rank": "12292"
    },
    {
        "url": "https://myanimelist.net/anime/23029/Popful_Mail",
        "type": "Music",
        "eps": "1",
        "members": "338",
        "ystart": "1994",
        "yend": "1994",
        "score": "5.76",
        "popularity_rank": "12383"
    },
    {
        "url": "https://myanimelist.net/anime/18643/Kita_e__Pure_Session",
        "type": "Music",
        "eps": "1",
        "members": "383",
        "ystart": "2000",
        "yend": "2000",
        "score": "5.75",
        "popularity_rank": "12086"
    },
    {
        "url": "https://myanimelist.net/anime/25977/Contact_2",
        "type": "Special",
        "eps": "1",
        "members": "286",
        "ystart": "2006",
        "yend": "2006",
        "score": "5.74",
        "popularity_rank": "12829"
    },
    {
        "url": "https://myanimelist.net/anime/34907/Through_the_Windows",
        "type": "Movie",
        "eps": "1",
        "members": "394",
        "ystart": "2014",
        "yend": "2014",
        "score": "5.73",
        "popularity_rank": "12013"
    },
    {
        "url": "https://myanimelist.net/anime/8697/Mizutori",
        "type": "Music",
        "eps": "1",
        "members": "389",
        "ystart": "1994",
        "yend": "1994",
        "score": "5.73",
        "popularity_rank": "12039"
    },
    {
        "url": "https://myanimelist.net/anime/30217/Neo_Faust",
        "type": "Special",
        "eps": "1",
        "members": "378",
        "ystart": "1999",
        "yend": "1999",
        "score": "5.73",
        "popularity_rank": "12116"
    },
    {
        "url": "https://myanimelist.net/anime/34632/Such_a_Good_Place_to_Die",
        "type": "Movie",
        "eps": "1",
        "members": "337",
        "ystart": "2015",
        "yend": "2015",
        "score": "5.73",
        "popularity_rank": "12387"
    },
    {
        "url": "https://myanimelist.net/anime/39793/Ever_Green_Never_End",
        "type": "Music",
        "eps": "1",
        "members": "310",
        "ystart": "2019",
        "yend": "2019",
        "score": "5.73",
        "popularity_rank": "12614"
    },
    {
        "url": "https://myanimelist.net/anime/30018/Norakuro_Nitouhei",
        "type": "Movie",
        "eps": "1",
        "members": "285",
        "ystart": "1935",
        "yend": "1935",
        "score": "5.72",
        "popularity_rank": "12837"
    },
    {
        "url": "https://myanimelist.net/anime/38485/Readyyy",
        "type": "ONA",
        "eps": "1",
        "members": "283",
        "ystart": "2018",
        "yend": "2018",
        "score": "5.71",
        "popularity_rank": "12858"
    },
    {
        "url": "https://myanimelist.net/anime/40340/Karakuri_Circus",
        "type": "Special",
        "eps": "1",
        "members": "330",
        "ystart": "1998",
        "yend": "1998",
        "score": "5.70",
        "popularity_rank": "12448"
    },
    {
        "url": "https://myanimelist.net/anime/22093/Mayonaka_wa_Junketsu",
        "type": "Music",
        "eps": "1",
        "members": "316",
        "ystart": "2001",
        "yend": "2001",
        "score": "5.70",
        "popularity_rank": "12561"
    },
    {
        "url": "https://myanimelist.net/anime/25963/Backkom_Meogeujan_Yeohaeng",
        "type": "Movie",
        "eps": "1",
        "members": "308",
        "ystart": "2007",
        "yend": "2007",
        "score": "5.70",
        "popularity_rank": "12631"
    },
    {
        "url": "https://myanimelist.net/anime/33236/Committed_Red",
        "type": "Music",
        "eps": "1",
        "members": "355",
        "ystart": "2016",
        "yend": "2016",
        "score": "5.69",
        "popularity_rank": "12256"
    },
    {
        "url": "https://myanimelist.net/anime/31925/White_Tree",
        "type": "Music",
        "eps": "1",
        "members": "319",
        "ystart": "2014",
        "yend": "2014",
        "score": "5.69",
        "popularity_rank": "12542"
    },
    {
        "url": "https://myanimelist.net/anime/35408/Futatsu_no_Sekai",
        "type": "Movie",
        "eps": "1",
        "members": "293",
        "ystart": "1929",
        "yend": "1929",
        "score": "5.69",
        "popularity_rank": "12752"
    },
    {
        "url": "https://myanimelist.net/anime/13089/Hana_to_Mogura",
        "type": "Movie",
        "eps": "1",
        "members": "374",
        "ystart": "1970",
        "yend": "1970",
        "score": "5.68",
        "popularity_rank": "12137"
    },
    {
        "url": "https://myanimelist.net/anime/32150/Ai_to_Shi",
        "type": "Special",
        "eps": "1",
        "members": "361",
        "ystart": "2013",
        "yend": "2013",
        "score": "5.68",
        "popularity_rank": "12216"
    },
    {
        "url": "https://myanimelist.net/anime/9575/Nodoka_Mori_no_Doubutsu_Daisakusen",
        "type": "Special",
        "eps": "1",
        "members": "362",
        "ystart": "1980",
        "yend": "1980",
        "score": "5.67",
        "popularity_rank": "12213"
    },
    {
        "url": "https://myanimelist.net/anime/22411/Asa_ga_Kuru_mae_ni__Sasurai_Version",
        "type": "Music",
        "eps": "1",
        "members": "365",
        "ystart": "2010",
        "yend": "2010",
        "score": "5.66",
        "popularity_rank": "12194"
    },
    {
        "url": "https://myanimelist.net/anime/40338/Iro_wo_Kuu_Akuma",
        "type": "ONA",
        "eps": "1",
        "members": "336",
        "ystart": "2015",
        "yend": "2015",
        "score": "5.65",
        "popularity_rank": "12396"
    },
    {
        "url": "https://myanimelist.net/anime/20705/Baka_Mis\u00e9rables",
        "type": "ONA",
        "eps": "3",
        "members": "345",
        "ystart": "2013",
        "yend": "2013",
        "score": "5.64",
        "popularity_rank": "12332"
    },
    {
        "url": "https://myanimelist.net/anime/34625/Master_of_Torque__Epilogue",
        "type": "ONA",
        "eps": "1",
        "members": "335",
        "ystart": "2016",
        "yend": "2016",
        "score": "5.64",
        "popularity_rank": "12401"
    },
    {
        "url": "https://myanimelist.net/anime/28055/Yuki_no_Yoru_no_Yume",
        "type": "Movie",
        "eps": "1",
        "members": "312",
        "ystart": "1947",
        "yend": "1947",
        "score": "5.64",
        "popularity_rank": "12593"
    },
    {
        "url": "https://myanimelist.net/anime/29623/Jiaoao_de_Jiangjun",
        "type": "Movie",
        "eps": "1",
        "members": "301",
        "ystart": "1956",
        "yend": "1956",
        "score": "5.64",
        "popularity_rank": "12693"
    },
    {
        "url": "https://myanimelist.net/anime/11789/Wish_Me_Mell",
        "type": "ONA",
        "eps": "2",
        "members": "356",
        "ystart": "2011",
        "yend": "2011",
        "score": "5.63",
        "popularity_rank": "12247"
    },
    {
        "url": "https://myanimelist.net/anime/29551/Kanimanji_Engi",
        "type": "Movie",
        "eps": "1",
        "members": "301",
        "ystart": "1925",
        "yend": "1925",
        "score": "5.63",
        "popularity_rank": "12689"
    },
    {
        "url": "https://myanimelist.net/anime/7713/Nihon_Mukashibanashi__Saru_Kani",
        "type": "Movie",
        "eps": "1",
        "members": "282",
        "ystart": "1972",
        "yend": "1972",
        "score": "5.63",
        "popularity_rank": "12876"
    },
    {
        "url": "https://myanimelist.net/anime/7448/Pacusi",
        "type": "TV",
        "eps": "18",
        "members": "376",
        "ystart": "1994",
        "yend": "1995",
        "score": "5.62",
        "popularity_rank": "12125"
    },
    {
        "url": "https://myanimelist.net/anime/40348/Shounen_Sunday_CM__Detective_Conan",
        "type": "Special",
        "eps": "1",
        "members": "353",
        "ystart": "1995",
        "yend": "1995",
        "score": "5.62",
        "popularity_rank": "12274"
    },
    {
        "url": "https://myanimelist.net/anime/7524/Mahou_no_Pen",
        "type": "Movie",
        "eps": "1",
        "members": "315",
        "ystart": "1946",
        "yend": "1946",
        "score": "5.62",
        "popularity_rank": "12573"
    },
    {
        "url": "https://myanimelist.net/anime/32345/Celebration_and_Chorale",
        "type": "Movie",
        "eps": "1",
        "members": "286",
        "ystart": "2012",
        "yend": "2012",
        "score": "5.62",
        "popularity_rank": "12828"
    },
    {
        "url": "https://myanimelist.net/anime/13857/Souhaku_Shisuferia",
        "type": "Music",
        "eps": "1",
        "members": "377",
        "ystart": "2009",
        "yend": "2009",
        "score": "5.61",
        "popularity_rank": "12122"
    },
    {
        "url": "https://myanimelist.net/anime/22675/Peeping_Life__Gekijou_Original-ban",
        "type": "Movie",
        "eps": "5",
        "members": "326",
        "ystart": "2009",
        "yend": "2010",
        "score": "5.61",
        "popularity_rank": "12477"
    },
    {
        "url": "https://myanimelist.net/anime/15653/Stay_the_Same",
        "type": "Music",
        "eps": "1",
        "members": "279",
        "ystart": "2012",
        "yend": "2012",
        "score": "5.61",
        "popularity_rank": "12911"
    },
    {
        "url": "https://myanimelist.net/anime/35264/Gravity",
        "type": "Music",
        "eps": "1",
        "members": "390",
        "ystart": "2016",
        "yend": "2016",
        "score": "5.60",
        "popularity_rank": "12033"
    },
    {
        "url": "https://myanimelist.net/anime/17163/Peeping_Life__The_Perfect_Evolution_Specials",
        "type": "Special",
        "eps": "3",
        "members": "387",
        "ystart": "2011",
        "yend": "2011",
        "score": "5.60",
        "popularity_rank": "12045"
    },
    {
        "url": "https://myanimelist.net/anime/32750/Ashita_e_Mukau_Hito",
        "type": "Music",
        "eps": "1",
        "members": "367",
        "ystart": "2015",
        "yend": "2015",
        "score": "5.60",
        "popularity_rank": "12185"
    },
    {
        "url": "https://myanimelist.net/anime/34121/Itsumo_Kokoro_ni_Ho",
        "type": "ONA",
        "eps": "1",
        "members": "315",
        "ystart": "2013",
        "yend": "2013",
        "score": "5.60",
        "popularity_rank": "12572"
    },
    {
        "url": "https://myanimelist.net/anime/34908/Calihara_no_Uta",
        "type": "Music",
        "eps": "1",
        "members": "272",
        "ystart": "2014",
        "yend": "2014",
        "score": "5.60",
        "popularity_rank": "12994"
    },
    {
        "url": "https://myanimelist.net/anime/15137/Entotsuya_Peroo",
        "type": "Movie",
        "eps": "1",
        "members": "346",
        "ystart": "1930",
        "yend": "1930",
        "score": "5.59",
        "popularity_rank": "12318"
    },
    {
        "url": "https://myanimelist.net/anime/37506/Legend_of_Lemnear__Kyokuguro_no_Tsubasa_Valkisas_Pilot_Film",
        "type": "Special",
        "eps": "1",
        "members": "334",
        "ystart": "1998",
        "yend": "1998",
        "score": "5.59",
        "popularity_rank": "12413"
    },
    {
        "url": "https://myanimelist.net/anime/28987/Kamakura",
        "type": "Movie",
        "eps": "1",
        "members": "301",
        "ystart": "2013",
        "yend": "2013",
        "score": "5.59",
        "popularity_rank": "12688"
    },
    {
        "url": "https://myanimelist.net/anime/34889/Cerberus",
        "type": "Music",
        "eps": "1",
        "members": "291",
        "ystart": "2016",
        "yend": "2016",
        "score": "5.59",
        "popularity_rank": "12772"
    },
    {
        "url": "https://myanimelist.net/anime/12993/Sono_Mukou_no_Mukougawa",
        "type": "Music",
        "eps": "1",
        "members": "395",
        "ystart": "2005",
        "yend": "2005",
        "score": "5.58",
        "popularity_rank": "12008"
    },
    {
        "url": "https://myanimelist.net/anime/35651/Aozora_Under_Girls",
        "type": "ONA",
        "eps": "2",
        "members": "371",
        "ystart": "2017",
        "yend": "2018",
        "score": "5.57",
        "popularity_rank": "12158"
    },
    {
        "url": "https://myanimelist.net/anime/33549/Mame-Mofu_Collab_Animation",
        "type": "ONA",
        "eps": "1",
        "members": "346",
        "ystart": "2008",
        "yend": "2008",
        "score": "5.57",
        "popularity_rank": "12316"
    },
    {
        "url": "https://myanimelist.net/anime/26015/Backkom__Jung-gug_Gijeogwi",
        "type": "Special",
        "eps": "1",
        "members": "337",
        "ystart": "2013",
        "yend": "2013",
        "score": "5.56",
        "popularity_rank": "12391"
    },
    {
        "url": "https://myanimelist.net/anime/29585/Chikotan",
        "type": "Movie",
        "eps": "1",
        "members": "374",
        "ystart": "1971",
        "yend": "1971",
        "score": "5.55",
        "popularity_rank": "12141"
    },
    {
        "url": "https://myanimelist.net/anime/37825/Yukimi-ka_no_Nichijou_wa_Honwari_de_Shimeru",
        "type": "ONA",
        "eps": "1",
        "members": "332",
        "ystart": "2018",
        "yend": "2018",
        "score": "5.55",
        "popularity_rank": "12436"
    },
    {
        "url": "https://myanimelist.net/anime/20869/Nulu-chan_to_Boku",
        "type": "ONA",
        "eps": "1",
        "members": "298",
        "ystart": "2012",
        "yend": "2012",
        "score": "5.55",
        "popularity_rank": "12713"
    },
    {
        "url": "https://myanimelist.net/anime/34118/Pride",
        "type": "ONA",
        "eps": "1",
        "members": "292",
        "ystart": "2015",
        "yend": "2015",
        "score": "5.55",
        "popularity_rank": "12763"
    },
    {
        "url": "https://myanimelist.net/anime/35399/Kamishibai_Itazura_Tanuki_no_Maki",
        "type": "Movie",
        "eps": "1",
        "members": "279",
        "ystart": "1933",
        "yend": "1933",
        "score": "5.55",
        "popularity_rank": "12915"
    },
    {
        "url": "https://myanimelist.net/anime/31641/Niedola",
        "type": "Music",
        "eps": "1",
        "members": "385",
        "ystart": "2012",
        "yend": "2012",
        "score": "5.54",
        "popularity_rank": "12068"
    },
    {
        "url": "https://myanimelist.net/anime/9832/Katte_ni_Shirokuma",
        "type": "OVA",
        "eps": "1",
        "members": "383",
        "ystart": "1987",
        "yend": "1987",
        "score": "5.54",
        "popularity_rank": "12081"
    },
    {
        "url": "https://myanimelist.net/anime/38809/Blackn_White_Jammin_Cats",
        "type": "Music",
        "eps": "1",
        "members": "370",
        "ystart": "2018",
        "yend": "2018",
        "score": "5.53",
        "popularity_rank": "12164"
    },
    {
        "url": "https://myanimelist.net/anime/40222/Agitation",
        "type": "Music",
        "eps": "1",
        "members": "341",
        "ystart": "2019",
        "yend": "2019",
        "score": "5.53",
        "popularity_rank": "12354"
    },
    {
        "url": "https://myanimelist.net/anime/33550/Bic_Contact_X_Mameshiba_Collab_CM",
        "type": "Special",
        "eps": "1",
        "members": "346",
        "ystart": "2013",
        "yend": "2013",
        "score": "5.52",
        "popularity_rank": "12317"
    },
    {
        "url": "https://myanimelist.net/anime/8696/Shiroi_Michi",
        "type": "Music",
        "eps": "1",
        "members": "312",
        "ystart": "1983",
        "yend": "1983",
        "score": "5.52",
        "popularity_rank": "12598"
    },
    {
        "url": "https://myanimelist.net/anime/25973/I_Love_Picnic",
        "type": "Special",
        "eps": "1",
        "members": "301",
        "ystart": "2003",
        "yend": "2003",
        "score": "5.52",
        "popularity_rank": "12690"
    },
    {
        "url": "https://myanimelist.net/anime/20581/Nekketsu_Tantei_Jimusho",
        "type": "ONA",
        "eps": "5",
        "members": "382",
        "ystart": "2013",
        "yend": "2013",
        "score": "5.51",
        "popularity_rank": "12093"
    },
    {
        "url": "https://myanimelist.net/anime/39623/You_Should_See_Me_in_a_Crown",
        "type": "Music",
        "eps": "1",
        "members": "346",
        "ystart": "2019",
        "yend": "2019",
        "score": "5.51",
        "popularity_rank": "12322"
    },
    {
        "url": "https://myanimelist.net/anime/33551/Mameshi-Pamyu-Pamyu",
        "type": "Special",
        "eps": "9",
        "members": "330",
        "ystart": "2012",
        "yend": "2013",
        "score": "5.51",
        "popularity_rank": "12443"
    },
    {
        "url": "https://myanimelist.net/anime/34887/Against",
        "type": "ONA",
        "eps": "1",
        "members": "303",
        "ystart": "2013",
        "yend": "2013",
        "score": "5.51",
        "popularity_rank": "12670"
    },
    {
        "url": "https://myanimelist.net/anime/23917/Sora_wa_Koko_ni_Aru",
        "type": "Music",
        "eps": "1",
        "members": "274",
        "ystart": "2014",
        "yend": "2014",
        "score": "5.51",
        "popularity_rank": "12975"
    },
    {
        "url": "https://myanimelist.net/anime/19209/Devour_Dinner",
        "type": "Movie",
        "eps": "1",
        "members": "375",
        "ystart": "2008",
        "yend": "2008",
        "score": "5.50",
        "popularity_rank": "12133"
    },
    {
        "url": "https://myanimelist.net/anime/37534/Sagashimono",
        "type": "Music",
        "eps": "1",
        "members": "334",
        "ystart": "2013",
        "yend": "2013",
        "score": "5.50",
        "popularity_rank": "12415"
    },
    {
        "url": "https://myanimelist.net/anime/35391/Saru_Kani_Gassen_1927",
        "type": "Movie",
        "eps": "1",
        "members": "388",
        "ystart": "1927",
        "yend": "1927",
        "score": "5.49",
        "popularity_rank": "12040"
    },
    {
        "url": "https://myanimelist.net/anime/30425/Wake_Up_Dodo",
        "type": "Music",
        "eps": "1",
        "members": "350",
        "ystart": "2007",
        "yend": "2007",
        "score": "5.49",
        "popularity_rank": "12301"
    },
    {
        "url": "https://myanimelist.net/anime/37334/Star_Wars_Force_no_Kakusei",
        "type": "ONA",
        "eps": "1",
        "members": "389",
        "ystart": "2017",
        "yend": "2017",
        "score": "5.48",
        "popularity_rank": "12038"
    },
    {
        "url": "https://myanimelist.net/anime/13369/Cornelis",
        "type": "Movie",
        "eps": "1",
        "members": "346",
        "ystart": "2008",
        "yend": "2008",
        "score": "5.48",
        "popularity_rank": "12320"
    },
    {
        "url": "https://myanimelist.net/anime/37431/Donten_ni_Warau_x_Mameshiba",
        "type": "ONA",
        "eps": "1",
        "members": "337",
        "ystart": "2018",
        "yend": "2018",
        "score": "5.48",
        "popularity_rank": "12386"
    },
    {
        "url": "https://myanimelist.net/anime/31268/Miira_no_Yume",
        "type": "Movie",
        "eps": "1",
        "members": "316",
        "ystart": "1989",
        "yend": "1989",
        "score": "5.48",
        "popularity_rank": "12558"
    },
    {
        "url": "https://myanimelist.net/anime/13519/Organic",
        "type": "ONA",
        "eps": "1",
        "members": "298",
        "ystart": "2009",
        "yend": "2009",
        "score": "5.48",
        "popularity_rank": "12715"
    },
    {
        "url": "https://myanimelist.net/anime/36170/Wonderland_to_Hitsuji_no_Uta",
        "type": "Music",
        "eps": "1",
        "members": "282",
        "ystart": "2010",
        "yend": "2010",
        "score": "5.48",
        "popularity_rank": "12877"
    },
    {
        "url": "https://myanimelist.net/anime/22469/Minihams_no_Kekkon_Song",
        "type": "Music",
        "eps": "1",
        "members": "279",
        "ystart": "2002",
        "yend": "2002",
        "score": "5.48",
        "popularity_rank": "12919"
    },
    {
        "url": "https://myanimelist.net/anime/14235/Salad_Land",
        "type": "ONA",
        "eps": "1",
        "members": "272",
        "ystart": "2012",
        "yend": "2012",
        "score": "5.47",
        "popularity_rank": "12999"
    },
    {
        "url": "https://myanimelist.net/anime/37792/Hanasu_na\u2605",
        "type": "Special",
        "eps": "1",
        "members": "380",
        "ystart": "2018",
        "yend": "2018",
        "score": "5.46",
        "popularity_rank": "12109"
    },
    {
        "url": "https://myanimelist.net/anime/25971/Angel_Special",
        "type": "Special",
        "eps": "1",
        "members": "367",
        "ystart": "2001",
        "yend": "2001",
        "score": "5.46",
        "popularity_rank": "12182"
    },
    {
        "url": "https://myanimelist.net/anime/29377/Pulsar",
        "type": "Movie",
        "eps": "1",
        "members": "302",
        "ystart": "1990",
        "yend": "1990",
        "score": "5.46",
        "popularity_rank": "12686"
    },
    {
        "url": "https://myanimelist.net/anime/23267/Osaru_no_Tairyou",
        "type": "Movie",
        "eps": "1",
        "members": "364",
        "ystart": "1933",
        "yend": "1933",
        "score": "5.45",
        "popularity_rank": "12203"
    },
    {
        "url": "https://myanimelist.net/anime/39211/Fire_Me_Up",
        "type": "Music",
        "eps": "1",
        "members": "339",
        "ystart": "2019",
        "yend": "2019",
        "score": "5.45",
        "popularity_rank": "12368"
    },
    {
        "url": "https://myanimelist.net/anime/31807/Sugio__Mori_de_Koi_wo_Shite",
        "type": "ONA",
        "eps": "3",
        "members": "332",
        "ystart": "2015",
        "yend": "2015",
        "score": "5.45",
        "popularity_rank": "12431"
    },
    {
        "url": "https://myanimelist.net/anime/25975/I_Love_Sky",
        "type": "Special",
        "eps": "1",
        "members": "327",
        "ystart": "2004",
        "yend": "2004",
        "score": "5.45",
        "popularity_rank": "12467"
    },
    {
        "url": "https://myanimelist.net/anime/29481/Kakinoki_Mokkii",
        "type": "Special",
        "eps": "1",
        "members": "290",
        "ystart": "2008",
        "yend": "2008",
        "score": "5.45",
        "popularity_rank": "12785"
    },
    {
        "url": "https://myanimelist.net/anime/24363/Kitsune_to_Circus",
        "type": "Movie",
        "eps": "1",
        "members": "284",
        "ystart": "1948",
        "yend": "1948",
        "score": "5.45",
        "popularity_rank": "12844"
    },
    {
        "url": "https://myanimelist.net/anime/8718/Itsumademo_Tabibito",
        "type": "Music",
        "eps": "1",
        "members": "367",
        "ystart": "1988",
        "yend": "1988",
        "score": "5.44",
        "popularity_rank": "12179"
    },
    {
        "url": "https://myanimelist.net/anime/33886/Jikkyou_Chuukei",
        "type": "Music",
        "eps": "1",
        "members": "343",
        "ystart": "2014",
        "yend": "2014",
        "score": "5.44",
        "popularity_rank": "12345"
    },
    {
        "url": "https://myanimelist.net/anime/22467/Minihams_no_Ai_no_Uta",
        "type": "Music",
        "eps": "1",
        "members": "301",
        "ystart": "2002",
        "yend": "2002",
        "score": "5.44",
        "popularity_rank": "12694"
    },
    {
        "url": "https://myanimelist.net/anime/17048/Choujin_Locke_Special",
        "type": "Special",
        "eps": "1",
        "members": "373",
        "ystart": "1979",
        "yend": "1979",
        "score": "5.43",
        "popularity_rank": "12150"
    },
    {
        "url": "https://myanimelist.net/anime/14743/Nara_Shika_Monogatari",
        "type": "ONA",
        "eps": "1",
        "members": "364",
        "ystart": "2004",
        "yend": "2004",
        "score": "5.43",
        "popularity_rank": "12201"
    },
    {
        "url": "https://myanimelist.net/anime/13087/Youkoso_Uchuujin",
        "type": "Movie",
        "eps": "1",
        "members": "334",
        "ystart": "1966",
        "yend": "1966",
        "score": "5.43",
        "popularity_rank": "12409"
    },
    {
        "url": "https://myanimelist.net/anime/13085/Kitsutsuki_Keikaku",
        "type": "Movie",
        "eps": "1",
        "members": "333",
        "ystart": "1966",
        "yend": "1966",
        "score": "5.43",
        "popularity_rank": "12418"
    },
    {
        "url": "https://myanimelist.net/anime/39001/Light_Speed_Days",
        "type": "Music",
        "eps": "1",
        "members": "328",
        "ystart": "2019",
        "yend": "2019",
        "score": "5.43",
        "popularity_rank": "12459"
    },
    {
        "url": "https://myanimelist.net/anime/27437/Mushiba_Tetsudou",
        "type": "Movie",
        "eps": "1",
        "members": "307",
        "ystart": "2009",
        "yend": "2009",
        "score": "5.43",
        "popularity_rank": "12635"
    },
    {
        "url": "https://myanimelist.net/anime/7501/Kintarou_Taiiku_Nikki",
        "type": "Movie",
        "eps": "1",
        "members": "385",
        "ystart": "1940",
        "yend": "1940",
        "score": "5.42",
        "popularity_rank": "12066"
    },
    {
        "url": "https://myanimelist.net/anime/15529/Wamono",
        "type": "Music",
        "eps": "1",
        "members": "384",
        "ystart": "2010",
        "yend": "2010",
        "score": "5.42",
        "popularity_rank": "12074"
    },
    {
        "url": "https://myanimelist.net/anime/30446/Akazukin_to_Kenkou",
        "type": "OVA",
        "eps": "1",
        "members": "313",
        "ystart": "2007",
        "yend": "2007",
        "score": "5.42",
        "popularity_rank": "12591"
    },
    {
        "url": "https://myanimelist.net/anime/28057/Dangobei_Torimonochou__Hirake_-_Goma_no_Maki",
        "type": "Movie",
        "eps": "1",
        "members": "312",
        "ystart": "1952",
        "yend": "1952",
        "score": "5.42",
        "popularity_rank": "12594"
    },
    {
        "url": "https://myanimelist.net/anime/32763/One_and_Three_Four",
        "type": "Music",
        "eps": "1",
        "members": "289",
        "ystart": "2013",
        "yend": "2013",
        "score": "5.42",
        "popularity_rank": "12805"
    },
    {
        "url": "https://myanimelist.net/anime/37626/R100_x_Mameshiba_Original_Manners",
        "type": "ONA",
        "eps": "1",
        "members": "273",
        "ystart": "2013",
        "yend": "2013",
        "score": "5.42",
        "popularity_rank": "12989"
    },
    {
        "url": "https://myanimelist.net/anime/32297/Tenkou_Kotofumi",
        "type": "ONA",
        "eps": "1",
        "members": "314",
        "ystart": "2011",
        "yend": "2011",
        "score": "5.41",
        "popularity_rank": "12578"
    },
    {
        "url": "https://myanimelist.net/anime/7449/Pacusi_no_Uta",
        "type": "Special",
        "eps": "1",
        "members": "326",
        "ystart": "1994",
        "yend": "1994",
        "score": "5.40",
        "popularity_rank": "12470"
    },
    {
        "url": "https://myanimelist.net/anime/32764/Sun_Set_Sun",
        "type": "Music",
        "eps": "1",
        "members": "320",
        "ystart": "2013",
        "yend": "2013",
        "score": "5.40",
        "popularity_rank": "12536"
    },
    {
        "url": "https://myanimelist.net/anime/38808/Ok_Alright",
        "type": "Music",
        "eps": "1",
        "members": "360",
        "ystart": "2018",
        "yend": "2018",
        "score": "5.39",
        "popularity_rank": "12221"
    },
    {
        "url": "https://myanimelist.net/anime/35992/Super_Mario_no_Shouboutai",
        "type": "OVA",
        "eps": "1",
        "members": "303",
        "ystart": "eps",
        "yend": "eps",
        "score": "5.39",
        "popularity_rank": "12672"
    },
    {
        "url": "https://myanimelist.net/anime/30341/Tarzan",
        "type": "Movie",
        "eps": "1",
        "members": "294",
        "ystart": "1990",
        "yend": "1990",
        "score": "5.39",
        "popularity_rank": "12743"
    },
    {
        "url": "https://myanimelist.net/anime/14023/R\u00b2__Rise_R_to_the_Second_Power",
        "type": "Music",
        "eps": "1",
        "members": "365",
        "ystart": "2005",
        "yend": "2005",
        "score": "5.38",
        "popularity_rank": "12196"
    },
    {
        "url": "https://myanimelist.net/anime/35704/NoisyCell_x_Ponkotsu_Quest",
        "type": "ONA",
        "eps": "1",
        "members": "332",
        "ystart": "2017",
        "yend": "2017",
        "score": "5.38",
        "popularity_rank": "12433"
    },
    {
        "url": "https://myanimelist.net/anime/34716/Crocotires_Traction_AAA",
        "type": "Movie",
        "eps": "1",
        "members": "293",
        "ystart": "1999",
        "yend": "1999",
        "score": "5.38",
        "popularity_rank": "12757"
    },
    {
        "url": "https://myanimelist.net/anime/25985/Contact",
        "type": "Special",
        "eps": "1",
        "members": "287",
        "ystart": "eps",
        "yend": "eps",
        "score": "5.38",
        "popularity_rank": "12823"
    },
    {
        "url": "https://myanimelist.net/anime/28827/Doubutsu_Tonarigumi",
        "type": "Movie",
        "eps": "1",
        "members": "274",
        "ystart": "1941",
        "yend": "1941",
        "score": "5.38",
        "popularity_rank": "12977"
    },
    {
        "url": "https://myanimelist.net/anime/40312/Southpaw",
        "type": "Music",
        "eps": "1",
        "members": "382",
        "ystart": "2019",
        "yend": "2019",
        "score": "5.37",
        "popularity_rank": "12096"
    },
    {
        "url": "https://myanimelist.net/anime/29673/Shin_Tenchi_Souzou",
        "type": "Movie",
        "eps": "1",
        "members": "300",
        "ystart": "1970",
        "yend": "1970",
        "score": "5.37",
        "popularity_rank": "12698"
    },
    {
        "url": "https://myanimelist.net/anime/29961/Feng_Ji_Yun_Nu",
        "type": "OVA",
        "eps": "1",
        "members": "288",
        "ystart": "2004",
        "yend": "2004",
        "score": "5.37",
        "popularity_rank": "12808"
    },
    {
        "url": "https://myanimelist.net/anime/29870/Kagami",
        "type": "Movie",
        "eps": "1",
        "members": "273",
        "ystart": "1960",
        "yend": "1960",
        "score": "5.37",
        "popularity_rank": "12987"
    },
    {
        "url": "https://myanimelist.net/anime/29701/Ni-hiki_no_Sanma_1968",
        "type": "Movie",
        "eps": "1",
        "members": "369",
        "ystart": "1968",
        "yend": "1968",
        "score": "5.36",
        "popularity_rank": "12167"
    },
    {
        "url": "https://myanimelist.net/anime/29677/Kage",
        "type": "Movie",
        "eps": "1",
        "members": "307",
        "ystart": "1967",
        "yend": "1967",
        "score": "5.36",
        "popularity_rank": "12638"
    },
    {
        "url": "https://myanimelist.net/anime/8719/Donna_Donna",
        "type": "Music",
        "eps": "1",
        "members": "320",
        "ystart": "1966",
        "yend": "1966",
        "score": "5.35",
        "popularity_rank": "12526"
    },
    {
        "url": "https://myanimelist.net/anime/8958/Potecco_Babies",
        "type": "ONA",
        "eps": "2",
        "members": "317",
        "ystart": "2010",
        "yend": "2010",
        "score": "5.35",
        "popularity_rank": "12555"
    },
    {
        "url": "https://myanimelist.net/anime/23089/Ponsuke_no_Haru",
        "type": "Movie",
        "eps": "1",
        "members": "395",
        "ystart": "1934",
        "yend": "1934",
        "score": "5.34",
        "popularity_rank": "12003"
    },
    {
        "url": "https://myanimelist.net/anime/30336/Tori",
        "type": "Movie",
        "eps": "1",
        "members": "280",
        "ystart": "1985",
        "yend": "1985",
        "score": "5.34",
        "popularity_rank": "12904"
    },
    {
        "url": "https://myanimelist.net/anime/29731/Beppu_x_Peeping_Life",
        "type": "ONA",
        "eps": "1",
        "members": "362",
        "ystart": "2014",
        "yend": "2014",
        "score": "5.33",
        "popularity_rank": "12211"
    },
    {
        "url": "https://myanimelist.net/anime/16564/84_Taekwon_V",
        "type": "Movie",
        "eps": "1",
        "members": "373",
        "ystart": "1984",
        "yend": "1984",
        "score": "5.32",
        "popularity_rank": "12152"
    },
    {
        "url": "https://myanimelist.net/anime/10627/Ski_Jumping_Pairs__Road_to_Torino_2006",
        "type": "Movie",
        "eps": "1",
        "members": "362",
        "ystart": "2006",
        "yend": "2006",
        "score": "5.31",
        "popularity_rank": "12214"
    },
    {
        "url": "https://myanimelist.net/anime/28035/Kitsune_no_Home_Run_Ou",
        "type": "Movie",
        "eps": "1",
        "members": "330",
        "ystart": "1949",
        "yend": "1949",
        "score": "5.31",
        "popularity_rank": "12447"
    },
    {
        "url": "https://myanimelist.net/anime/30075/Yuki_no_Hi_no_Tayori",
        "type": "Music",
        "eps": "1",
        "members": "298",
        "ystart": "1978",
        "yend": "1978",
        "score": "5.31",
        "popularity_rank": "12712"
    },
    {
        "url": "https://myanimelist.net/anime/30105/Fukashigi_no_Kazoekata",
        "type": "ONA",
        "eps": "1",
        "members": "283",
        "ystart": "2012",
        "yend": "2012",
        "score": "5.31",
        "popularity_rank": "12864"
    },
    {
        "url": "https://myanimelist.net/anime/32642/Yanesenondo",
        "type": "ONA",
        "eps": "1",
        "members": "275",
        "ystart": "2009",
        "yend": "2009",
        "score": "5.31",
        "popularity_rank": "12965"
    },
    {
        "url": "https://myanimelist.net/anime/33937/Kirai_Demo_Suki",
        "type": "ONA",
        "eps": "1",
        "members": "373",
        "ystart": "2016",
        "yend": "2016",
        "score": "5.29",
        "popularity_rank": "12149"
    },
    {
        "url": "https://myanimelist.net/anime/16812/77Danui_Bimil",
        "type": "Movie",
        "eps": "1",
        "members": "346",
        "ystart": "1978",
        "yend": "1978",
        "score": "5.29",
        "popularity_rank": "12321"
    },
    {
        "url": "https://myanimelist.net/anime/29661/Karma",
        "type": "Movie",
        "eps": "1",
        "members": "280",
        "ystart": "1977",
        "yend": "1977",
        "score": "5.29",
        "popularity_rank": "12906"
    },
    {
        "url": "https://myanimelist.net/anime/24633/LolitA\u2606Strawberry_in_Summer",
        "type": "Music",
        "eps": "1",
        "members": "345",
        "ystart": "2012",
        "yend": "2012",
        "score": "5.27",
        "popularity_rank": "12325"
    },
    {
        "url": "https://myanimelist.net/anime/33536/Fly",
        "type": "ONA",
        "eps": "1",
        "members": "296",
        "ystart": "2012",
        "yend": "2012",
        "score": "5.27",
        "popularity_rank": "12721"
    },
    {
        "url": "https://myanimelist.net/anime/30330/Utsukushii_Hoshi",
        "type": "Movie",
        "eps": "1",
        "members": "280",
        "ystart": "1974",
        "yend": "1974",
        "score": "5.27",
        "popularity_rank": "12902"
    },
    {
        "url": "https://myanimelist.net/anime/24861/Akaoni_to_Aooni_no_Tango",
        "type": "Music",
        "eps": "1",
        "members": "353",
        "ystart": "1977",
        "yend": "1977",
        "score": "5.26",
        "popularity_rank": "12269"
    },
    {
        "url": "https://myanimelist.net/anime/38045/Calpis_Hakkou_Monogatari",
        "type": "ONA",
        "eps": "1",
        "members": "332",
        "ystart": "2018",
        "yend": "2018",
        "score": "5.26",
        "popularity_rank": "12435"
    },
    {
        "url": "https://myanimelist.net/anime/39288/Anger",
        "type": "Music",
        "eps": "1",
        "members": "318",
        "ystart": "2008",
        "yend": "2008",
        "score": "5.26",
        "popularity_rank": "12548"
    },
    {
        "url": "https://myanimelist.net/anime/38545/Han_Solo_Star_Wars_Story",
        "type": "ONA",
        "eps": "2",
        "members": "314",
        "ystart": "2018",
        "yend": "2018",
        "score": "5.25",
        "popularity_rank": "12579"
    },
    {
        "url": "https://myanimelist.net/anime/36774/Star_Wars_Saigo_no_Jedai__Tokubetsu_Eizou",
        "type": "ONA",
        "eps": "1",
        "members": "365",
        "ystart": "2017",
        "yend": "2017",
        "score": "5.23",
        "popularity_rank": "12195"
    },
    {
        "url": "https://myanimelist.net/anime/36181/Christmas_Morgue",
        "type": "Music",
        "eps": "1",
        "members": "333",
        "ystart": "2010",
        "yend": "2010",
        "score": "5.23",
        "popularity_rank": "12421"
    },
    {
        "url": "https://myanimelist.net/anime/30334/Sleepy",
        "type": "Movie",
        "eps": "1",
        "members": "280",
        "ystart": "1980",
        "yend": "1980",
        "score": "5.23",
        "popularity_rank": "12903"
    },
    {
        "url": "https://myanimelist.net/anime/28049/Numa_no_Taishou",
        "type": "Movie",
        "eps": "1",
        "members": "383",
        "ystart": "1933",
        "yend": "1933",
        "score": "5.22",
        "popularity_rank": "12084"
    },
    {
        "url": "https://myanimelist.net/anime/32291/Kakegae_no",
        "type": "ONA",
        "eps": "1",
        "members": "328",
        "ystart": "2012",
        "yend": "2012",
        "score": "5.22",
        "popularity_rank": "12457"
    },
    {
        "url": "https://myanimelist.net/anime/20725/Lies_Lies",
        "type": "Music",
        "eps": "1",
        "members": "304",
        "ystart": "2010",
        "yend": "2010",
        "score": "5.22",
        "popularity_rank": "12668"
    },
    {
        "url": "https://myanimelist.net/anime/30955/Crazy_Monkey",
        "type": "Movie",
        "eps": "1",
        "members": "395",
        "ystart": "1980",
        "yend": "1980",
        "score": "5.21",
        "popularity_rank": "12010"
    },
    {
        "url": "https://myanimelist.net/anime/29739/Yatterman_x_Toshiba",
        "type": "Special",
        "eps": "1",
        "members": "326",
        "ystart": "2008",
        "yend": "2008",
        "score": "5.21",
        "popularity_rank": "12472"
    },
    {
        "url": "https://myanimelist.net/anime/31266/Wall",
        "type": "Movie",
        "eps": "1",
        "members": "326",
        "ystart": "1987",
        "yend": "1987",
        "score": "5.20",
        "popularity_rank": "12471"
    },
    {
        "url": "https://myanimelist.net/anime/37843/Kiss_Dekiru_Gyoza_x_Mameshiba_Movie",
        "type": "Special",
        "eps": "2",
        "members": "303",
        "ystart": "2018",
        "yend": "2018",
        "score": "5.20",
        "popularity_rank": "12675"
    },
    {
        "url": "https://myanimelist.net/anime/29609/Chinka",
        "type": "Special",
        "eps": "1",
        "members": "293",
        "ystart": "2010",
        "yend": "2010",
        "score": "5.20",
        "popularity_rank": "12758"
    },
    {
        "url": "https://myanimelist.net/anime/17833/Pink_no_Curtain",
        "type": "OVA",
        "eps": "1",
        "members": "396",
        "ystart": "1987",
        "yend": "1987",
        "score": "5.19",
        "popularity_rank": "12001"
    },
    {
        "url": "https://myanimelist.net/anime/29946/Orchestra",
        "type": "Music",
        "eps": "1",
        "members": "388",
        "ystart": "2008",
        "yend": "2008",
        "score": "5.19",
        "popularity_rank": "12044"
    },
    {
        "url": "https://myanimelist.net/anime/31624/Tomato_ni_Natta_Otokonoko",
        "type": "ONA",
        "eps": "1",
        "members": "365",
        "ystart": "2015",
        "yend": "2015",
        "score": "5.19",
        "popularity_rank": "12193"
    },
    {
        "url": "https://myanimelist.net/anime/36835/Rudolf_to_Ippaiattena_x_Godzilla_x_Toho_Cinemas_Moving_Logo_Eizou",
        "type": "Movie",
        "eps": "1",
        "members": "332",
        "ystart": "2016",
        "yend": "2016",
        "score": "5.19",
        "popularity_rank": "12437"
    },
    {
        "url": "https://myanimelist.net/anime/35975/Hope__Suiso_Shakai_to_Korekara_no_Energy_no_Hanashi",
        "type": "ONA",
        "eps": "1",
        "members": "326",
        "ystart": "2014",
        "yend": "2014",
        "score": "5.19",
        "popularity_rank": "12476"
    },
    {
        "url": "https://myanimelist.net/anime/32790/Urm\u0103_Zanzou",
        "type": "Music",
        "eps": "1",
        "members": "325",
        "ystart": "2011",
        "yend": "2011",
        "score": "5.19",
        "popularity_rank": "12480"
    },
    {
        "url": "https://myanimelist.net/anime/28305/Broots",
        "type": "Special",
        "eps": "1",
        "members": "309",
        "ystart": "1984",
        "yend": "1984",
        "score": "5.19",
        "popularity_rank": "12624"
    },
    {
        "url": "https://myanimelist.net/anime/31261/Drill",
        "type": "Movie",
        "eps": "1",
        "members": "296",
        "ystart": "1983",
        "yend": "1983",
        "score": "5.19",
        "popularity_rank": "12722"
    },
    {
        "url": "https://myanimelist.net/anime/16786/Bulsajo_Robot_Phoenix_King",
        "type": "Movie",
        "eps": "1",
        "members": "364",
        "ystart": "1984",
        "yend": "1984",
        "score": "5.18",
        "popularity_rank": "12200"
    },
    {
        "url": "https://myanimelist.net/anime/31258/Box",
        "type": "Movie",
        "eps": "1",
        "members": "337",
        "ystart": "1982",
        "yend": "1982",
        "score": "5.18",
        "popularity_rank": "12385"
    },
    {
        "url": "https://myanimelist.net/anime/31695/Goro-chan",
        "type": "Music",
        "eps": "1",
        "members": "294",
        "ystart": "1990",
        "yend": "1990",
        "score": "5.18",
        "popularity_rank": "12746"
    },
    {
        "url": "https://myanimelist.net/anime/8645/Kitte_no_Nai_Okurimono",
        "type": "Music",
        "eps": "1",
        "members": "367",
        "ystart": "1996",
        "yend": "1996",
        "score": "5.17",
        "popularity_rank": "12183"
    },
    {
        "url": "https://myanimelist.net/anime/16794/Computer_Haekjeonham_Pokpa_Daejakjeon",
        "type": "Movie",
        "eps": "1",
        "members": "335",
        "ystart": "1983",
        "yend": "1983",
        "score": "5.17",
        "popularity_rank": "12404"
    },
    {
        "url": "https://myanimelist.net/anime/34153/Eyedrops_Episode_0",
        "type": "ONA",
        "eps": "1",
        "members": "305",
        "ystart": "2016",
        "yend": "2016",
        "score": "5.17",
        "popularity_rank": "12654"
    },
    {
        "url": "https://myanimelist.net/anime/30079/Kirin_no_Otenki_Mama-san",
        "type": "Special",
        "eps": "12",
        "members": "294",
        "ystart": "1964",
        "yend": "1984",
        "score": "5.17",
        "popularity_rank": "12742"
    },
    {
        "url": "https://myanimelist.net/anime/8732/Yuuki_Hitotsu_wo_Tomo_ni_Shite",
        "type": "Music",
        "eps": "1",
        "members": "304",
        "ystart": "1975",
        "yend": "1975",
        "score": "5.16",
        "popularity_rank": "12659"
    },
    {
        "url": "https://myanimelist.net/anime/34721/Samuroid_Zero",
        "type": "Special",
        "eps": "1",
        "members": "281",
        "ystart": "2005",
        "yend": "2005",
        "score": "5.16",
        "popularity_rank": "12889"
    },
    {
        "url": "https://myanimelist.net/anime/35404/Felix_no_Meitantei",
        "type": "Movie",
        "eps": "1",
        "members": "275",
        "ystart": "1932",
        "yend": "1932",
        "score": "5.16",
        "popularity_rank": "12963"
    },
    {
        "url": "https://myanimelist.net/anime/29904/Yellow",
        "type": "Movie",
        "eps": "1",
        "members": "375",
        "ystart": "2003",
        "yend": "2003",
        "score": "5.14",
        "popularity_rank": "12135"
    },
    {
        "url": "https://myanimelist.net/anime/29681/Odoroki_Ban",
        "type": "Movie",
        "eps": "1",
        "members": "340",
        "ystart": "1975",
        "yend": "1975",
        "score": "5.14",
        "popularity_rank": "12366"
    },
    {
        "url": "https://myanimelist.net/anime/8729/Omoide_no_Album",
        "type": "Music",
        "eps": "1",
        "members": "302",
        "ystart": "1981",
        "yend": "1981",
        "score": "5.14",
        "popularity_rank": "12679"
    },
    {
        "url": "https://myanimelist.net/anime/32637/Usawaltz",
        "type": "ONA",
        "eps": "1",
        "members": "301",
        "ystart": "2011",
        "yend": "2011",
        "score": "5.14",
        "popularity_rank": "12691"
    },
    {
        "url": "https://myanimelist.net/anime/30405/Ishindenshin_Shiyou",
        "type": "Music",
        "eps": "1",
        "members": "283",
        "ystart": "1993",
        "yend": "1993",
        "score": "5.14",
        "popularity_rank": "12870"
    },
    {
        "url": "https://myanimelist.net/anime/30404/Taku_Boda",
        "type": "Movie",
        "eps": "1",
        "members": "283",
        "ystart": "2009",
        "yend": "2009",
        "score": "5.13",
        "popularity_rank": "12869"
    },
    {
        "url": "https://myanimelist.net/anime/13541/Rui_no_Masaiban",
        "type": "ONA",
        "eps": "1",
        "members": "387",
        "ystart": "2012",
        "yend": "2012",
        "score": "5.12",
        "popularity_rank": "12056"
    },
    {
        "url": "https://myanimelist.net/anime/8733/Tousan_no_Tsukutta_Uta",
        "type": "Music",
        "eps": "1",
        "members": "302",
        "ystart": "1982",
        "yend": "1982",
        "score": "5.12",
        "popularity_rank": "12680"
    },
    {
        "url": "https://myanimelist.net/anime/35492/Tako_no_Hone",
        "type": "Movie",
        "eps": "1",
        "members": "391",
        "ystart": "1927",
        "yend": "1927",
        "score": "5.11",
        "popularity_rank": "12026"
    },
    {
        "url": "https://myanimelist.net/anime/8778/Avignon_no_Hashi_de",
        "type": "Music",
        "eps": "1",
        "members": "386",
        "ystart": "1970",
        "yend": "1970",
        "score": "5.11",
        "popularity_rank": "12060"
    },
    {
        "url": "https://myanimelist.net/anime/14529/Super_Majingga_3",
        "type": "Movie",
        "eps": "1",
        "members": "305",
        "ystart": "1982",
        "yend": "1982",
        "score": "5.11",
        "popularity_rank": "12657"
    },
    {
        "url": "https://myanimelist.net/anime/36089/9",
        "type": "Music",
        "eps": "1",
        "members": "307",
        "ystart": "2013",
        "yend": "2013",
        "score": "5.10",
        "popularity_rank": "12639"
    },
    {
        "url": "https://myanimelist.net/anime/22427/Computer_Obaachan",
        "type": "Music",
        "eps": "1",
        "members": "354",
        "ystart": "1981",
        "yend": "1981",
        "score": "5.09",
        "popularity_rank": "12264"
    },
    {
        "url": "https://myanimelist.net/anime/30327/New_York_Trip",
        "type": "Movie",
        "eps": "1",
        "members": "306",
        "ystart": "1970",
        "yend": "1970",
        "score": "5.09",
        "popularity_rank": "12644"
    },
    {
        "url": "https://myanimelist.net/anime/30078/Beautiful_Name",
        "type": "Movie",
        "eps": "1",
        "members": "283",
        "ystart": "1979",
        "yend": "1979",
        "score": "5.09",
        "popularity_rank": "12861"
    },
    {
        "url": "https://myanimelist.net/anime/33694/Mukidashi_no_Mitsuko",
        "type": "ONA",
        "eps": "1",
        "members": "373",
        "ystart": "2006",
        "yend": "2006",
        "score": "5.08",
        "popularity_rank": "12151"
    },
    {
        "url": "https://myanimelist.net/anime/28347/Guitar_Shoujo",
        "type": "Special",
        "eps": "1",
        "members": "329",
        "ystart": "2011",
        "yend": "2011",
        "score": "5.08",
        "popularity_rank": "12453"
    },
    {
        "url": "https://myanimelist.net/anime/31512/Love___Gift",
        "type": "ONA",
        "eps": "2",
        "members": "394",
        "ystart": "2014",
        "yend": "2015",
        "score": "5.05",
        "popularity_rank": "12011"
    },
    {
        "url": "https://myanimelist.net/anime/30664/Jinkou_no_Rakuen",
        "type": "Movie",
        "eps": "1",
        "members": "297",
        "ystart": "1975",
        "yend": "1975",
        "score": "5.05",
        "popularity_rank": "12719"
    },
    {
        "url": "https://myanimelist.net/anime/28955/Columbos",
        "type": "Movie",
        "eps": "1",
        "members": "288",
        "ystart": "2012",
        "yend": "2012",
        "score": "5.04",
        "popularity_rank": "12809"
    },
    {
        "url": "https://myanimelist.net/anime/22175/The_Harmonic_Gleam_Vibration",
        "type": "Movie",
        "eps": "1",
        "members": "360",
        "ystart": "2005",
        "yend": "2005",
        "score": "5.02",
        "popularity_rank": "12222"
    },
    {
        "url": "https://myanimelist.net/anime/30559/Why",
        "type": "Movie",
        "eps": "1",
        "members": "336",
        "ystart": "1975",
        "yend": "1975",
        "score": "5.01",
        "popularity_rank": "12395"
    },
    {
        "url": "https://myanimelist.net/anime/29933/MTV_Japan_Station_ID",
        "type": "Special",
        "eps": "2",
        "members": "328",
        "ystart": "2006",
        "yend": "2007",
        "score": "5.01",
        "popularity_rank": "12463"
    },
    {
        "url": "https://myanimelist.net/anime/30093/Ball_yo_Doko_e_Yuku",
        "type": "ONA",
        "eps": "1",
        "members": "293",
        "ystart": "2014",
        "yend": "2014",
        "score": "5.01",
        "popularity_rank": "12755"
    },
    {
        "url": "https://myanimelist.net/anime/32811/Black_Ocean",
        "type": "Music",
        "eps": "1",
        "members": "279",
        "ystart": "2013",
        "yend": "2013",
        "score": "5.01",
        "popularity_rank": "12912"
    },
    {
        "url": "https://myanimelist.net/anime/30667/Youshi_Kei__Mou_Hitotsu_no_Nijiiro_Toshi",
        "type": "Movie",
        "eps": "1",
        "members": "277",
        "ystart": "1979",
        "yend": "1979",
        "score": "5.01",
        "popularity_rank": "12943"
    },
    {
        "url": "https://myanimelist.net/anime/35707/Anime_Mitai_na",
        "type": "Music",
        "eps": "1",
        "members": "379",
        "ystart": "2014",
        "yend": "2014",
        "score": "4.99",
        "popularity_rank": "12115"
    },
    {
        "url": "https://myanimelist.net/anime/37256/Chainsaw_Bunny__Deleted_Scene",
        "type": "ONA",
        "eps": "1",
        "members": "348",
        "ystart": "2018",
        "yend": "2018",
        "score": "4.98",
        "popularity_rank": "12307"
    },
    {
        "url": "https://myanimelist.net/anime/8671/Raja_Maharaja",
        "type": "Music",
        "eps": "1",
        "members": "291",
        "ystart": "1985",
        "yend": "1985",
        "score": "4.98",
        "popularity_rank": "12779"
    },
    {
        "url": "https://myanimelist.net/anime/35406/Propagate",
        "type": "Movie",
        "eps": "1",
        "members": "320",
        "ystart": "1935",
        "yend": "1935",
        "score": "4.97",
        "popularity_rank": "12531"
    },
    {
        "url": "https://myanimelist.net/anime/22171/Tanaami_Keiichi_no_Shouzou",
        "type": "Movie",
        "eps": "1",
        "members": "312",
        "ystart": "2003",
        "yend": "2003",
        "score": "4.97",
        "popularity_rank": "12595"
    },
    {
        "url": "https://myanimelist.net/anime/24807/Kawaii_Cook-san",
        "type": "ONA",
        "eps": "1",
        "members": "275",
        "ystart": "2011",
        "yend": "2011",
        "score": "4.97",
        "popularity_rank": "12969"
    },
    {
        "url": "https://myanimelist.net/anime/30863/Usalullaby",
        "type": "Movie",
        "eps": "1",
        "members": "389",
        "ystart": "2013",
        "yend": "2013",
        "score": "4.96",
        "popularity_rank": "12035"
    },
    {
        "url": "https://myanimelist.net/anime/22163/Natsu_no_Shisen_1942",
        "type": "Movie",
        "eps": "1",
        "members": "341",
        "ystart": "2002",
        "yend": "2002",
        "score": "4.96",
        "popularity_rank": "12357"
    },
    {
        "url": "https://myanimelist.net/anime/35450/Five_Fire_Fish",
        "type": "Movie",
        "eps": "1",
        "members": "321",
        "ystart": "2013",
        "yend": "2013",
        "score": "4.95",
        "popularity_rank": "12520"
    },
    {
        "url": "https://myanimelist.net/anime/30669/Why_Re-Mix_2002",
        "type": "Movie",
        "eps": "1",
        "members": "287",
        "ystart": "2002",
        "yend": "2002",
        "score": "4.95",
        "popularity_rank": "12826"
    },
    {
        "url": "https://myanimelist.net/anime/29635/Otoko_to_Onna_to_Inu",
        "type": "Movie",
        "eps": "1",
        "members": "344",
        "ystart": "1963",
        "yend": "1963",
        "score": "4.94",
        "popularity_rank": "12344"
    },
    {
        "url": "https://myanimelist.net/anime/29633/Kiseki",
        "type": "Movie",
        "eps": "1",
        "members": "373",
        "ystart": "1963",
        "yend": "1963",
        "score": "4.93",
        "popularity_rank": "12153"
    },
    {
        "url": "https://myanimelist.net/anime/30431/Anata_mo_Robot_ni_Nareru_feat_Kamome_Jidou_Gasshoudan",
        "type": "Music",
        "eps": "1",
        "members": "310",
        "ystart": "2014",
        "yend": "2014",
        "score": "4.93",
        "popularity_rank": "12617"
    },
    {
        "url": "https://myanimelist.net/anime/33710/Run___Roll",
        "type": "Movie",
        "eps": "1",
        "members": "285",
        "ystart": "2013",
        "yend": "2013",
        "score": "4.93",
        "popularity_rank": "12840"
    },
    {
        "url": "https://myanimelist.net/anime/22417/Quantum_Leap",
        "type": "Music",
        "eps": "1",
        "members": "380",
        "ystart": "2000",
        "yend": "2000",
        "score": "4.91",
        "popularity_rank": "12108"
    },
    {
        "url": "https://myanimelist.net/anime/31874/2002-nen_Halmeoni_Ondo",
        "type": "Music",
        "eps": "1",
        "members": "340",
        "ystart": "2002",
        "yend": "2002",
        "score": "4.91",
        "popularity_rank": "12361"
    },
    {
        "url": "https://myanimelist.net/anime/29637/Samurai",
        "type": "Movie",
        "eps": "1",
        "members": "319",
        "ystart": "1965",
        "yend": "1965",
        "score": "4.91",
        "popularity_rank": "12543"
    },
    {
        "url": "https://myanimelist.net/anime/30326/Ushi_Atama",
        "type": "Movie",
        "eps": "1",
        "members": "300",
        "ystart": "1968",
        "yend": "1968",
        "score": "4.91",
        "popularity_rank": "12697"
    },
    {
        "url": "https://myanimelist.net/anime/29988/Commercial_War",
        "type": "Movie",
        "eps": "1",
        "members": "376",
        "ystart": "1971",
        "yend": "1971",
        "score": "4.90",
        "popularity_rank": "12126"
    },
    {
        "url": "https://myanimelist.net/anime/38980/I_Like_It",
        "type": "Music",
        "eps": "1",
        "members": "352",
        "ystart": "2018",
        "yend": "2018",
        "score": "4.90",
        "popularity_rank": "12278"
    },
    {
        "url": "https://myanimelist.net/anime/30329/Nice_to_See_You",
        "type": "Movie",
        "eps": "1",
        "members": "327",
        "ystart": "1975",
        "yend": "1975",
        "score": "4.89",
        "popularity_rank": "12469"
    },
    {
        "url": "https://myanimelist.net/anime/30331/Motion_Lumine",
        "type": "Movie",
        "eps": "1",
        "members": "293",
        "ystart": "1978",
        "yend": "1978",
        "score": "4.89",
        "popularity_rank": "12753"
    },
    {
        "url": "https://myanimelist.net/anime/35405/_Sankaku_no_Rhythm_Trump_no_Arasoi",
        "type": "Movie",
        "eps": "1",
        "members": "328",
        "ystart": "1932",
        "yend": "1932",
        "score": "4.88",
        "popularity_rank": "12458"
    },
    {
        "url": "https://myanimelist.net/anime/30328/Head_Spoon",
        "type": "Movie",
        "eps": "1",
        "members": "321",
        "ystart": "1972",
        "yend": "1972",
        "score": "4.88",
        "popularity_rank": "12519"
    },
    {
        "url": "https://myanimelist.net/anime/32765/Cherry_Blossom_Music",
        "type": "Music",
        "eps": "1",
        "members": "312",
        "ystart": "2013",
        "yend": "2013",
        "score": "4.88",
        "popularity_rank": "12600"
    },
    {
        "url": "https://myanimelist.net/anime/30399/Arigatou_Gomennasai",
        "type": "Movie",
        "eps": "1",
        "members": "286",
        "ystart": "2009",
        "yend": "2009",
        "score": "4.88",
        "popularity_rank": "12832"
    },
    {
        "url": "https://myanimelist.net/anime/30400/Yakusoku",
        "type": "Movie",
        "eps": "1",
        "members": "278",
        "ystart": "2009",
        "yend": "2009",
        "score": "4.87",
        "popularity_rank": "12934"
    },
    {
        "url": "https://myanimelist.net/anime/17151/Mogu_Mogu",
        "type": "Music",
        "eps": "1",
        "members": "358",
        "ystart": "2009",
        "yend": "2009",
        "score": "4.86",
        "popularity_rank": "12238"
    },
    {
        "url": "https://myanimelist.net/anime/18463/Sign",
        "type": "Music",
        "eps": "1",
        "members": "344",
        "ystart": "2001",
        "yend": "2001",
        "score": "4.86",
        "popularity_rank": "12336"
    },
    {
        "url": "https://myanimelist.net/anime/25533/Many_Mary",
        "type": "Music",
        "eps": "1",
        "members": "343",
        "ystart": "2013",
        "yend": "2013",
        "score": "4.86",
        "popularity_rank": "12347"
    },
    {
        "url": "https://myanimelist.net/anime/18047/Seiyuu_Deka",
        "type": "ONA",
        "eps": "1",
        "members": "370",
        "ystart": "2010",
        "yend": "2010",
        "score": "4.84",
        "popularity_rank": "12163"
    },
    {
        "url": "https://myanimelist.net/anime/38748/Tokyo",
        "type": "Movie",
        "eps": "1",
        "members": "288",
        "ystart": "2017",
        "yend": "2017",
        "score": "4.84",
        "popularity_rank": "12811"
    },
    {
        "url": "https://myanimelist.net/anime/35407/Rhythm",
        "type": "Movie",
        "eps": "1",
        "members": "308",
        "ystart": "1935",
        "yend": "1935",
        "score": "4.83",
        "popularity_rank": "12629"
    },
    {
        "url": "https://myanimelist.net/anime/30340/Direct_Animation",
        "type": "Movie",
        "eps": "1",
        "members": "324",
        "ystart": "1987",
        "yend": "1987",
        "score": "4.82",
        "popularity_rank": "12488"
    },
    {
        "url": "https://myanimelist.net/anime/29107/Banana_Mura_ni_Ame_ga_Furu",
        "type": "Music",
        "eps": "1",
        "members": "285",
        "ystart": "1987",
        "yend": "1987",
        "score": "4.82",
        "popularity_rank": "12841"
    },
    {
        "url": "https://myanimelist.net/anime/36062/Soccer",
        "type": "Music",
        "eps": "1",
        "members": "277",
        "ystart": "2017",
        "yend": "2017",
        "score": "4.81",
        "popularity_rank": "12946"
    },
    {
        "url": "https://myanimelist.net/anime/22159/Yami_no_Kioku_Yume_no_Inei",
        "type": "Movie",
        "eps": "1",
        "members": "348",
        "ystart": "2000",
        "yend": "2000",
        "score": "4.80",
        "popularity_rank": "12308"
    },
    {
        "url": "https://myanimelist.net/anime/30814/Landscape",
        "type": "Movie",
        "eps": "1",
        "members": "309",
        "ystart": "2004",
        "yend": "2004",
        "score": "4.80",
        "popularity_rank": "12622"
    },
    {
        "url": "https://myanimelist.net/anime/30339/Play_Jazz",
        "type": "Movie",
        "eps": "1",
        "members": "272",
        "ystart": "1987",
        "yend": "1987",
        "score": "4.80",
        "popularity_rank": "12997"
    },
    {
        "url": "https://myanimelist.net/anime/32803/Dreaming_Pupa__Yumemiru_Bokura",
        "type": "Music",
        "eps": "1",
        "members": "307",
        "ystart": "2010",
        "yend": "2010",
        "score": "4.79",
        "popularity_rank": "12634"
    },
    {
        "url": "https://myanimelist.net/anime/29906/Kakari",
        "type": "Movie",
        "eps": "1",
        "members": "345",
        "ystart": "2004",
        "yend": "2004",
        "score": "4.77",
        "popularity_rank": "12331"
    },
    {
        "url": "https://myanimelist.net/anime/29905/Yasashii_Fue_Tori_Ishi",
        "type": "Movie",
        "eps": "1",
        "members": "389",
        "ystart": "2005",
        "yend": "2005",
        "score": "4.75",
        "popularity_rank": "12037"
    },
    {
        "url": "https://myanimelist.net/anime/29989/Kaze_no_Kokyuu__Animation_ni_Yoru_Oufuku_Shokan",
        "type": "Movie",
        "eps": "1",
        "members": "331",
        "ystart": "2001",
        "yend": "2001",
        "score": "4.75",
        "popularity_rank": "12440"
    },
    {
        "url": "https://myanimelist.net/anime/36280/Usatalk",
        "type": "ONA",
        "eps": "1",
        "members": "287",
        "ystart": "2010",
        "yend": "2010",
        "score": "4.75",
        "popularity_rank": "12825"
    },
    {
        "url": "https://myanimelist.net/anime/36159/Hachiko\u2191Dance",
        "type": "Music",
        "eps": "1",
        "members": "320",
        "ystart": "2017",
        "yend": "2017",
        "score": "4.74",
        "popularity_rank": "12530"
    },
    {
        "url": "https://myanimelist.net/anime/38756/2",
        "type": "Music",
        "eps": "1",
        "members": "288",
        "ystart": "2017",
        "yend": "2017",
        "score": "4.74",
        "popularity_rank": "12813"
    },
    {
        "url": "https://myanimelist.net/anime/29971/Landmark",
        "type": "ONA",
        "eps": "1",
        "members": "274",
        "ystart": "2007",
        "yend": "2007",
        "score": "4.74",
        "popularity_rank": "12971"
    },
    {
        "url": "https://myanimelist.net/anime/13543/Nantokashite_Alguard",
        "type": "ONA",
        "eps": "1",
        "members": "355",
        "ystart": "2012",
        "yend": "2012",
        "score": "4.72",
        "popularity_rank": "12257"
    },
    {
        "url": "https://myanimelist.net/anime/30337/Mac_the_Movie",
        "type": "Movie",
        "eps": "1",
        "members": "286",
        "ystart": "1985",
        "yend": "1985",
        "score": "4.72",
        "popularity_rank": "12830"
    },
    {
        "url": "https://myanimelist.net/anime/30480/Bara_Bara_Film",
        "type": "Movie",
        "eps": "1",
        "members": "309",
        "ystart": "2011",
        "yend": "2011",
        "score": "4.71",
        "popularity_rank": "12621"
    },
    {
        "url": "https://myanimelist.net/anime/30212/Kono_Mayonnaise_wa_Yuru_Sugiru",
        "type": "Movie",
        "eps": "1",
        "members": "360",
        "ystart": "2002",
        "yend": "2002",
        "score": "4.69",
        "popularity_rank": "12219"
    },
    {
        "url": "https://myanimelist.net/anime/30666/Memories__Younenki_no_Joukei",
        "type": "Movie",
        "eps": "1",
        "members": "296",
        "ystart": "2002",
        "yend": "2002",
        "score": "4.69",
        "popularity_rank": "12730"
    },
    {
        "url": "https://myanimelist.net/anime/32293/Kerorinpasu",
        "type": "ONA",
        "eps": "1",
        "members": "324",
        "ystart": "2011",
        "yend": "2011",
        "score": "4.68",
        "popularity_rank": "12486"
    },
    {
        "url": "https://myanimelist.net/anime/30092/Wakie_Wakie",
        "type": "Music",
        "eps": "1",
        "members": "395",
        "ystart": "2015",
        "yend": "2015",
        "score": "4.66",
        "popularity_rank": "12006"
    },
    {
        "url": "https://myanimelist.net/anime/32779/Anygedybudybombom",
        "type": "Music",
        "eps": "1",
        "members": "298",
        "ystart": "2009",
        "yend": "2009",
        "score": "4.65",
        "popularity_rank": "12708"
    },
    {
        "url": "https://myanimelist.net/anime/36750/MTV_Ident__Horny",
        "type": "Special",
        "eps": "1",
        "members": "381",
        "ystart": "2017",
        "yend": "2017",
        "score": "4.64",
        "popularity_rank": "12103"
    },
    {
        "url": "https://myanimelist.net/anime/18561/Mahou_no_Hiroba",
        "type": "Music",
        "eps": "1",
        "members": "351",
        "ystart": "2001",
        "yend": "2001",
        "score": "4.57",
        "popularity_rank": "12287"
    },
    {
        "url": "https://myanimelist.net/anime/29105/Aruite_Mikka",
        "type": "Music",
        "eps": "1",
        "members": "384",
        "ystart": "1999",
        "yend": "1999",
        "score": "4.51",
        "popularity_rank": "12075"
    },
    {
        "url": "https://myanimelist.net/anime/29908/Kodomo_no_Kaitei_no_Koto",
        "type": "Movie",
        "eps": "1",
        "members": "383",
        "ystart": "2004",
        "yend": "2004",
        "score": "4.48",
        "popularity_rank": "12087"
    }
]