[
    {
        "url": "https://myanimelist.net/anime/41181/Dakara_Boku_wa_Ongaku_wo_Yameta",
        "type": "Music",
        "eps": "1",
        "members": "267",
        "ystart": "2019",
        "yend": "2019",
        "score": "6.74",
        "popularity_rank": "13061"
    },
    {
        "url": "https://myanimelist.net/anime/41176/Hitchcock",
        "type": "Music",
        "eps": "1",
        "members": "213",
        "ystart": "2018",
        "yend": "2018",
        "score": "6.74",
        "popularity_rank": "13820"
    },
    {
        "url": "https://myanimelist.net/anime/41180/Ame_to_Cappuccino",
        "type": "Music",
        "eps": "1",
        "members": "228",
        "ystart": "2019",
        "yend": "2019",
        "score": "6.53",
        "popularity_rank": "13602"
    },
    {
        "url": "https://myanimelist.net/anime/39204/Demon_Dance_Tokyo",
        "type": "Music",
        "eps": "1",
        "members": "251",
        "ystart": "2016",
        "yend": "2016",
        "score": "6.31",
        "popularity_rank": "13259"
    },
    {
        "url": "https://myanimelist.net/anime/39313/Deep_Blue_Town_e_Oide_yo",
        "type": "Music",
        "eps": "1",
        "members": "243",
        "ystart": "2017",
        "yend": "2017",
        "score": "6.25",
        "popularity_rank": "13370"
    },
    {
        "url": "https://myanimelist.net/anime/38486/Go_Now",
        "type": "Music",
        "eps": "1",
        "members": "224",
        "ystart": "2018",
        "yend": "2018",
        "score": "6.25",
        "popularity_rank": "13652"
    },
    {
        "url": "https://myanimelist.net/anime/39258/Afraid_To_Be_Cool___Raise_Me_Up",
        "type": "Music",
        "eps": "2",
        "members": "211",
        "ystart": "2016",
        "yend": "2016",
        "score": "6.21",
        "popularity_rank": "13843"
    },
    {
        "url": "https://myanimelist.net/anime/37777/Chiisana_Tayori_Ookina_Tayori",
        "type": "ONA",
        "eps": "1",
        "members": "232",
        "ystart": "2017",
        "yend": "2017",
        "score": "6.20",
        "popularity_rank": "13537"
    },
    {
        "url": "https://myanimelist.net/anime/36104/Haha_no_Supporter",
        "type": "ONA",
        "eps": "1",
        "members": "266",
        "ystart": "2016",
        "yend": "2016",
        "score": "6.19",
        "popularity_rank": "13064"
    },
    {
        "url": "https://myanimelist.net/anime/37530/Miyako",
        "type": "ONA",
        "eps": "1",
        "members": "231",
        "ystart": "2012",
        "yend": "2012",
        "score": "6.17",
        "popularity_rank": "13549"
    },
    {
        "url": "https://myanimelist.net/anime/36716/Boku_wa_Mada_7-sai_Datta",
        "type": "Music",
        "eps": "1",
        "members": "207",
        "ystart": "2016",
        "yend": "2016",
        "score": "6.17",
        "popularity_rank": "13909"
    },
    {
        "url": "https://myanimelist.net/anime/41135/Dream",
        "type": "ONA",
        "eps": "1",
        "members": "222",
        "ystart": "2020",
        "yend": "2020",
        "score": "6.14",
        "popularity_rank": "13693"
    },
    {
        "url": "https://myanimelist.net/anime/39174/Sister",
        "type": "Music",
        "eps": "1",
        "members": "258",
        "ystart": "2016",
        "yend": "2016",
        "score": "6.10",
        "popularity_rank": "13168"
    },
    {
        "url": "https://myanimelist.net/anime/40194/Kung_Fu_Liaoli_Niang",
        "type": "ONA",
        "eps": "1",
        "members": "268",
        "ystart": "2011",
        "yend": "2011",
        "score": "6.03",
        "popularity_rank": "13036"
    },
    {
        "url": "https://myanimelist.net/anime/38974/Bouen_no_March",
        "type": "Music",
        "eps": "1",
        "members": "228",
        "ystart": "2018",
        "yend": "2018",
        "score": "6.02",
        "popularity_rank": "13590"
    }
]