[
    {
        "url": "https://myanimelist.net/anime/39150/Otogi",
        "type": "Music",
        "eps": "4",
        "members": "599",
        "ystart": "2019",
        "yend": "2019",
        "score": "7.05",
        "popularity_rank": "11037"
    },
    {
        "url": "https://myanimelist.net/anime/40991/Xue_Ying_Ling_Zhu_2nd_Season",
        "type": "ONA",
        "eps": "4",
        "members": "493",
        "ystart": "2020",
        "yend": "2020",
        "score": "7.02",
        "popularity_rank": "11492"
    },
    {
        "url": "https://myanimelist.net/anime/39452/Itte",
        "type": "Music",
        "eps": "1",
        "members": "571",
        "ystart": "2017",
        "yend": "2017",
        "score": "6.99",
        "popularity_rank": "11160"
    },
    {
        "url": "https://myanimelist.net/anime/39165/Oki_ni_Mesu_mama",
        "type": "Music",
        "eps": "1",
        "members": "565",
        "ystart": "2017",
        "yend": "2017",
        "score": "6.99",
        "popularity_rank": "11189"
    },
    {
        "url": "https://myanimelist.net/anime/40909/Wan_Jie_Xian_Zong_3rd_Season",
        "type": "ONA",
        "eps": "48",
        "members": "446",
        "ystart": "2019",
        "yend": "2020",
        "score": "6.99",
        "popularity_rank": "11729"
    },
    {
        "url": "https://myanimelist.net/anime/38489/Feng_Yu_Zhou",
        "type": "Movie",
        "eps": "1",
        "members": "609",
        "ystart": "2018",
        "yend": "2018",
        "score": "6.97",
        "popularity_rank": "11003"
    },
    {
        "url": "https://myanimelist.net/anime/34346/Pig__Oka_no_Ue_no_Dam_Keeper",
        "type": "ONA",
        "eps": "10",
        "members": "596",
        "ystart": "2017",
        "yend": "2017",
        "score": "6.93",
        "popularity_rank": "11047"
    },
    {
        "url": "https://myanimelist.net/anime/32230/Xi_You_Ji",
        "type": "TV",
        "eps": "52",
        "members": "450",
        "ystart": "1999",
        "yend": "1999",
        "score": "6.87",
        "popularity_rank": "11715"
    },
    {
        "url": "https://myanimelist.net/anime/38916/Battle_Spirits__Saga_Brave",
        "type": "ONA",
        "eps": "3",
        "members": "530",
        "ystart": "2019",
        "yend": "2020",
        "score": "6.85",
        "popularity_rank": "11332"
    },
    {
        "url": "https://myanimelist.net/anime/39735/Baja_no_Studio__Baja_no_Mita_Umi",
        "type": "OVA",
        "eps": "1",
        "members": "597",
        "ystart": "2020",
        "yend": "2020",
        "score": "6.79",
        "popularity_rank": "11041"
    },
    {
        "url": "https://myanimelist.net/anime/40966/Ling_Jian_Zun_3rd_Season",
        "type": "ONA",
        "eps": "40",
        "members": "522",
        "ystart": "2019",
        "yend": "2020",
        "score": "6.79",
        "popularity_rank": "11370"
    },
    {
        "url": "https://myanimelist.net/anime/40291/Lost_One_no_Goukoku_wo_Utattemita",
        "type": "Music",
        "eps": "1",
        "members": "396",
        "ystart": "2019",
        "yend": "2019",
        "score": "6.78",
        "popularity_rank": "11999"
    },
    {
        "url": "https://myanimelist.net/anime/7845/Seton_Doubutsuki",
        "type": "TV",
        "eps": "45",
        "members": "418",
        "ystart": "1989",
        "yend": "1990",
        "score": "6.76",
        "popularity_rank": "11892"
    },
    {
        "url": "https://myanimelist.net/anime/40344/Baumkuchen_End",
        "type": "Music",
        "eps": "1",
        "members": "539",
        "ystart": "2019",
        "yend": "2019",
        "score": "6.73",
        "popularity_rank": "11290"
    },
    {
        "url": "https://myanimelist.net/anime/4054/Norimono_Oukoku_BuBu_ChaCha",
        "type": "TV",
        "eps": "26",
        "members": "570",
        "ystart": "1999",
        "yend": "1999",
        "score": "6.67",
        "popularity_rank": "11170"
    },
    {
        "url": "https://myanimelist.net/anime/4332/Seigi_wo_Aisuru_Mono_Gekkou_Kamen",
        "type": "TV",
        "eps": "39",
        "members": "586",
        "ystart": "1972",
        "yend": "1972",
        "score": "6.66",
        "popularity_rank": "11090"
    },
    {
        "url": "https://myanimelist.net/anime/3436/Meme_Iroiro_Yume_no_Tabi",
        "type": "TV",
        "eps": "127",
        "members": "536",
        "ystart": "1983",
        "yend": "1985",
        "score": "6.65",
        "popularity_rank": "11307"
    },
    {
        "url": "https://myanimelist.net/anime/39769/Kimi_ni_Sekai",
        "type": "Music",
        "eps": "1",
        "members": "520",
        "ystart": "2019",
        "yend": "2019",
        "score": "6.65",
        "popularity_rank": "11381"
    },
    {
        "url": "https://myanimelist.net/anime/39831/Hitogata",
        "type": "Music",
        "eps": "1",
        "members": "469",
        "ystart": "2019",
        "yend": "2019",
        "score": "6.65",
        "popularity_rank": "11601"
    },
    {
        "url": "https://myanimelist.net/anime/10114/Nintama_Rantarou_Movie__Ninjutsu_Gakuen_Zenin_Shutsudou_no_Dan",
        "type": "Movie",
        "eps": "1",
        "members": "526",
        "ystart": "2011",
        "yend": "2011",
        "score": "6.64",
        "popularity_rank": "11350"
    },
    {
        "url": "https://myanimelist.net/anime/17092/Dallyeola_Hani",
        "type": "TV",
        "eps": "13",
        "members": "537",
        "ystart": "1988",
        "yend": "1988",
        "score": "6.60",
        "popularity_rank": "11301"
    },
    {
        "url": "https://myanimelist.net/anime/6779/Pokonyan",
        "type": "TV",
        "eps": "170",
        "members": "600",
        "ystart": "1993",
        "yend": "1996",
        "score": "6.59",
        "popularity_rank": "11030"
    },
    {
        "url": "https://myanimelist.net/anime/5534/Hai_Akko_Desu",
        "type": "TV",
        "eps": "164",
        "members": "560",
        "ystart": "1988",
        "yend": "1992",
        "score": "6.56",
        "popularity_rank": "11213"
    },
    {
        "url": "https://myanimelist.net/anime/39250/Sumikko_Gurashi",
        "type": "Movie",
        "eps": "1",
        "members": "576",
        "ystart": "2019",
        "yend": "2019",
        "score": "6.55",
        "popularity_rank": "11140"
    },
    {
        "url": "https://myanimelist.net/anime/32728/Sensou_no_Tsukurikata",
        "type": "Movie",
        "eps": "1",
        "members": "469",
        "ystart": "2015",
        "yend": "2015",
        "score": "6.54",
        "popularity_rank": "11604"
    },
    {
        "url": "https://myanimelist.net/anime/31202/Chibi_Maruko-chan_Movie__Italia_kara_Kita_Shounen",
        "type": "Movie",
        "eps": "1",
        "members": "545",
        "ystart": "2015",
        "yend": "2015",
        "score": "6.51",
        "popularity_rank": "11267"
    },
    {
        "url": "https://myanimelist.net/anime/9810/Nyani_ga_Nyandaa_Nyandaa_Kamen",
        "type": "TV",
        "eps": "83",
        "members": "497",
        "ystart": "2000",
        "yend": "2001",
        "score": "6.51",
        "popularity_rank": "11470"
    },
    {
        "url": "https://myanimelist.net/anime/4782/Mama_wa_Poyopoyo_Saurus_ga_Osuki",
        "type": "TV",
        "eps": "52",
        "members": "536",
        "ystart": "1995",
        "yend": "1996",
        "score": "6.50",
        "popularity_rank": "11308"
    },
    {
        "url": "https://myanimelist.net/anime/19271/Gekitou_Crush_Gear_Turbo__Kaizabaan_no_Chousen",
        "type": "Movie",
        "eps": "1",
        "members": "602",
        "ystart": "2002",
        "yend": "2002",
        "score": "6.48",
        "popularity_rank": "11018"
    },
    {
        "url": "https://myanimelist.net/anime/7245/Sekai_Meisaku_Douwa__Wow_Maerchen_Oukoku",
        "type": "TV",
        "eps": "26",
        "members": "562",
        "ystart": "1995",
        "yend": "1995",
        "score": "6.48",
        "popularity_rank": "11200"
    },
    {
        "url": "https://myanimelist.net/anime/40251/Cyborg_009__The_Cyborg_Soldier_-_Kami_no_Ubugoe",
        "type": "Special",
        "eps": "1",
        "members": "550",
        "ystart": "2003",
        "yend": "2003",
        "score": "6.48",
        "popularity_rank": "11246"
    },
    {
        "url": "https://myanimelist.net/anime/40691/Kiss_of_Life",
        "type": "Music",
        "eps": "1",
        "members": "510",
        "ystart": "2019",
        "yend": "2019",
        "score": "6.48",
        "popularity_rank": "11423"
    },
    {
        "url": "https://myanimelist.net/anime/9421/SMAnime",
        "type": "OVA",
        "eps": "3",
        "members": "440",
        "ystart": "2000",
        "yend": "2000",
        "score": "6.48",
        "popularity_rank": "11766"
    },
    {
        "url": "https://myanimelist.net/anime/20441/Meitantei_Holmes__Mrs_Hudson_Hitojichi_Jiken_no_Maki___Dover_Kaikyou_no_Daikuuchuusen_no_Maki",
        "type": "Movie",
        "eps": "1",
        "members": "598",
        "ystart": "1986",
        "yend": "1986",
        "score": "6.47",
        "popularity_rank": "11039"
    },
    {
        "url": "https://myanimelist.net/anime/4504/Kinkyuu_Hasshin_Saver_Kids",
        "type": "TV",
        "eps": "50",
        "members": "526",
        "ystart": "1991",
        "yend": "1992",
        "score": "6.47",
        "popularity_rank": "11353"
    },
    {
        "url": "https://myanimelist.net/anime/36993/Chao_Zhi_Neng_Zu_Qiu",
        "type": "TV",
        "eps": "52",
        "members": "445",
        "ystart": "2010",
        "yend": "2014",
        "score": "6.47",
        "popularity_rank": "11736"
    },
    {
        "url": "https://myanimelist.net/anime/9376/Yamato_Takeru__After_War",
        "type": "OVA",
        "eps": "2",
        "members": "485",
        "ystart": "1995",
        "yend": "1995",
        "score": "6.46",
        "popularity_rank": "11528"
    },
    {
        "url": "https://myanimelist.net/anime/11829/Manga_Mitokoumon",
        "type": "TV",
        "eps": "46",
        "members": "446",
        "ystart": "1981",
        "yend": "1981",
        "score": "6.46",
        "popularity_rank": "11728"
    },
    {
        "url": "https://myanimelist.net/anime/40200/Paprika_Music",
        "type": "Music",
        "eps": "1",
        "members": "401",
        "ystart": "2019",
        "yend": "2019",
        "score": "6.46",
        "popularity_rank": "11968"
    },
    {
        "url": "https://myanimelist.net/anime/3433/Go-Q-Choji_Ikkiman",
        "type": "TV",
        "eps": "32",
        "members": "581",
        "ystart": "1986",
        "yend": "1986",
        "score": "6.45",
        "popularity_rank": "11115"
    },
    {
        "url": "https://myanimelist.net/anime/29231/Fushigiboshi_no\u2606Futagohime_Gyu_Recap",
        "type": "OVA",
        "eps": "1",
        "members": "535",
        "ystart": "2006",
        "yend": "2006",
        "score": "6.45",
        "popularity_rank": "11313"
    },
    {
        "url": "https://myanimelist.net/anime/9795/Atashinchi_Movie",
        "type": "Movie",
        "eps": "1",
        "members": "509",
        "ystart": "2003",
        "yend": "2003",
        "score": "6.45",
        "popularity_rank": "11426"
    },
    {
        "url": "https://myanimelist.net/anime/5833/Tondemo_Senshi_Muteking",
        "type": "TV",
        "eps": "56",
        "members": "481",
        "ystart": "1980",
        "yend": "1981",
        "score": "6.45",
        "popularity_rank": "11549"
    },
    {
        "url": "https://myanimelist.net/anime/9900/Hamster_Club",
        "type": "TV",
        "eps": "140",
        "members": "566",
        "ystart": "2000",
        "yend": "2001",
        "score": "6.44",
        "popularity_rank": "11180"
    },
    {
        "url": "https://myanimelist.net/anime/32751/Xiao_Men_Shen",
        "type": "Movie",
        "eps": "1",
        "members": "513",
        "ystart": "2016",
        "yend": "2016",
        "score": "6.43",
        "popularity_rank": "11410"
    },
    {
        "url": "https://myanimelist.net/anime/17233/Jib",
        "type": "Movie",
        "eps": "1",
        "members": "445",
        "ystart": "2011",
        "yend": "2011",
        "score": "6.43",
        "popularity_rank": "11733"
    },
    {
        "url": "https://myanimelist.net/anime/2028/Zettai_Muteki_Raijin-Oh_1992",
        "type": "OVA",
        "eps": "4",
        "members": "440",
        "ystart": "1992",
        "yend": "1993",
        "score": "6.43",
        "popularity_rank": "11767"
    },
    {
        "url": "https://myanimelist.net/anime/36644/Shaonian_Jinyiwei",
        "type": "ONA",
        "eps": "13",
        "members": "564",
        "ystart": "2017",
        "yend": "2017",
        "score": "6.42",
        "popularity_rank": "11190"
    },
    {
        "url": "https://myanimelist.net/anime/8783/Nezha_Nao_Hai",
        "type": "Movie",
        "eps": "1",
        "members": "561",
        "ystart": "1979",
        "yend": "1979",
        "score": "6.42",
        "popularity_rank": "11207"
    },
    {
        "url": "https://myanimelist.net/anime/39975/Android_Girl_feat_Hatsune_Miku",
        "type": "Music",
        "eps": "1",
        "members": "506",
        "ystart": "2019",
        "yend": "2019",
        "score": "6.42",
        "popularity_rank": "11434"
    },
    {
        "url": "https://myanimelist.net/anime/19009/DS_Anime_Soushuuhen_98",
        "type": "OVA",
        "eps": "1",
        "members": "418",
        "ystart": "1998",
        "yend": "1998",
        "score": "6.42",
        "popularity_rank": "11889"
    },
    {
        "url": "https://myanimelist.net/anime/7547/Komadori_Eiga__Komaneko",
        "type": "Movie",
        "eps": "1",
        "members": "397",
        "ystart": "2006",
        "yend": "2006",
        "score": "6.42",
        "popularity_rank": "11993"
    },
    {
        "url": "https://myanimelist.net/anime/8677/Sangokushi_1985",
        "type": "Special",
        "eps": "1",
        "members": "598",
        "ystart": "1985",
        "yend": "1985",
        "score": "6.41",
        "popularity_rank": "11040"
    },
    {
        "url": "https://myanimelist.net/anime/10202/Kamen_Rider_Den-O__Imagin_Anime_3",
        "type": "OVA",
        "eps": "12",
        "members": "586",
        "ystart": "2010",
        "yend": "2010",
        "score": "6.41",
        "popularity_rank": "11089"
    },
    {
        "url": "https://myanimelist.net/anime/12439/Soukou_Kihei_Votoms_VolI__Stories_of_the_ATVotoms",
        "type": "OVA",
        "eps": "1",
        "members": "583",
        "ystart": "1985",
        "yend": "1985",
        "score": "6.41",
        "popularity_rank": "11106"
    },
    {
        "url": "https://myanimelist.net/anime/4801/Suhoyojeong_Michel",
        "type": "TV",
        "eps": "26",
        "members": "580",
        "ystart": "2003",
        "yend": "2003",
        "score": "6.41",
        "popularity_rank": "11126"
    },
    {
        "url": "https://myanimelist.net/anime/2568/Kojika_Monogatari",
        "type": "TV",
        "eps": "52",
        "members": "569",
        "ystart": "1983",
        "yend": "1985",
        "score": "6.41",
        "popularity_rank": "11171"
    },
    {
        "url": "https://myanimelist.net/anime/6728/Helen_Keller_Monogatari__Ai_to_Hikari_no_Tenshi",
        "type": "Movie",
        "eps": "1",
        "members": "568",
        "ystart": "1981",
        "yend": "1981",
        "score": "6.41",
        "popularity_rank": "11174"
    },
    {
        "url": "https://myanimelist.net/anime/1396/Future_GPX_Cyber_Formula__Early_Days_Renewal",
        "type": "OVA",
        "eps": "2",
        "members": "524",
        "ystart": "1996",
        "yend": "1996",
        "score": "6.41",
        "popularity_rank": "11360"
    },
    {
        "url": "https://myanimelist.net/anime/3870/Kick_no_Oni",
        "type": "TV",
        "eps": "26",
        "members": "596",
        "ystart": "1970",
        "yend": "1971",
        "score": "6.40",
        "popularity_rank": "11045"
    },
    {
        "url": "https://myanimelist.net/anime/5636/Restol__Teugsu_Gujo_Dae",
        "type": "TV",
        "eps": "26",
        "members": "579",
        "ystart": "1999",
        "yend": "1999",
        "score": "6.40",
        "popularity_rank": "11128"
    },
    {
        "url": "https://myanimelist.net/anime/9095/Hitomi_no_Naka_no_Shounen__Juugo_Shounen_Hyouryuuki",
        "type": "Special",
        "eps": "1",
        "members": "593",
        "ystart": "1987",
        "yend": "1987",
        "score": "6.39",
        "popularity_rank": "11061"
    },
    {
        "url": "https://myanimelist.net/anime/8139/Shin_Minashigo_Hutch",
        "type": "TV",
        "eps": "26",
        "members": "514",
        "ystart": "1974",
        "yend": "1974",
        "score": "6.39",
        "popularity_rank": "11407"
    },
    {
        "url": "https://myanimelist.net/anime/3659/Majime_ni_Fumajime_Kaiketsu_Zorori__Nazo_no_Otakara_Daisakusen",
        "type": "Movie",
        "eps": "1",
        "members": "477",
        "ystart": "2006",
        "yend": "2006",
        "score": "6.39",
        "popularity_rank": "11570"
    },
    {
        "url": "https://myanimelist.net/anime/8956/Denkou_Chou_Tokkyuu_Hikarian",
        "type": "TV",
        "eps": "52",
        "members": "473",
        "ystart": "2002",
        "yend": "2003",
        "score": "6.38",
        "popularity_rank": "11588"
    },
    {
        "url": "https://myanimelist.net/anime/18533/Jungle_Taitei_Leo__Hon-o-ji",
        "type": "Movie",
        "eps": "1",
        "members": "440",
        "ystart": "2000",
        "yend": "2000",
        "score": "6.38",
        "popularity_rank": "11761"
    },
    {
        "url": "https://myanimelist.net/anime/29937/Qin_Shi_Ming_Yue_Zhi__Luosheng_Tangxia",
        "type": "ONA",
        "eps": "1",
        "members": "432",
        "ystart": "2014",
        "yend": "2014",
        "score": "6.38",
        "popularity_rank": "11810"
    },
    {
        "url": "https://myanimelist.net/anime/4511/Hoero_Bun_Bun",
        "type": "TV",
        "eps": "39",
        "members": "603",
        "ystart": "1980",
        "yend": "1981",
        "score": "6.37",
        "popularity_rank": "11014"
    },
    {
        "url": "https://myanimelist.net/anime/23711/Kakumei_no_Wakaki_Sora",
        "type": "OVA",
        "eps": "1",
        "members": "561",
        "ystart": "2010",
        "yend": "2010",
        "score": "6.37",
        "popularity_rank": "11208"
    },
    {
        "url": "https://myanimelist.net/anime/9796/Atashinchi_3D_Movie__Jounetsu_no_Chou_Chounouryoku_Haha_Dai_Bousou",
        "type": "Movie",
        "eps": "1",
        "members": "434",
        "ystart": "2010",
        "yend": "2010",
        "score": "6.37",
        "popularity_rank": "11795"
    },
    {
        "url": "https://myanimelist.net/anime/3201/Pure-tou_no_Nakama-tachi",
        "type": "TV",
        "eps": "26",
        "members": "592",
        "ystart": "1983",
        "yend": "1983",
        "score": "6.36",
        "popularity_rank": "11063"
    },
    {
        "url": "https://myanimelist.net/anime/15607/Ai_no_Wakakusa_Monogatari_Specials",
        "type": "Special",
        "eps": "2",
        "members": "489",
        "ystart": "2001",
        "yend": "2001",
        "score": "6.36",
        "popularity_rank": "11512"
    },
    {
        "url": "https://myanimelist.net/anime/9390/Ginga_Hyouryuu_Vifam__Keito_no_Kioku_-_Namida_no_Dakkai_Sakusen",
        "type": "OVA",
        "eps": "1",
        "members": "427",
        "ystart": "1985",
        "yend": "1985",
        "score": "6.36",
        "popularity_rank": "11835"
    },
    {
        "url": "https://myanimelist.net/anime/40143/Pokemon_Masters__Trainers_Great_Gathering_Special_Animation",
        "type": "ONA",
        "eps": "1",
        "members": "599",
        "ystart": "2019",
        "yend": "2019",
        "score": "6.35",
        "popularity_rank": "11036"
    },
    {
        "url": "https://myanimelist.net/anime/7601/Mashin_Eiyuuden_Wataru__Owarinaki_Toki_no_Monogatari",
        "type": "OVA",
        "eps": "3",
        "members": "560",
        "ystart": "1993",
        "yend": "1994",
        "score": "6.35",
        "popularity_rank": "11215"
    },
    {
        "url": "https://myanimelist.net/anime/5189/Chou_Tokkyuu_Hikarian",
        "type": "TV",
        "eps": "156",
        "members": "559",
        "ystart": "1997",
        "yend": "2000",
        "score": "6.35",
        "popularity_rank": "11220"
    },
    {
        "url": "https://myanimelist.net/anime/22361/Shichinin_no_Nana__Oshougatsu_Da_yo_7_x_7___49-nin_no_Nana",
        "type": "Special",
        "eps": "1",
        "members": "466",
        "ystart": "2002",
        "yend": "2002",
        "score": "6.35",
        "popularity_rank": "11620"
    },
    {
        "url": "https://myanimelist.net/anime/38817/Takarasagashi_no_Natsuyasumi",
        "type": "ONA",
        "eps": "1",
        "members": "449",
        "ystart": "2014",
        "yend": "2014",
        "score": "6.35",
        "popularity_rank": "11719"
    },
    {
        "url": "https://myanimelist.net/anime/5917/Tsuru_ni_Notte__Tomoko_no_Bouken",
        "type": "Movie",
        "eps": "1",
        "members": "575",
        "ystart": "1993",
        "yend": "1993",
        "score": "6.34",
        "popularity_rank": "11143"
    },
    {
        "url": "https://myanimelist.net/anime/5088/Fabre-sensei_wa_Meitantei",
        "type": "TV",
        "eps": "26",
        "members": "565",
        "ystart": "2000",
        "yend": "2000",
        "score": "6.34",
        "popularity_rank": "11188"
    },
    {
        "url": "https://myanimelist.net/anime/36145/Tottoko_Hamtarou__Anime_Dechu",
        "type": "OVA",
        "eps": "1",
        "members": "559",
        "ystart": "1999",
        "yend": "1999",
        "score": "6.33",
        "popularity_rank": "11219"
    },
    {
        "url": "https://myanimelist.net/anime/5600/Little_El_Cid_no_Bouken",
        "type": "TV",
        "eps": "26",
        "members": "494",
        "ystart": "1984",
        "yend": "1984",
        "score": "6.33",
        "popularity_rank": "11491"
    },
    {
        "url": "https://myanimelist.net/anime/33957/Danball_Senki_Wars__All_Star_Battle",
        "type": "Special",
        "eps": "1",
        "members": "519",
        "ystart": "2014",
        "yend": "2014",
        "score": "6.32",
        "popularity_rank": "11387"
    },
    {
        "url": "https://myanimelist.net/anime/6397/Tentou_Mushi_no_Uta",
        "type": "TV",
        "eps": "104",
        "members": "510",
        "ystart": "1974",
        "yend": "1976",
        "score": "6.32",
        "popularity_rank": "11424"
    },
    {
        "url": "https://myanimelist.net/anime/4314/Nanami-chan_2nd_Series",
        "type": "TV",
        "eps": "16",
        "members": "478",
        "ystart": "2005",
        "yend": "2005",
        "score": "6.32",
        "popularity_rank": "11564"
    },
    {
        "url": "https://myanimelist.net/anime/7752/Bao_Lian_Deng",
        "type": "Movie",
        "eps": "1",
        "members": "452",
        "ystart": "1999",
        "yend": "1999",
        "score": "6.32",
        "popularity_rank": "11692"
    },
    {
        "url": "https://myanimelist.net/anime/2710/Nintama_Rantarou_Movie",
        "type": "Movie",
        "eps": "1",
        "members": "463",
        "ystart": "1996",
        "yend": "1996",
        "score": "6.31",
        "popularity_rank": "11641"
    },
    {
        "url": "https://myanimelist.net/anime/39334/Beyond_Creation",
        "type": "ONA",
        "eps": "1",
        "members": "582",
        "ystart": "2019",
        "yend": "2019",
        "score": "6.30",
        "popularity_rank": "11112"
    },
    {
        "url": "https://myanimelist.net/anime/7505/Knyacki",
        "type": "TV",
        "eps": "?",
        "members": "558",
        "ystart": "Apr",
        "yend": "1995",
        "score": "6.30",
        "popularity_rank": "11225"
    },
    {
        "url": "https://myanimelist.net/anime/39332/Monster_Special_Edition",
        "type": "Special",
        "eps": "2",
        "members": "416",
        "ystart": "2005",
        "yend": "2005",
        "score": "6.30",
        "popularity_rank": "11907"
    },
    {
        "url": "https://myanimelist.net/anime/8678/Sangokushi_II__Amakakeru_Otoko-tachi",
        "type": "Special",
        "eps": "1",
        "members": "458",
        "ystart": "1986",
        "yend": "1986",
        "score": "6.29",
        "popularity_rank": "11661"
    },
    {
        "url": "https://myanimelist.net/anime/36894/Inazma_Delivery__Dougyousha_Attack-hen",
        "type": "TV",
        "eps": "10",
        "members": "453",
        "ystart": "2017",
        "yend": "2018",
        "score": "6.29",
        "popularity_rank": "11684"
    },
    {
        "url": "https://myanimelist.net/anime/3723/Koala_Boy_Kokki",
        "type": "TV",
        "eps": "26",
        "members": "595",
        "ystart": "1984",
        "yend": "1985",
        "score": "6.28",
        "popularity_rank": "11052"
    },
    {
        "url": "https://myanimelist.net/anime/9531/Tezuka_Osamu_Monogatari__Boku_wa_Son_Gokuu",
        "type": "Special",
        "eps": "1",
        "members": "551",
        "ystart": "1989",
        "yend": "1989",
        "score": "6.28",
        "popularity_rank": "11242"
    },
    {
        "url": "https://myanimelist.net/anime/35686/Doraemon_2005_Specials",
        "type": "Special",
        "eps": "?",
        "members": "500",
        "ystart": "Apr",
        "yend": "2005",
        "score": "6.28",
        "popularity_rank": "11455"
    },
    {
        "url": "https://myanimelist.net/anime/10594/Tokimeki_Tonight_Recaps",
        "type": "Special",
        "eps": "2",
        "members": "472",
        "ystart": "1988",
        "yend": "1988",
        "score": "6.28",
        "popularity_rank": "11589"
    },
    {
        "url": "https://myanimelist.net/anime/5535/Tottoi",
        "type": "Movie",
        "eps": "1",
        "members": "582",
        "ystart": "1992",
        "yend": "1992",
        "score": "6.27",
        "popularity_rank": "11111"
    },
    {
        "url": "https://myanimelist.net/anime/9389/Ginga_Hyouryuu_Vifam__Kieta_12-nin",
        "type": "OVA",
        "eps": "1",
        "members": "422",
        "ystart": "1985",
        "yend": "1985",
        "score": "6.27",
        "popularity_rank": "11867"
    },
    {
        "url": "https://myanimelist.net/anime/12441/Soukou_Kihei_Votoms_VolII__Highlights_from_the_ATVotoms",
        "type": "OVA",
        "eps": "1",
        "members": "544",
        "ystart": "1985",
        "yend": "1985",
        "score": "6.26",
        "popularity_rank": "11270"
    },
    {
        "url": "https://myanimelist.net/anime/6518/Eiga_de_Toujou_Tamagotchi_Dokidoki_Uchuu_no_Maigotchi",
        "type": "Movie",
        "eps": "1",
        "members": "481",
        "ystart": "2007",
        "yend": "2007",
        "score": "6.26",
        "popularity_rank": "11547"
    },
    {
        "url": "https://myanimelist.net/anime/39815/More_feat_Anderson_Paak",
        "type": "Music",
        "eps": "1",
        "members": "447",
        "ystart": "2019",
        "yend": "2019",
        "score": "6.25",
        "popularity_rank": "11724"
    },
    {
        "url": "https://myanimelist.net/anime/10607/Rerere_no_Tensai_Bakabon",
        "type": "TV",
        "eps": "24",
        "members": "445",
        "ystart": "1999",
        "yend": "2000",
        "score": "6.25",
        "popularity_rank": "11735"
    },
    {
        "url": "https://myanimelist.net/anime/9106/Nogsaegjeoncha_Hamos",
        "type": "TV",
        "eps": "26",
        "members": "593",
        "ystart": "1997",
        "yend": "1998",
        "score": "6.24",
        "popularity_rank": "11062"
    },
    {
        "url": "https://myanimelist.net/anime/10562/Machine_Hayabusa",
        "type": "TV",
        "eps": "21",
        "members": "580",
        "ystart": "1976",
        "yend": "1976",
        "score": "6.24",
        "popularity_rank": "11125"
    },
    {
        "url": "https://myanimelist.net/anime/21255/Takarajima_Movie",
        "type": "Movie",
        "eps": "1",
        "members": "572",
        "ystart": "1987",
        "yend": "1987",
        "score": "6.24",
        "popularity_rank": "11154"
    },
    {
        "url": "https://myanimelist.net/anime/27811/Zhong_Hua_Xiao_Zi",
        "type": "TV",
        "eps": "26",
        "members": "431",
        "ystart": "2006",
        "yend": "2007",
        "score": "6.24",
        "popularity_rank": "11815"
    },
    {
        "url": "https://myanimelist.net/anime/3758/Panda_no_Daibouken",
        "type": "Movie",
        "eps": "1",
        "members": "521",
        "ystart": "1973",
        "yend": "1973",
        "score": "6.23",
        "popularity_rank": "11377"
    },
    {
        "url": "https://myanimelist.net/anime/9403/Shin_Mashin_Eiyuuden_Wataru_Majinzan",
        "type": "OVA",
        "eps": "2",
        "members": "458",
        "ystart": "1989",
        "yend": "1989",
        "score": "6.23",
        "popularity_rank": "11660"
    },
    {
        "url": "https://myanimelist.net/anime/37923/Baa-cha_no_Kingyo",
        "type": "ONA",
        "eps": "1",
        "members": "452",
        "ystart": "2012",
        "yend": "2012",
        "score": "6.23",
        "popularity_rank": "11691"
    },
    {
        "url": "https://myanimelist.net/anime/33499/Ganbare_Kickers__Bokutachi_no_Densetsu",
        "type": "OVA",
        "eps": "1",
        "members": "401",
        "ystart": "1987",
        "yend": "1987",
        "score": "6.23",
        "popularity_rank": "11974"
    },
    {
        "url": "https://myanimelist.net/anime/4599/Tanoshii_Willow_Town",
        "type": "TV",
        "eps": "26",
        "members": "581",
        "ystart": "1993",
        "yend": "1994",
        "score": "6.22",
        "popularity_rank": "11122"
    },
    {
        "url": "https://myanimelist.net/anime/3276/Kinnikuman__Gyakushuu_Uchuu_Kakure_Choujin",
        "type": "Movie",
        "eps": "1",
        "members": "571",
        "ystart": "1985",
        "yend": "1985",
        "score": "6.22",
        "popularity_rank": "11164"
    },
    {
        "url": "https://myanimelist.net/anime/36226/Kai_Feng_Qitan__Zhege_Baogong_Bu_Taixing",
        "type": "ONA",
        "eps": "10",
        "members": "526",
        "ystart": "2017",
        "yend": "2017",
        "score": "6.22",
        "popularity_rank": "11351"
    },
    {
        "url": "https://myanimelist.net/anime/38520/Inko_Colors_the_Animation",
        "type": "ONA",
        "eps": "1",
        "members": "500",
        "ystart": "2017",
        "yend": "2017",
        "score": "6.22",
        "popularity_rank": "11456"
    },
    {
        "url": "https://myanimelist.net/anime/8156/Gegege_no_Kitarou__Obake_Nighter",
        "type": "Movie",
        "eps": "1",
        "members": "595",
        "ystart": "1997",
        "yend": "1997",
        "score": "6.21",
        "popularity_rank": "11053"
    },
    {
        "url": "https://myanimelist.net/anime/9165/Attack_No1__Namida_no_Kaiten_Receive",
        "type": "Movie",
        "eps": "1",
        "members": "564",
        "ystart": "1970",
        "yend": "1970",
        "score": "6.21",
        "popularity_rank": "11192"
    },
    {
        "url": "https://myanimelist.net/anime/3278/Kinnikuman__New_York_Kiki_Ippatsu",
        "type": "Movie",
        "eps": "1",
        "members": "529",
        "ystart": "1986",
        "yend": "1986",
        "score": "6.20",
        "popularity_rank": "11340"
    },
    {
        "url": "https://myanimelist.net/anime/30865/Umi_ni_Ochita_Tsuki_no_Hanashi",
        "type": "Movie",
        "eps": "1",
        "members": "583",
        "ystart": "2013",
        "yend": "2013",
        "score": "6.19",
        "popularity_rank": "11105"
    },
    {
        "url": "https://myanimelist.net/anime/8214/Tekkamen_wo_Oe__dArtagnan_Monogatari_yori",
        "type": "Special",
        "eps": "1",
        "members": "582",
        "ystart": "1987",
        "yend": "1987",
        "score": "6.19",
        "popularity_rank": "11107"
    },
    {
        "url": "https://myanimelist.net/anime/9166/Attack_No1__Namida_no_Sekai_Senshuken",
        "type": "Movie",
        "eps": "1",
        "members": "549",
        "ystart": "1970",
        "yend": "1970",
        "score": "6.19",
        "popularity_rank": "11249"
    },
    {
        "url": "https://myanimelist.net/anime/9525/Junod",
        "type": "Special",
        "eps": "1",
        "members": "543",
        "ystart": "2010",
        "yend": "2010",
        "score": "6.19",
        "popularity_rank": "11276"
    },
    {
        "url": "https://myanimelist.net/anime/11101/Honoo_no_Alpenrose",
        "type": "OVA",
        "eps": "2",
        "members": "516",
        "ystart": "1986",
        "yend": "1986",
        "score": "6.19",
        "popularity_rank": "11398"
    },
    {
        "url": "https://myanimelist.net/anime/10481/Otohime_Connection",
        "type": "OVA",
        "eps": "1",
        "members": "512",
        "ystart": "1991",
        "yend": "1991",
        "score": "6.19",
        "popularity_rank": "11415"
    },
    {
        "url": "https://myanimelist.net/anime/2226/Mori_no_Tonto-tachi",
        "type": "TV",
        "eps": "23",
        "members": "491",
        "ystart": "1984",
        "yend": "1985",
        "score": "6.19",
        "popularity_rank": "11500"
    },
    {
        "url": "https://myanimelist.net/anime/4614/Moero_Arthur__Hakuba_no_Ouji",
        "type": "TV",
        "eps": "22",
        "members": "568",
        "ystart": "1980",
        "yend": "1980",
        "score": "6.18",
        "popularity_rank": "11173"
    },
    {
        "url": "https://myanimelist.net/anime/33498/Ganbare_Kickers_Specials",
        "type": "Special",
        "eps": "3",
        "members": "505",
        "ystart": "1988",
        "yend": "1988",
        "score": "6.18",
        "popularity_rank": "11440"
    },
    {
        "url": "https://myanimelist.net/anime/7626/Umi_no_Triton_1979",
        "type": "Movie",
        "eps": "2",
        "members": "482",
        "ystart": "1979",
        "yend": "1984",
        "score": "6.18",
        "popularity_rank": "11543"
    },
    {
        "url": "https://myanimelist.net/anime/5314/Rokumon_Tengai_Mon_Colle_Knights_Movie__Densetsu_no_Fire_Dragon",
        "type": "Movie",
        "eps": "1",
        "members": "559",
        "ystart": "2000",
        "yend": "2000",
        "score": "6.17",
        "popularity_rank": "11222"
    },
    {
        "url": "https://myanimelist.net/anime/28371/Dr_Slump__Arale-chan_-_Penguin_Mura_Eiyuu_Densetsu",
        "type": "Special",
        "eps": "1",
        "members": "539",
        "ystart": "1982",
        "yend": "1982",
        "score": "6.17",
        "popularity_rank": "11291"
    },
    {
        "url": "https://myanimelist.net/anime/39962/Brand_New_Story",
        "type": "Music",
        "eps": "1",
        "members": "490",
        "ystart": "2019",
        "yend": "2019",
        "score": "6.17",
        "popularity_rank": "11503"
    },
    {
        "url": "https://myanimelist.net/anime/9243/Nine_2__Koibito_Sengen",
        "type": "Special",
        "eps": "1",
        "members": "450",
        "ystart": "1983",
        "yend": "1983",
        "score": "6.17",
        "popularity_rank": "11710"
    },
    {
        "url": "https://myanimelist.net/anime/36730/Doraemon__Benkyou_Heya_no_Tsuribori",
        "type": "Special",
        "eps": "1",
        "members": "436",
        "ystart": "1979",
        "yend": "1979",
        "score": "6.17",
        "popularity_rank": "11783"
    },
    {
        "url": "https://myanimelist.net/anime/17167/Akai_Koudan_Zillion_Recaps",
        "type": "Special",
        "eps": "3",
        "members": "548",
        "ystart": "1987",
        "yend": "1988",
        "score": "6.16",
        "popularity_rank": "11252"
    },
    {
        "url": "https://myanimelist.net/anime/5223/Robotan_1986",
        "type": "TV",
        "eps": "33",
        "members": "496",
        "ystart": "1986",
        "yend": "1986",
        "score": "6.16",
        "popularity_rank": "11480"
    },
    {
        "url": "https://myanimelist.net/anime/25749/Yatterman_Specials",
        "type": "Special",
        "eps": "2",
        "members": "444",
        "ystart": "2008",
        "yend": "2008",
        "score": "6.16",
        "popularity_rank": "11743"
    },
    {
        "url": "https://myanimelist.net/anime/8446/SAI__Part_1___Revolving_to_the_Core",
        "type": "Music",
        "eps": "1",
        "members": "435",
        "ystart": "2004",
        "yend": "2004",
        "score": "6.16",
        "popularity_rank": "11792"
    },
    {
        "url": "https://myanimelist.net/anime/5935/Animation_Kikou__Marco_Polo_no_Bouken",
        "type": "TV",
        "eps": "43",
        "members": "591",
        "ystart": "1979",
        "yend": "1980",
        "score": "6.15",
        "popularity_rank": "11065"
    },
    {
        "url": "https://myanimelist.net/anime/32041/Mori_no_Densetsu__Dai_Ni_Gakushou",
        "type": "Movie",
        "eps": "1",
        "members": "542",
        "ystart": "2014",
        "yend": "2014",
        "score": "6.15",
        "popularity_rank": "11278"
    },
    {
        "url": "https://myanimelist.net/anime/7405/Jankenman",
        "type": "TV",
        "eps": "51",
        "members": "497",
        "ystart": "1991",
        "yend": "1992",
        "score": "6.15",
        "popularity_rank": "11476"
    },
    {
        "url": "https://myanimelist.net/anime/4521/Watt_Poe_to_Bokura_no_Ohanashi",
        "type": "OVA",
        "eps": "1",
        "members": "451",
        "ystart": "1988",
        "yend": "1988",
        "score": "6.15",
        "popularity_rank": "11703"
    },
    {
        "url": "https://myanimelist.net/anime/25069/Tom_Sawyer_no_Bouken_Specials",
        "type": "Special",
        "eps": "2",
        "members": "398",
        "ystart": "2001",
        "yend": "2001",
        "score": "6.15",
        "popularity_rank": "11988"
    },
    {
        "url": "https://myanimelist.net/anime/2822/Bamboo_Bears",
        "type": "TV",
        "eps": "52",
        "members": "570",
        "ystart": "1997",
        "yend": "1998",
        "score": "6.14",
        "popularity_rank": "11165"
    },
    {
        "url": "https://myanimelist.net/anime/8153/Gegege_no_Kitarou__Youkai_Daisensou",
        "type": "Movie",
        "eps": "1",
        "members": "549",
        "ystart": "1986",
        "yend": "1986",
        "score": "6.14",
        "popularity_rank": "11250"
    },
    {
        "url": "https://myanimelist.net/anime/9242/Nine__Original-ban",
        "type": "Movie",
        "eps": "1",
        "members": "501",
        "ystart": "1983",
        "yend": "1983",
        "score": "6.14",
        "popularity_rank": "11454"
    },
    {
        "url": "https://myanimelist.net/anime/10802/MonHun_Nikki_Girigiri_Airou_Mura_G",
        "type": "TV",
        "eps": "13",
        "members": "498",
        "ystart": "2011",
        "yend": "2011",
        "score": "6.14",
        "popularity_rank": "11462"
    },
    {
        "url": "https://myanimelist.net/anime/11693/Match_Uri_no_Shoujo",
        "type": "Movie",
        "eps": "1",
        "members": "465",
        "ystart": "1971",
        "yend": "1971",
        "score": "6.14",
        "popularity_rank": "11628"
    },
    {
        "url": "https://myanimelist.net/anime/8842/Oishinbo__Nichibei_Kome_Sensou",
        "type": "Movie",
        "eps": "1",
        "members": "451",
        "ystart": "1993",
        "yend": "1993",
        "score": "6.14",
        "popularity_rank": "11701"
    },
    {
        "url": "https://myanimelist.net/anime/4316/Nanami-chan_3rd_Series",
        "type": "TV",
        "eps": "16",
        "members": "450",
        "ystart": "2006",
        "yend": "2006",
        "score": "6.14",
        "popularity_rank": "11713"
    },
    {
        "url": "https://myanimelist.net/anime/2687/Gokuu_no_Daibouken",
        "type": "TV",
        "eps": "39",
        "members": "588",
        "ystart": "1967",
        "yend": "1967",
        "score": "6.13",
        "popularity_rank": "11077"
    },
    {
        "url": "https://myanimelist.net/anime/3131/Ashita_Tenki_ni_Naare",
        "type": "TV",
        "eps": "47",
        "members": "562",
        "ystart": "1984",
        "yend": "1985",
        "score": "6.13",
        "popularity_rank": "11199"
    },
    {
        "url": "https://myanimelist.net/anime/3275/Kinnikuman__Seigi_Choujin_vs_Kodai_Choujin",
        "type": "Movie",
        "eps": "1",
        "members": "561",
        "ystart": "1985",
        "yend": "1985",
        "score": "6.13",
        "popularity_rank": "11209"
    },
    {
        "url": "https://myanimelist.net/anime/6731/Ultraman_Kids_no_Kotowaza_Monogatari",
        "type": "TV",
        "eps": "26",
        "members": "468",
        "ystart": "1986",
        "yend": "1986",
        "score": "6.13",
        "popularity_rank": "11606"
    },
    {
        "url": "https://myanimelist.net/anime/12589/3_Choume_no_Tama__Onegai_Momo-chan_wo_Sagashite",
        "type": "Movie",
        "eps": "1",
        "members": "521",
        "ystart": "1993",
        "yend": "1993",
        "score": "6.12",
        "popularity_rank": "11375"
    },
    {
        "url": "https://myanimelist.net/anime/12569/Himitsu_no_Akko-chan_Movie",
        "type": "Movie",
        "eps": "1",
        "members": "489",
        "ystart": "1989",
        "yend": "1989",
        "score": "6.12",
        "popularity_rank": "11509"
    },
    {
        "url": "https://myanimelist.net/anime/3020/Gu-Gu_Ganmo",
        "type": "TV",
        "eps": "50",
        "members": "599",
        "ystart": "1984",
        "yend": "1985",
        "score": "6.11",
        "popularity_rank": "11035"
    },
    {
        "url": "https://myanimelist.net/anime/5956/High_School_Kimengumi_Movie",
        "type": "Movie",
        "eps": "1",
        "members": "578",
        "ystart": "1986",
        "yend": "1986",
        "score": "6.11",
        "popularity_rank": "11136"
    },
    {
        "url": "https://myanimelist.net/anime/22231/Tenshi_no_Shippo_Chu__Tenshi_no_Utagoe",
        "type": "OVA",
        "eps": "1",
        "members": "544",
        "ystart": "2004",
        "yend": "2004",
        "score": "6.11",
        "popularity_rank": "11272"
    },
    {
        "url": "https://myanimelist.net/anime/9424/Seupideuwang_Beongae",
        "type": "TV",
        "eps": "26",
        "members": "482",
        "ystart": "1998",
        "yend": "1998",
        "score": "6.11",
        "popularity_rank": "11545"
    },
    {
        "url": "https://myanimelist.net/anime/3834/Hoshi_no_Ko_Chobin",
        "type": "TV",
        "eps": "26",
        "members": "462",
        "ystart": "1974",
        "yend": "1974",
        "score": "6.11",
        "popularity_rank": "11646"
    },
    {
        "url": "https://myanimelist.net/anime/5013/Juugo_Shounen_Hyouryuuki",
        "type": "Special",
        "eps": "1",
        "members": "542",
        "ystart": "1982",
        "yend": "1982",
        "score": "6.10",
        "popularity_rank": "11280"
    },
    {
        "url": "https://myanimelist.net/anime/8240/Wanpaku_Oomukashi_Kum_Kum",
        "type": "TV",
        "eps": "26",
        "members": "478",
        "ystart": "1975",
        "yend": "1976",
        "score": "6.10",
        "popularity_rank": "11560"
    },
    {
        "url": "https://myanimelist.net/anime/9164/Attack_No1__Namida_no_Fushichou",
        "type": "Movie",
        "eps": "1",
        "members": "545",
        "ystart": "1971",
        "yend": "1971",
        "score": "6.09",
        "popularity_rank": "11266"
    },
    {
        "url": "https://myanimelist.net/anime/3845/Mahoutsukai_Chappy",
        "type": "TV",
        "eps": "39",
        "members": "497",
        "ystart": "1972",
        "yend": "1972",
        "score": "6.09",
        "popularity_rank": "11467"
    },
    {
        "url": "https://myanimelist.net/anime/8141/Konchuu_Monogatari_Mitsubachi_Hutch__Yuuki_no_Melody",
        "type": "Movie",
        "eps": "1",
        "members": "433",
        "ystart": "2010",
        "yend": "2010",
        "score": "6.09",
        "popularity_rank": "11802"
    },
    {
        "url": "https://myanimelist.net/anime/20189/Boku_no_Son_Gokuu",
        "type": "Movie",
        "eps": "1",
        "members": "419",
        "ystart": "2003",
        "yend": "2003",
        "score": "6.09",
        "popularity_rank": "11884"
    },
    {
        "url": "https://myanimelist.net/anime/10199/Super_Doll_Licca-chan__Licca-chan_Zettai_Zetsumei_Doll_Knights_no_Kiseki",
        "type": "Movie",
        "eps": "1",
        "members": "536",
        "ystart": "1999",
        "yend": "1999",
        "score": "6.08",
        "popularity_rank": "11310"
    },
    {
        "url": "https://myanimelist.net/anime/6629/Asari-chan",
        "type": "TV",
        "eps": "54",
        "members": "533",
        "ystart": "1982",
        "yend": "1983",
        "score": "6.08",
        "popularity_rank": "11322"
    },
    {
        "url": "https://myanimelist.net/anime/7532/Kuroi_Kikori_to_Shiroi_Kikori",
        "type": "Movie",
        "eps": "1",
        "members": "524",
        "ystart": "1956",
        "yend": "1956",
        "score": "6.08",
        "popularity_rank": "11359"
    },
    {
        "url": "https://myanimelist.net/anime/37051/Petit\u2606Dream_Stars_Lets_La_Cooking_Showtime",
        "type": "Movie",
        "eps": "1",
        "members": "495",
        "ystart": "2017",
        "yend": "2017",
        "score": "6.08",
        "popularity_rank": "11486"
    },
    {
        "url": "https://myanimelist.net/anime/10820/Sengoku_Majin_Goushougun_Movie",
        "type": "Movie",
        "eps": "1",
        "members": "456",
        "ystart": "1982",
        "yend": "1982",
        "score": "6.08",
        "popularity_rank": "11669"
    },
    {
        "url": "https://myanimelist.net/anime/8848/Oishinbo__Kyuukyoku_tai_Shikou_Chouju_Ryouri_Taiketsu",
        "type": "Movie",
        "eps": "1",
        "members": "420",
        "ystart": "1992",
        "yend": "1992",
        "score": "6.08",
        "popularity_rank": "11879"
    },
    {
        "url": "https://myanimelist.net/anime/13195/Misenai_Namida_wa_Kitto_Itsuka",
        "type": "Music",
        "eps": "1",
        "members": "417",
        "ystart": "2012",
        "yend": "2012",
        "score": "6.08",
        "popularity_rank": "11900"
    },
    {
        "url": "https://myanimelist.net/anime/9244/Nine__Kanketsu-hen",
        "type": "Special",
        "eps": "1",
        "members": "407",
        "ystart": "1984",
        "yend": "1984",
        "score": "6.08",
        "popularity_rank": "11938"
    },
    {
        "url": "https://myanimelist.net/anime/28369/Dr_Slump__Arale-chan_Specials",
        "type": "Special",
        "eps": "2",
        "members": "607",
        "ystart": "1981",
        "yend": "1981",
        "score": "6.07",
        "popularity_rank": "11007"
    },
    {
        "url": "https://myanimelist.net/anime/2024/Yoshimune",
        "type": "TV",
        "eps": "24",
        "members": "556",
        "ystart": "2006",
        "yend": "2006",
        "score": "6.07",
        "popularity_rank": "11233"
    },
    {
        "url": "https://myanimelist.net/anime/9768/Shima_Shima_Tora_no_Shimajirou",
        "type": "TV",
        "eps": "726",
        "members": "479",
        "ystart": "1993",
        "yend": "2008",
        "score": "6.07",
        "popularity_rank": "11556"
    },
    {
        "url": "https://myanimelist.net/anime/3155/Kingyo_Chuuihou_Movie",
        "type": "Movie",
        "eps": "1",
        "members": "478",
        "ystart": "1992",
        "yend": "1992",
        "score": "6.07",
        "popularity_rank": "11561"
    },
    {
        "url": "https://myanimelist.net/anime/37352/Quote",
        "type": "Music",
        "eps": "3",
        "members": "466",
        "ystart": "2017",
        "yend": "2018",
        "score": "6.07",
        "popularity_rank": "11624"
    },
    {
        "url": "https://myanimelist.net/anime/16912/gdgd_Fairies_2_Episode_0",
        "type": "Special",
        "eps": "1",
        "members": "594",
        "ystart": "2012",
        "yend": "2012",
        "score": "6.06",
        "popularity_rank": "11054"
    },
    {
        "url": "https://myanimelist.net/anime/8316/Kawasaki_Frontale_x_Tentai_Senshi_Sunred",
        "type": "Special",
        "eps": "4",
        "members": "540",
        "ystart": "2009",
        "yend": "2009",
        "score": "6.06",
        "popularity_rank": "11287"
    },
    {
        "url": "https://myanimelist.net/anime/5287/Ippatsu_Kanta-kun",
        "type": "TV",
        "eps": "53",
        "members": "514",
        "ystart": "1977",
        "yend": "1978",
        "score": "6.06",
        "popularity_rank": "11405"
    },
    {
        "url": "https://myanimelist.net/anime/15577/Hello_Kitty_no_Fushigi_no_Kuni_no_Alice",
        "type": "OVA",
        "eps": "1",
        "members": "468",
        "ystart": "1993",
        "yend": "1993",
        "score": "6.06",
        "popularity_rank": "11610"
    },
    {
        "url": "https://myanimelist.net/anime/7252/Grick_no_Bouken",
        "type": "Movie",
        "eps": "1",
        "members": "397",
        "ystart": "1981",
        "yend": "1981",
        "score": "6.06",
        "popularity_rank": "11991"
    },
    {
        "url": "https://myanimelist.net/anime/1139/Monkey_Magic",
        "type": "TV",
        "eps": "13",
        "members": "584",
        "ystart": "1998",
        "yend": "1998",
        "score": "6.05",
        "popularity_rank": "11098"
    },
    {
        "url": "https://myanimelist.net/anime/24675/Future_Card_Buddyfight_Recap",
        "type": "Special",
        "eps": "1",
        "members": "571",
        "ystart": "2014",
        "yend": "2014",
        "score": "6.05",
        "popularity_rank": "11161"
    },
    {
        "url": "https://myanimelist.net/anime/10349/Suzys_Zoo__Daisuki_Witzy",
        "type": "TV",
        "eps": "25",
        "members": "508",
        "ystart": "2011",
        "yend": "2011",
        "score": "6.05",
        "popularity_rank": "11428"
    },
    {
        "url": "https://myanimelist.net/anime/6074/21_Emon_Uchuu_ike_Hadashi_no_Princess",
        "type": "Movie",
        "eps": "1",
        "members": "496",
        "ystart": "1992",
        "yend": "1992",
        "score": "6.05",
        "popularity_rank": "11481"
    },
    {
        "url": "https://myanimelist.net/anime/7605/Parasol_Henbei",
        "type": "TV",
        "eps": "200",
        "members": "406",
        "ystart": "1989",
        "yend": "1991",
        "score": "6.05",
        "popularity_rank": "11953"
    },
    {
        "url": "https://myanimelist.net/anime/31965/Ba_La_La_Xiao_Mo_Xian_Zhi__Qiji_Wubu",
        "type": "TV",
        "eps": "52",
        "members": "591",
        "ystart": "2013",
        "yend": "2014",
        "score": "6.04",
        "popularity_rank": "11067"
    },
    {
        "url": "https://myanimelist.net/anime/28925/Youkai_Watch__Best_10",
        "type": "Special",
        "eps": "1",
        "members": "478",
        "ystart": "2014",
        "yend": "2014",
        "score": "6.04",
        "popularity_rank": "11565"
    },
    {
        "url": "https://myanimelist.net/anime/9172/Kaitei_Sanman_Mile",
        "type": "Movie",
        "eps": "1",
        "members": "439",
        "ystart": "1970",
        "yend": "1970",
        "score": "6.04",
        "popularity_rank": "11772"
    },
    {
        "url": "https://myanimelist.net/anime/30909/Vivi",
        "type": "Music",
        "eps": "1",
        "members": "567",
        "ystart": "2012",
        "yend": "2012",
        "score": "6.03",
        "popularity_rank": "11177"
    },
    {
        "url": "https://myanimelist.net/anime/3277/Kinnikuman__Haresugata_Seigi_Choujin",
        "type": "Movie",
        "eps": "1",
        "members": "516",
        "ystart": "1985",
        "yend": "1985",
        "score": "6.03",
        "popularity_rank": "11400"
    },
    {
        "url": "https://myanimelist.net/anime/39840/Ganbare_Kakure_Ase_Project",
        "type": "ONA",
        "eps": "1",
        "members": "470",
        "ystart": "2019",
        "yend": "2019",
        "score": "6.02",
        "popularity_rank": "11597"
    },
    {
        "url": "https://myanimelist.net/anime/7376/Kurumiwari_Ningyou",
        "type": "Movie",
        "eps": "1",
        "members": "498",
        "ystart": "1979",
        "yend": "1979",
        "score": "6.01",
        "popularity_rank": "11466"
    }
]