[
    {
        "url": "https://myanimelist.net/anime/39164/Dramaturgy",
        "type": "Music",
        "eps": "1",
        "members": "905",
        "ystart": "2017",
        "yend": "2017",
        "score": "7.36",
        "popularity_rank": "10130"
    },
    {
        "url": "https://myanimelist.net/anime/40569/Raison_d\u00eatre",
        "type": "Music",
        "eps": "1",
        "members": "954",
        "ystart": "2019",
        "yend": "2019",
        "score": "7.33",
        "popularity_rank": "10018"
    },
    {
        "url": "https://myanimelist.net/anime/39912/Wan_Jie_Xian_Zong_2nd_Season",
        "type": "ONA",
        "eps": "40",
        "members": "954",
        "ystart": "2019",
        "yend": "2019",
        "score": "7.30",
        "popularity_rank": "10023"
    },
    {
        "url": "https://myanimelist.net/anime/39419/Xia_Gan_Yi_Dan_Shen_Jianxin",
        "type": "ONA",
        "eps": "12",
        "members": "776",
        "ystart": "2018",
        "yend": "2018",
        "score": "7.18",
        "popularity_rank": "10447"
    },
    {
        "url": "https://myanimelist.net/anime/40900/MrAFFECTiON",
        "type": "Music",
        "eps": "1",
        "members": "819",
        "ystart": "2019",
        "yend": "2019",
        "score": "7.16",
        "popularity_rank": "10320"
    },
    {
        "url": "https://myanimelist.net/anime/41099/Re-raise",
        "type": "Music",
        "eps": "1",
        "members": "778",
        "ystart": "2020",
        "yend": "2020",
        "score": "7.09",
        "popularity_rank": "10436"
    },
    {
        "url": "https://myanimelist.net/anime/37266/Ano_Ko_Secret",
        "type": "Music",
        "eps": "1",
        "members": "711",
        "ystart": "2017",
        "yend": "2017",
        "score": "7.08",
        "popularity_rank": "10640"
    },
    {
        "url": "https://myanimelist.net/anime/41528/Xing_Chen_Bian__Yu_Li_Cang_Hai",
        "type": "ONA",
        "eps": "12",
        "members": "613",
        "ystart": "2020",
        "yend": "2020",
        "score": "7.08",
        "popularity_rank": "10990"
    },
    {
        "url": "https://myanimelist.net/anime/39191/Wan_Jie_Shen_Zhu",
        "type": "ONA",
        "eps": "60",
        "members": "907",
        "ystart": "2019",
        "yend": "2019",
        "score": "7.02",
        "popularity_rank": "10123"
    },
    {
        "url": "https://myanimelist.net/anime/29936/Qin_Shi_Ming_Yue__Junlin_Tianxia",
        "type": "ONA",
        "eps": "75",
        "members": "778",
        "ystart": "2014",
        "yend": "2017",
        "score": "7.02",
        "popularity_rank": "10439"
    },
    {
        "url": "https://myanimelist.net/anime/40969/Jintian_Kaishi_Zuo_Mingxing",
        "type": "ONA",
        "eps": "13",
        "members": "678",
        "ystart": "2019",
        "yend": "2020",
        "score": "6.98",
        "popularity_rank": "10753"
    },
    {
        "url": "https://myanimelist.net/anime/2805/Onegai_Samia_Don",
        "type": "TV",
        "eps": "39",
        "members": "753",
        "ystart": "1985",
        "yend": "1986",
        "score": "6.97",
        "popularity_rank": "10512"
    },
    {
        "url": "https://myanimelist.net/anime/3691/Watashi_to_Watashi__Futari_no_Lotte",
        "type": "TV",
        "eps": "29",
        "members": "820",
        "ystart": "1991",
        "yend": "1992",
        "score": "6.95",
        "popularity_rank": "10316"
    },
    {
        "url": "https://myanimelist.net/anime/2758/Shippuu_Iron_Leaguer",
        "type": "TV",
        "eps": "52",
        "members": "885",
        "ystart": "1993",
        "yend": "1994",
        "score": "6.92",
        "popularity_rank": "10174"
    },
    {
        "url": "https://myanimelist.net/anime/5071/Croket",
        "type": "TV",
        "eps": "104",
        "members": "750",
        "ystart": "2003",
        "yend": "2005",
        "score": "6.91",
        "popularity_rank": "10524"
    },
    {
        "url": "https://myanimelist.net/anime/6202/Daisetsusan_no_Yuusha_Kibaou",
        "type": "Special",
        "eps": "1",
        "members": "618",
        "ystart": "1978",
        "yend": "1978",
        "score": "6.90",
        "popularity_rank": "10968"
    },
    {
        "url": "https://myanimelist.net/anime/1892/YAT_Anshin_Uchuu_Ryokou_2",
        "type": "TV",
        "eps": "25",
        "members": "764",
        "ystart": "1998",
        "yend": "1998",
        "score": "6.87",
        "popularity_rank": "10480"
    },
    {
        "url": "https://myanimelist.net/anime/37894/Ling_Yu_4th_Season",
        "type": "ONA",
        "eps": "12",
        "members": "894",
        "ystart": "2016",
        "yend": "2017",
        "score": "6.85",
        "popularity_rank": "10151"
    },
    {
        "url": "https://myanimelist.net/anime/35102/Hinamatsuri",
        "type": "OVA",
        "eps": "1",
        "members": "922",
        "ystart": "eps",
        "yend": "eps",
        "score": "6.84",
        "popularity_rank": "10094"
    },
    {
        "url": "https://myanimelist.net/anime/33305/Hua_Jianghu_Zhi_Ling_Zhu",
        "type": "ONA",
        "eps": "41",
        "members": "907",
        "ystart": "2015",
        "yend": "2016",
        "score": "6.84",
        "popularity_rank": "10124"
    },
    {
        "url": "https://myanimelist.net/anime/10115/Friends__Mononoke_Shima_no_Naki",
        "type": "Movie",
        "eps": "1",
        "members": "880",
        "ystart": "2011",
        "yend": "2011",
        "score": "6.83",
        "popularity_rank": "10184"
    },
    {
        "url": "https://myanimelist.net/anime/3317/Uchuusen_Sagittarius",
        "type": "TV",
        "eps": "77",
        "members": "860",
        "ystart": "1986",
        "yend": "1987",
        "score": "6.82",
        "popularity_rank": "10231"
    },
    {
        "url": "https://myanimelist.net/anime/38918/Shao_Nian_Ge_Xing",
        "type": "ONA",
        "eps": "26",
        "members": "674",
        "ystart": "2018",
        "yend": "2019",
        "score": "6.82",
        "popularity_rank": "10772"
    },
    {
        "url": "https://myanimelist.net/anime/40062/Ling_Jian_Zun_2nd_Season",
        "type": "ONA",
        "eps": "30",
        "members": "726",
        "ystart": "2019",
        "yend": "2019",
        "score": "6.81",
        "popularity_rank": "10593"
    },
    {
        "url": "https://myanimelist.net/anime/11841/Qin_Shi_Ming_Yue__Ye_Jin_Tianming",
        "type": "TV",
        "eps": "18",
        "members": "949",
        "ystart": "2008",
        "yend": "2008",
        "score": "6.80",
        "popularity_rank": "10036"
    },
    {
        "url": "https://myanimelist.net/anime/2578/TaoTao_Ehonkan_Sekai_Doubutsu_Banashi",
        "type": "TV",
        "eps": "52",
        "members": "915",
        "ystart": "1983",
        "yend": "1985",
        "score": "6.79",
        "popularity_rank": "10109"
    },
    {
        "url": "https://myanimelist.net/anime/38052/WiSH_VOYAGE",
        "type": "Music",
        "eps": "1",
        "members": "663",
        "ystart": "2018",
        "yend": "2018",
        "score": "6.79",
        "popularity_rank": "10809"
    },
    {
        "url": "https://myanimelist.net/anime/37895/Ling_Yu_5th_Season",
        "type": "ONA",
        "eps": "12",
        "members": "803",
        "ystart": "2017",
        "yend": "2017",
        "score": "6.78",
        "popularity_rank": "10366"
    },
    {
        "url": "https://myanimelist.net/anime/4807/Mashin_Eiyuuden_Wataru_2",
        "type": "TV",
        "eps": "46",
        "members": "869",
        "ystart": "1990",
        "yend": "1991",
        "score": "6.77",
        "popularity_rank": "10209"
    },
    {
        "url": "https://myanimelist.net/anime/2916/Genki_Bakuhatsu_Ganbaruger",
        "type": "TV",
        "eps": "47",
        "members": "768",
        "ystart": "1992",
        "yend": "1993",
        "score": "6.77",
        "popularity_rank": "10468"
    },
    {
        "url": "https://myanimelist.net/anime/3425/Meiken_Lassie",
        "type": "TV",
        "eps": "25",
        "members": "947",
        "ystart": "1996",
        "yend": "1996",
        "score": "6.75",
        "popularity_rank": "10040"
    },
    {
        "url": "https://myanimelist.net/anime/4742/Papa_to_Odorou",
        "type": "TV",
        "eps": "16",
        "members": "943",
        "ystart": "1999",
        "yend": "1999",
        "score": "6.75",
        "popularity_rank": "10046"
    },
    {
        "url": "https://myanimelist.net/anime/5395/Nekketsu_Saikyou_Go-Saurer",
        "type": "TV",
        "eps": "51",
        "members": "840",
        "ystart": "1993",
        "yend": "1994",
        "score": "6.74",
        "popularity_rank": "10275"
    },
    {
        "url": "https://myanimelist.net/anime/3547/Kochira_Katsushikaku_Kameari_Kouenmae_Hashutsujo_The_Movie_2__UFO_Shuurai_Tornado_Daisakusen",
        "type": "Movie",
        "eps": "1",
        "members": "823",
        "ystart": "2003",
        "yend": "2003",
        "score": "6.74",
        "popularity_rank": "10308"
    },
    {
        "url": "https://myanimelist.net/anime/2749/Heisei_Inu_Monogatari_Bow",
        "type": "TV",
        "eps": "40",
        "members": "742",
        "ystart": "1993",
        "yend": "1994",
        "score": "6.74",
        "popularity_rank": "10546"
    },
    {
        "url": "https://myanimelist.net/anime/2707/Majime_ni_Fumajime_Kaiketsu_Zorori",
        "type": "TV",
        "eps": "97",
        "members": "796",
        "ystart": "2005",
        "yend": "2007",
        "score": "6.73",
        "popularity_rank": "10381"
    },
    {
        "url": "https://myanimelist.net/anime/26111/Hibike_Wadaiko",
        "type": "OVA",
        "eps": "1",
        "members": "629",
        "ystart": "2004",
        "yend": "2004",
        "score": "6.71",
        "popularity_rank": "10925"
    },
    {
        "url": "https://myanimelist.net/anime/5104/Andes_Shounen_Pepero_no_Bouken",
        "type": "TV",
        "eps": "26",
        "members": "764",
        "ystart": "1975",
        "yend": "1976",
        "score": "6.69",
        "popularity_rank": "10481"
    },
    {
        "url": "https://myanimelist.net/anime/5249/Mitsume_ga_Tooru",
        "type": "TV",
        "eps": "48",
        "members": "723",
        "ystart": "1990",
        "yend": "1991",
        "score": "6.68",
        "popularity_rank": "10605"
    },
    {
        "url": "https://myanimelist.net/anime/37679/Nanatsu-iro_REALiZE",
        "type": "Music",
        "eps": "1",
        "members": "649",
        "ystart": "2018",
        "yend": "2018",
        "score": "6.68",
        "popularity_rank": "10853"
    },
    {
        "url": "https://myanimelist.net/anime/4201/Chocchan_Monogatari",
        "type": "Movie",
        "eps": "1",
        "members": "920",
        "ystart": "1996",
        "yend": "1996",
        "score": "6.66",
        "popularity_rank": "10096"
    },
    {
        "url": "https://myanimelist.net/anime/2814/Dondon_Domeru_to_Ron",
        "type": "TV",
        "eps": "52",
        "members": "785",
        "ystart": "1988",
        "yend": "1989",
        "score": "6.66",
        "popularity_rank": "10416"
    },
    {
        "url": "https://myanimelist.net/anime/31427/Zinba",
        "type": "TV",
        "eps": "52",
        "members": "869",
        "ystart": "2013",
        "yend": "2014",
        "score": "6.65",
        "popularity_rank": "10208"
    },
    {
        "url": "https://myanimelist.net/anime/11307/Ginga_Patrol_PJ",
        "type": "TV",
        "eps": "26",
        "members": "781",
        "ystart": "1982",
        "yend": "1983",
        "score": "6.65",
        "popularity_rank": "10427"
    },
    {
        "url": "https://myanimelist.net/anime/31373/Rudolf_to_Ippaiattena",
        "type": "Movie",
        "eps": "1",
        "members": "905",
        "ystart": "2016",
        "yend": "2016",
        "score": "6.64",
        "popularity_rank": "10129"
    },
    {
        "url": "https://myanimelist.net/anime/12279/Kinnikuman_II_Sei__Muscle_Ninjin_Soudatsu_sen_Choujin_Daisensou",
        "type": "Movie",
        "eps": "1",
        "members": "891",
        "ystart": "2002",
        "yend": "2002",
        "score": "6.64",
        "popularity_rank": "10163"
    },
    {
        "url": "https://myanimelist.net/anime/38629/Crayon_Shin-chan_Movie_27__Shinkon_Ryokou_Hurricane_-_Ushinawareta_Hiroshi",
        "type": "Movie",
        "eps": "1",
        "members": "822",
        "ystart": "2019",
        "yend": "2019",
        "score": "6.64",
        "popularity_rank": "10310"
    },
    {
        "url": "https://myanimelist.net/anime/4073/Kyouryuu_Daisensou_Izenborg",
        "type": "TV",
        "eps": "39",
        "members": "805",
        "ystart": "1977",
        "yend": "1978",
        "score": "6.64",
        "popularity_rank": "10363"
    },
    {
        "url": "https://myanimelist.net/anime/39676/Han_Hua_Ri_Ji",
        "type": "ONA",
        "eps": "12",
        "members": "643",
        "ystart": "2019",
        "yend": "2019",
        "score": "6.64",
        "popularity_rank": "10877"
    },
    {
        "url": "https://myanimelist.net/anime/9957/Hoshizora_no_Violin",
        "type": "Movie",
        "eps": "1",
        "members": "704",
        "ystart": "1994",
        "yend": "1994",
        "score": "6.63",
        "popularity_rank": "10663"
    },
    {
        "url": "https://myanimelist.net/anime/2732/Baby_Baachan",
        "type": "TV",
        "eps": "53",
        "members": "647",
        "ystart": "2002",
        "yend": "2002",
        "score": "6.63",
        "popularity_rank": "10866"
    },
    {
        "url": "https://myanimelist.net/anime/9119/Chirorin_Mura_Monogatari",
        "type": "TV",
        "eps": "170",
        "members": "619",
        "ystart": "1992",
        "yend": "1993",
        "score": "6.63",
        "popularity_rank": "10967"
    },
    {
        "url": "https://myanimelist.net/anime/3546/Kochira_Katsushikaku_Kameari_Kouenmae_Hashutsujo__Jump_Festa_Special",
        "type": "Special",
        "eps": "1",
        "members": "731",
        "ystart": "1985",
        "yend": "1985",
        "score": "6.61",
        "popularity_rank": "10575"
    },
    {
        "url": "https://myanimelist.net/anime/35585/Stella-Rium",
        "type": "Music",
        "eps": "1",
        "members": "696",
        "ystart": "2015",
        "yend": "2015",
        "score": "6.61",
        "popularity_rank": "10693"
    },
    {
        "url": "https://myanimelist.net/anime/3519/Garakuta-doori_no_Stain",
        "type": "TV",
        "eps": "13",
        "members": "941",
        "ystart": "2003",
        "yend": "2003",
        "score": "6.60",
        "popularity_rank": "10052"
    },
    {
        "url": "https://myanimelist.net/anime/33396/Hua_Jiang_Hu_Zhi_Bu_Liang_Ren",
        "type": "ONA",
        "eps": "54",
        "members": "735",
        "ystart": "2014",
        "yend": "2015",
        "score": "6.60",
        "popularity_rank": "10561"
    },
    {
        "url": "https://myanimelist.net/anime/6297/Kamen_Rider_Den-O__Imagin_Anime_2",
        "type": "OVA",
        "eps": "12",
        "members": "714",
        "ystart": "2008",
        "yend": "2008",
        "score": "6.60",
        "popularity_rank": "10632"
    },
    {
        "url": "https://myanimelist.net/anime/41052/Osomatsu-san_Movie__Zensetsu_Gekijou",
        "type": "Special",
        "eps": "6",
        "members": "962",
        "ystart": "2019",
        "yend": "2019",
        "score": "6.59",
        "popularity_rank": "10001"
    },
    {
        "url": "https://myanimelist.net/anime/5274/Magical\u2605Taruruuto-kun",
        "type": "TV",
        "eps": "87",
        "members": "892",
        "ystart": "1990",
        "yend": "1992",
        "score": "6.59",
        "popularity_rank": "10156"
    },
    {
        "url": "https://myanimelist.net/anime/29935/Qin_Shi_Ming_Yue__Kong_Shan_Niao_Yu",
        "type": "ONA",
        "eps": "3",
        "members": "616",
        "ystart": "2014",
        "yend": "2014",
        "score": "6.59",
        "popularity_rank": "10980"
    },
    {
        "url": "https://myanimelist.net/anime/5201/Salad_Juu_Yuushi_Tomatoman",
        "type": "TV",
        "eps": "50",
        "members": "729",
        "ystart": "1992",
        "yend": "1993",
        "score": "6.58",
        "popularity_rank": "10580"
    },
    {
        "url": "https://myanimelist.net/anime/6855/Da_Nao_Tiangong",
        "type": "Movie",
        "eps": "1",
        "members": "688",
        "ystart": "1964",
        "yend": "1964",
        "score": "6.58",
        "popularity_rank": "10720"
    },
    {
        "url": "https://myanimelist.net/anime/4468/Nagagutsu_wo_Haita_Neko_no_Bouken",
        "type": "TV",
        "eps": "26",
        "members": "617",
        "ystart": "1992",
        "yend": "1992",
        "score": "6.58",
        "popularity_rank": "10973"
    },
    {
        "url": "https://myanimelist.net/anime/16756/Kuiba__Zhi_Shiwanhuoji",
        "type": "Movie",
        "eps": "1",
        "members": "830",
        "ystart": "2011",
        "yend": "2011",
        "score": "6.57",
        "popularity_rank": "10296"
    },
    {
        "url": "https://myanimelist.net/anime/4083/Wonder_Beat_Scramble",
        "type": "TV",
        "eps": "26",
        "members": "766",
        "ystart": "1986",
        "yend": "1986",
        "score": "6.57",
        "popularity_rank": "10475"
    },
    {
        "url": "https://myanimelist.net/anime/34835/Crayon_Shin-chan_Gaiden__Kazokuzure_Ookami",
        "type": "ONA",
        "eps": "13",
        "members": "933",
        "ystart": "2017",
        "yend": "2017",
        "score": "6.56",
        "popularity_rank": "10068"
    },
    {
        "url": "https://myanimelist.net/anime/21333/Kazoku_no_Hanashi",
        "type": "ONA",
        "eps": "1",
        "members": "702",
        "ystart": "2013",
        "yend": "2013",
        "score": "6.56",
        "popularity_rank": "10672"
    },
    {
        "url": "https://myanimelist.net/anime/37969/Youkai_Watch_Movie_5__Forever_Friends",
        "type": "Movie",
        "eps": "1",
        "members": "869",
        "ystart": "2018",
        "yend": "2018",
        "score": "6.55",
        "popularity_rank": "10206"
    },
    {
        "url": "https://myanimelist.net/anime/5235/Live_On_Cardliver_Kakeru",
        "type": "TV",
        "eps": "51",
        "members": "852",
        "ystart": "2008",
        "yend": "2009",
        "score": "6.55",
        "popularity_rank": "10254"
    },
    {
        "url": "https://myanimelist.net/anime/3689/Hatsumei_Boy_Kanipan",
        "type": "TV",
        "eps": "31",
        "members": "659",
        "ystart": "1998",
        "yend": "1999",
        "score": "6.55",
        "popularity_rank": "10818"
    },
    {
        "url": "https://myanimelist.net/anime/2645/Dorami___Doraemons__Space_Lands_Critical_Event",
        "type": "Movie",
        "eps": "1",
        "members": "844",
        "ystart": "2001",
        "yend": "2001",
        "score": "6.54",
        "popularity_rank": "10265"
    },
    {
        "url": "https://myanimelist.net/anime/4554/Dokkiri_Doctor",
        "type": "TV",
        "eps": "26",
        "members": "818",
        "ystart": "1998",
        "yend": "1999",
        "score": "6.54",
        "popularity_rank": "10324"
    },
    {
        "url": "https://myanimelist.net/anime/2831/Ie_Naki_Ko_Movie",
        "type": "Movie",
        "eps": "1",
        "members": "864",
        "ystart": "1980",
        "yend": "1980",
        "score": "6.53",
        "popularity_rank": "10219"
    },
    {
        "url": "https://myanimelist.net/anime/3129/Kaibutsu-kun",
        "type": "TV",
        "eps": "49",
        "members": "844",
        "ystart": "1968",
        "yend": "1969",
        "score": "6.53",
        "popularity_rank": "10264"
    },
    {
        "url": "https://myanimelist.net/anime/8285/Ai_no_Senshi_Rainbowman",
        "type": "TV",
        "eps": "22",
        "members": "830",
        "ystart": "1982",
        "yend": "1983",
        "score": "6.53",
        "popularity_rank": "10294"
    },
    {
        "url": "https://myanimelist.net/anime/8314/Tentai_Senshi_Sunred__Short_Corner",
        "type": "Special",
        "eps": "4",
        "members": "749",
        "ystart": "2009",
        "yend": "2009",
        "score": "6.53",
        "popularity_rank": "10525"
    },
    {
        "url": "https://myanimelist.net/anime/25087/Ie_Naki_Ko_Remy_Specials_2001",
        "type": "Special",
        "eps": "2",
        "members": "685",
        "ystart": "2001",
        "yend": "2001",
        "score": "6.53",
        "popularity_rank": "10738"
    },
    {
        "url": "https://myanimelist.net/anime/3776/Go_Go_Itsutsugo_Land",
        "type": "TV",
        "eps": "50",
        "members": "677",
        "ystart": "2001",
        "yend": "2002",
        "score": "6.53",
        "popularity_rank": "10760"
    },
    {
        "url": "https://myanimelist.net/anime/20999/Mini_Van_Special",
        "type": "Special",
        "eps": "1",
        "members": "674",
        "ystart": "2013",
        "yend": "2013",
        "score": "6.53",
        "popularity_rank": "10773"
    },
    {
        "url": "https://myanimelist.net/anime/12663/Patalliro_Stardust_Keikaku",
        "type": "Movie",
        "eps": "1",
        "members": "928",
        "ystart": "1983",
        "yend": "1983",
        "score": "6.52",
        "popularity_rank": "10084"
    },
    {
        "url": "https://myanimelist.net/anime/6056/Sasuke",
        "type": "TV",
        "eps": "29",
        "members": "872",
        "ystart": "1968",
        "yend": "1969",
        "score": "6.52",
        "popularity_rank": "10200"
    },
    {
        "url": "https://myanimelist.net/anime/22053/Gakkou_no_Kaidan_OVA",
        "type": "OVA",
        "eps": "10",
        "members": "851",
        "ystart": "2005",
        "yend": "2009",
        "score": "6.52",
        "popularity_rank": "10255"
    },
    {
        "url": "https://myanimelist.net/anime/9789/Nezumi_Monogatari__George_to_Gerald_no_Bouken",
        "type": "Movie",
        "eps": "1",
        "members": "753",
        "ystart": "2007",
        "yend": "2007",
        "score": "6.52",
        "popularity_rank": "10510"
    },
    {
        "url": "https://myanimelist.net/anime/2280/Hare_Tokidoki_Buta_TV",
        "type": "TV",
        "eps": "61",
        "members": "912",
        "ystart": "1997",
        "yend": "1998",
        "score": "6.51",
        "popularity_rank": "10113"
    },
    {
        "url": "https://myanimelist.net/anime/7775/Futatsu_no_Kurumi",
        "type": "Special",
        "eps": "1",
        "members": "844",
        "ystart": "2007",
        "yend": "2007",
        "score": "6.51",
        "popularity_rank": "10266"
    },
    {
        "url": "https://myanimelist.net/anime/3130/Kaibutsu-kun_1980",
        "type": "TV",
        "eps": "94",
        "members": "622",
        "ystart": "1980",
        "yend": "1982",
        "score": "6.51",
        "popularity_rank": "10951"
    },
    {
        "url": "https://myanimelist.net/anime/36742/Koisuru_Shirokuma_Tokubetsu-ban",
        "type": "ONA",
        "eps": "3",
        "members": "812",
        "ystart": "2017",
        "yend": "2018",
        "score": "6.50",
        "popularity_rank": "10341"
    },
    {
        "url": "https://myanimelist.net/anime/4013/Paul_no_Miracle_Daisakusen",
        "type": "TV",
        "eps": "50",
        "members": "654",
        "ystart": "1976",
        "yend": "1977",
        "score": "6.50",
        "popularity_rank": "10839"
    },
    {
        "url": "https://myanimelist.net/anime/3735/Ryuuseiki_Gakusaver",
        "type": "OVA",
        "eps": "6",
        "members": "952",
        "ystart": "1993",
        "yend": "1994",
        "score": "6.49",
        "popularity_rank": "10028"
    },
    {
        "url": "https://myanimelist.net/anime/4427/Tatakae_Ramenman",
        "type": "TV",
        "eps": "35",
        "members": "897",
        "ystart": "1988",
        "yend": "1988",
        "score": "6.49",
        "popularity_rank": "10147"
    },
    {
        "url": "https://myanimelist.net/anime/8140/Konchuu_Monogatari_Minashigo_Hutch_1989",
        "type": "TV",
        "eps": "55",
        "members": "853",
        "ystart": "1989",
        "yend": "1990",
        "score": "6.49",
        "popularity_rank": "10252"
    },
    {
        "url": "https://myanimelist.net/anime/34314/Crayon_Shin-chan_Gaiden__Omocha_Wars",
        "type": "ONA",
        "eps": "13",
        "members": "844",
        "ystart": "2016",
        "yend": "2017",
        "score": "6.49",
        "popularity_rank": "10262"
    },
    {
        "url": "https://myanimelist.net/anime/13047/Anime_Koukyoushi__Jungle_Taitei",
        "type": "OVA",
        "eps": "1",
        "members": "784",
        "ystart": "1991",
        "yend": "1991",
        "score": "6.49",
        "popularity_rank": "10420"
    },
    {
        "url": "https://myanimelist.net/anime/7477/Fusha_no_Sha",
        "type": "Movie",
        "eps": "1",
        "members": "765",
        "ystart": "1988",
        "yend": "1988",
        "score": "6.49",
        "popularity_rank": "10476"
    },
    {
        "url": "https://myanimelist.net/anime/9495/Inochi_no_Chikyuu__Dioxin_no_Natsu",
        "type": "Movie",
        "eps": "1",
        "members": "760",
        "ystart": "2001",
        "yend": "2001",
        "score": "6.49",
        "popularity_rank": "10492"
    },
    {
        "url": "https://myanimelist.net/anime/3690/Chou_Hatsumei_Boy_Kanipan",
        "type": "TV",
        "eps": "21",
        "members": "714",
        "ystart": "1999",
        "yend": "1999",
        "score": "6.49",
        "popularity_rank": "10631"
    },
    {
        "url": "https://myanimelist.net/anime/34502/Inazma_Delivery",
        "type": "TV",
        "eps": "10",
        "members": "676",
        "ystart": "2016",
        "yend": "2017",
        "score": "6.49",
        "popularity_rank": "10765"
    },
    {
        "url": "https://myanimelist.net/anime/37955/Mou_Ichido_Luminous",
        "type": "Music",
        "eps": "1",
        "members": "901",
        "ystart": "2018",
        "yend": "2018",
        "score": "6.48",
        "popularity_rank": "10136"
    },
    {
        "url": "https://myanimelist.net/anime/41531/Hataraku_Saibou_Black",
        "type": "ONA",
        "eps": "1",
        "members": "726",
        "ystart": "2020",
        "yend": "2020",
        "score": "6.47",
        "popularity_rank": "10592"
    },
    {
        "url": "https://myanimelist.net/anime/5311/Astroganger",
        "type": "TV",
        "eps": "26",
        "members": "956",
        "ystart": "1972",
        "yend": "1973",
        "score": "6.46",
        "popularity_rank": "10014"
    },
    {
        "url": "https://myanimelist.net/anime/2632/Doraemon__Time_Machine_de_Oshougatsu",
        "type": "Special",
        "eps": "1",
        "members": "942",
        "ystart": "1980",
        "yend": "1980",
        "score": "6.46",
        "popularity_rank": "10048"
    },
    {
        "url": "https://myanimelist.net/anime/6672/Video_Senshi_Lezarion",
        "type": "TV",
        "eps": "45",
        "members": "732",
        "ystart": "1984",
        "yend": "1985",
        "score": "6.46",
        "popularity_rank": "10569"
    },
    {
        "url": "https://myanimelist.net/anime/12163/Ginga_Tetsudou_999__Hoshizora_wa_Time_Machine",
        "type": "Movie",
        "eps": "1",
        "members": "730",
        "ystart": "2007",
        "yend": "2007",
        "score": "6.46",
        "popularity_rank": "10576"
    },
    {
        "url": "https://myanimelist.net/anime/10005/Tetsujin_28-gou__Hakuchuu_no_Zangetsu",
        "type": "Movie",
        "eps": "1",
        "members": "709",
        "ystart": "2007",
        "yend": "2007",
        "score": "6.46",
        "popularity_rank": "10647"
    },
    {
        "url": "https://myanimelist.net/anime/12885/Dynamic_Super_Robots_Soushingekki",
        "type": "Special",
        "eps": "3",
        "members": "930",
        "ystart": "2000",
        "yend": "2001",
        "score": "6.45",
        "popularity_rank": "10078"
    },
    {
        "url": "https://myanimelist.net/anime/2074/Kero_Kero_Chime",
        "type": "TV",
        "eps": "30",
        "members": "929",
        "ystart": "1997",
        "yend": "1997",
        "score": "6.45",
        "popularity_rank": "10080"
    },
    {
        "url": "https://myanimelist.net/anime/32222/Youkai_Watch_Movie_3__Soratobu_Kujira_to_Double_Sekai_no_Daibouken_da_Nyan",
        "type": "Movie",
        "eps": "1",
        "members": "908",
        "ystart": "2016",
        "yend": "2016",
        "score": "6.45",
        "popularity_rank": "10122"
    },
    {
        "url": "https://myanimelist.net/anime/3355/Fortune_Dogs",
        "type": "TV",
        "eps": "39",
        "members": "758",
        "ystart": "2002",
        "yend": "2003",
        "score": "6.45",
        "popularity_rank": "10496"
    },
    {
        "url": "https://myanimelist.net/anime/9858/Bakusou_Kyoudai_Lets___Go_WGP_Bousou_Mini_Yonku_Daitsuiseki",
        "type": "Movie",
        "eps": "1",
        "members": "700",
        "ystart": "1997",
        "yend": "1997",
        "score": "6.45",
        "popularity_rank": "10679"
    },
    {
        "url": "https://myanimelist.net/anime/3812/Yume_no_Hoshi_no_Button_Nose",
        "type": "TV",
        "eps": "26",
        "members": "611",
        "ystart": "1985",
        "yend": "1986",
        "score": "6.45",
        "popularity_rank": "11000"
    },
    {
        "url": "https://myanimelist.net/anime/3435/Joou_Heika_no_Petite_Angie",
        "type": "TV",
        "eps": "26",
        "members": "929",
        "ystart": "1977",
        "yend": "1978",
        "score": "6.44",
        "popularity_rank": "10081"
    },
    {
        "url": "https://myanimelist.net/anime/4132/Wakakusa_no_Yon_Shimai",
        "type": "TV",
        "eps": "26",
        "members": "919",
        "ystart": "1981",
        "yend": "1981",
        "score": "6.43",
        "popularity_rank": "10098"
    },
    {
        "url": "https://myanimelist.net/anime/36136/Crystal_Clear",
        "type": "Music",
        "eps": "1",
        "members": "812",
        "ystart": "2017",
        "yend": "2017",
        "score": "6.43",
        "popularity_rank": "10339"
    },
    {
        "url": "https://myanimelist.net/anime/3022/Haai_Step_Jun",
        "type": "TV",
        "eps": "45",
        "members": "755",
        "ystart": "1985",
        "yend": "1986",
        "score": "6.43",
        "popularity_rank": "10506"
    },
    {
        "url": "https://myanimelist.net/anime/6468/Tensai_Bakabon",
        "type": "TV",
        "eps": "40",
        "members": "742",
        "ystart": "1971",
        "yend": "1972",
        "score": "6.43",
        "popularity_rank": "10542"
    },
    {
        "url": "https://myanimelist.net/anime/17689/Chironup_no_Kitsune",
        "type": "Movie",
        "eps": "1",
        "members": "670",
        "ystart": "1987",
        "yend": "1987",
        "score": "6.43",
        "popularity_rank": "10781"
    },
    {
        "url": "https://myanimelist.net/anime/6674/Reporter_Blues",
        "type": "TV",
        "eps": "52",
        "members": "649",
        "ystart": "1991",
        "yend": "1991",
        "score": "6.43",
        "popularity_rank": "10851"
    },
    {
        "url": "https://myanimelist.net/anime/3823/Little_Lulu_to_Chicchai_Nakama",
        "type": "TV",
        "eps": "26",
        "members": "649",
        "ystart": "1976",
        "yend": "1977",
        "score": "6.43",
        "popularity_rank": "10859"
    },
    {
        "url": "https://myanimelist.net/anime/8145/Gegege_no_Kitarou__Nippon_Bakuretsu",
        "type": "Movie",
        "eps": "1",
        "members": "813",
        "ystart": "2008",
        "yend": "2008",
        "score": "6.42",
        "popularity_rank": "10337"
    },
    {
        "url": "https://myanimelist.net/anime/3866/Kuro_ga_Ita_Natsu",
        "type": "Movie",
        "eps": "1",
        "members": "637",
        "ystart": "1990",
        "yend": "1990",
        "score": "6.42",
        "popularity_rank": "10894"
    },
    {
        "url": "https://myanimelist.net/anime/28915/Hidamari_Sketch_x_\u2606\u2606\u2606_Recap",
        "type": "Special",
        "eps": "1",
        "members": "962",
        "ystart": "2012",
        "yend": "2012",
        "score": "6.41",
        "popularity_rank": "10002"
    },
    {
        "url": "https://myanimelist.net/anime/4371/Uchuu_Senshi_Baldios_Movie",
        "type": "Movie",
        "eps": "1",
        "members": "952",
        "ystart": "1981",
        "yend": "1981",
        "score": "6.41",
        "popularity_rank": "10027"
    },
    {
        "url": "https://myanimelist.net/anime/6310/Kinnikuman_II_Sei__Second_Generations",
        "type": "Movie",
        "eps": "1",
        "members": "855",
        "ystart": "2001",
        "yend": "2001",
        "score": "6.41",
        "popularity_rank": "10245"
    },
    {
        "url": "https://myanimelist.net/anime/20469/Himeyuri",
        "type": "Movie",
        "eps": "1",
        "members": "748",
        "ystart": "2012",
        "yend": "2012",
        "score": "6.41",
        "popularity_rank": "10530"
    },
    {
        "url": "https://myanimelist.net/anime/9857/Bakusou_Kyoudai_Lets___Go_Special",
        "type": "Special",
        "eps": "1",
        "members": "742",
        "ystart": "1996",
        "yend": "1996",
        "score": "6.41",
        "popularity_rank": "10543"
    },
    {
        "url": "https://myanimelist.net/anime/12351/eX-Driver_the_Movie_Specials",
        "type": "Special",
        "eps": "3",
        "members": "836",
        "ystart": "2002",
        "yend": "2002",
        "score": "6.40",
        "popularity_rank": "10284"
    },
    {
        "url": "https://myanimelist.net/anime/38837/Puso_Ni_Comi",
        "type": "ONA",
        "eps": "20",
        "members": "800",
        "ystart": "2019",
        "yend": "2019",
        "score": "6.40",
        "popularity_rank": "10374"
    },
    {
        "url": "https://myanimelist.net/anime/5002/Bari_Bari_Densetsu",
        "type": "OVA",
        "eps": "2",
        "members": "820",
        "ystart": "1986",
        "yend": "1986",
        "score": "6.39",
        "popularity_rank": "10318"
    },
    {
        "url": "https://myanimelist.net/anime/4536/Muteki_Robo_Trider_G7",
        "type": "TV",
        "eps": "50",
        "members": "800",
        "ystart": "1980",
        "yend": "1981",
        "score": "6.39",
        "popularity_rank": "10375"
    },
    {
        "url": "https://myanimelist.net/anime/12905/Tsuki_ga_Noboru_made_ni",
        "type": "OVA",
        "eps": "1",
        "members": "751",
        "ystart": "1991",
        "yend": "1991",
        "score": "6.39",
        "popularity_rank": "10519"
    },
    {
        "url": "https://myanimelist.net/anime/3280/Kinnikuman__Kessen_Shichinin_no_Seigi_Choujin_vs_Uchuu_Nobushi",
        "type": "Special",
        "eps": "1",
        "members": "711",
        "ystart": "1984",
        "yend": "1984",
        "score": "6.39",
        "popularity_rank": "10642"
    },
    {
        "url": "https://myanimelist.net/anime/2633/The\u2606Doraemons__Dokidoki_Kikansha_Daibakusou",
        "type": "Movie",
        "eps": "1",
        "members": "910",
        "ystart": "2000",
        "yend": "2000",
        "score": "6.38",
        "popularity_rank": "10116"
    },
    {
        "url": "https://myanimelist.net/anime/3273/Kinnikuman_Movie",
        "type": "Movie",
        "eps": "1",
        "members": "903",
        "ystart": "1984",
        "yend": "1984",
        "score": "6.38",
        "popularity_rank": "10133"
    },
    {
        "url": "https://myanimelist.net/anime/2086/NG_Knight_Ramune___40_DX__Wakuwaku_Jikuu_-_Honoo_no_Daisousasen",
        "type": "OVA",
        "eps": "3",
        "members": "761",
        "ystart": "1993",
        "yend": "1993",
        "score": "6.38",
        "popularity_rank": "10490"
    },
    {
        "url": "https://myanimelist.net/anime/4183/Uchuu_Taitei_God_Sigma",
        "type": "TV",
        "eps": "50",
        "members": "747",
        "ystart": "1980",
        "yend": "1981",
        "score": "6.38",
        "popularity_rank": "10531"
    },
    {
        "url": "https://myanimelist.net/anime/2075/Kiko-chan_Smile",
        "type": "TV",
        "eps": "51",
        "members": "721",
        "ystart": "1996",
        "yend": "1997",
        "score": "6.38",
        "popularity_rank": "10610"
    },
    {
        "url": "https://myanimelist.net/anime/7117/Pika_Don",
        "type": "Movie",
        "eps": "1",
        "members": "703",
        "ystart": "1978",
        "yend": "1978",
        "score": "6.38",
        "popularity_rank": "10668"
    },
    {
        "url": "https://myanimelist.net/anime/11268/Ganso_Tensai_Bakabon",
        "type": "TV",
        "eps": "103",
        "members": "697",
        "ystart": "1975",
        "yend": "1977",
        "score": "6.38",
        "popularity_rank": "10690"
    },
    {
        "url": "https://myanimelist.net/anime/3839/Himitsu_no_Akko-chan_3",
        "type": "TV",
        "eps": "44",
        "members": "684",
        "ystart": "1998",
        "yend": "1999",
        "score": "6.38",
        "popularity_rank": "10742"
    },
    {
        "url": "https://myanimelist.net/anime/5933/Shiroi_Kiba_White_Fang_Monogatari",
        "type": "Special",
        "eps": "1",
        "members": "655",
        "ystart": "1982",
        "yend": "1982",
        "score": "6.38",
        "popularity_rank": "10830"
    },
    {
        "url": "https://myanimelist.net/anime/36630/Kimagure_Mercy",
        "type": "Music",
        "eps": "1",
        "members": "649",
        "ystart": "2016",
        "yend": "2016",
        "score": "6.38",
        "popularity_rank": "10852"
    },
    {
        "url": "https://myanimelist.net/anime/2233/Ocha-ken__Chokotto_Monogatari",
        "type": "TV",
        "eps": "26",
        "members": "926",
        "ystart": "2003",
        "yend": "2004",
        "score": "6.37",
        "popularity_rank": "10087"
    },
    {
        "url": "https://myanimelist.net/anime/35624/Neko_ga_Kureta_Marui_Shiawase",
        "type": "ONA",
        "eps": "5",
        "members": "820",
        "ystart": "2017",
        "yend": "2018",
        "score": "6.37",
        "popularity_rank": "10315"
    },
    {
        "url": "https://myanimelist.net/anime/29910/Qin_Shi_Ming_Yue_3D__Dianying_Longteng_Wanli",
        "type": "Movie",
        "eps": "1",
        "members": "820",
        "ystart": "2014",
        "yend": "2014",
        "score": "6.37",
        "popularity_rank": "10319"
    },
    {
        "url": "https://myanimelist.net/anime/39738/Mushishi_Recap",
        "type": "Special",
        "eps": "1",
        "members": "789",
        "ystart": "2006",
        "yend": "2006",
        "score": "6.37",
        "popularity_rank": "10406"
    },
    {
        "url": "https://myanimelist.net/anime/2628/The\u2606Doraemons__Strange_Sweets_Strange",
        "type": "Movie",
        "eps": "1",
        "members": "778",
        "ystart": "1999",
        "yend": "1999",
        "score": "6.37",
        "popularity_rank": "10435"
    },
    {
        "url": "https://myanimelist.net/anime/7664/Nils_no_Fushigi_na_Tabi_Movie",
        "type": "Movie",
        "eps": "1",
        "members": "741",
        "ystart": "1981",
        "yend": "1981",
        "score": "6.37",
        "popularity_rank": "10547"
    },
    {
        "url": "https://myanimelist.net/anime/5129/Jikuu_Boukenki_Zentrix",
        "type": "TV",
        "eps": "26",
        "members": "723",
        "ystart": "2003",
        "yend": "2003",
        "score": "6.37",
        "popularity_rank": "10604"
    },
    {
        "url": "https://myanimelist.net/anime/5476/Fushigi_na_Melmo",
        "type": "TV",
        "eps": "26",
        "members": "961",
        "ystart": "1971",
        "yend": "1972",
        "score": "6.36",
        "popularity_rank": "10004"
    },
    {
        "url": "https://myanimelist.net/anime/41439/Beyblade_Burst_Super_King",
        "type": "ONA",
        "eps": "?",
        "members": "901",
        "ystart": "Apr",
        "yend": "2020",
        "score": "6.36",
        "popularity_rank": "10139"
    },
    {
        "url": "https://myanimelist.net/anime/38549/TV_Yarou_Nanaana",
        "type": "TV",
        "eps": "24",
        "members": "808",
        "ystart": "2018",
        "yend": "2018",
        "score": "6.36",
        "popularity_rank": "10355"
    },
    {
        "url": "https://myanimelist.net/anime/4941/Tezuka_Osamu_ga_Kieta_20_Seiki_Saigo_no_Kaijiken",
        "type": "Special",
        "eps": "1",
        "members": "669",
        "ystart": "2000",
        "yend": "2000",
        "score": "6.36",
        "popularity_rank": "10786"
    },
    {
        "url": "https://myanimelist.net/anime/23581/Romeo_no_Aoi_Sora_Specials",
        "type": "Special",
        "eps": "2",
        "members": "657",
        "ystart": "2001",
        "yend": "2001",
        "score": "6.36",
        "popularity_rank": "10824"
    },
    {
        "url": "https://myanimelist.net/anime/24071/gdgd_Fairies_Movie__tte_Iu_Eiga_wa_Dou_kana",
        "type": "Movie",
        "eps": "1",
        "members": "645",
        "ystart": "2014",
        "yend": "2014",
        "score": "6.36",
        "popularity_rank": "10871"
    },
    {
        "url": "https://myanimelist.net/anime/8215/Genji_Tsuushin_Agedama",
        "type": "TV",
        "eps": "51",
        "members": "900",
        "ystart": "1991",
        "yend": "1992",
        "score": "6.35",
        "popularity_rank": "10140"
    },
    {
        "url": "https://myanimelist.net/anime/2046/Mahou_no_Tenshi_Creamy_Mami__Long_Goodbye",
        "type": "OVA",
        "eps": "1",
        "members": "869",
        "ystart": "1985",
        "yend": "1985",
        "score": "6.35",
        "popularity_rank": "10210"
    },
    {
        "url": "https://myanimelist.net/anime/2601/Juusenki_L-Gaim_III__Full_Metal_Soldier",
        "type": "OVA",
        "eps": "1",
        "members": "844",
        "ystart": "1987",
        "yend": "1987",
        "score": "6.35",
        "popularity_rank": "10263"
    },
    {
        "url": "https://myanimelist.net/anime/9535/Gongitsune",
        "type": "Movie",
        "eps": "1",
        "members": "693",
        "ystart": "1985",
        "yend": "1985",
        "score": "6.35",
        "popularity_rank": "10706"
    },
    {
        "url": "https://myanimelist.net/anime/6900/Tamagotchi",
        "type": "TV",
        "eps": "143",
        "members": "938",
        "ystart": "2009",
        "yend": "2012",
        "score": "6.34",
        "popularity_rank": "10057"
    },
    {
        "url": "https://myanimelist.net/anime/8603/Tegami__Haikei_Juugo_no_Kimi_e",
        "type": "Music",
        "eps": "1",
        "members": "844",
        "ystart": "2008",
        "yend": "2008",
        "score": "6.34",
        "popularity_rank": "10267"
    },
    {
        "url": "https://myanimelist.net/anime/8304/Koutetsu_Sangokushi_Special",
        "type": "Special",
        "eps": "1",
        "members": "816",
        "ystart": "2008",
        "yend": "2008",
        "score": "6.34",
        "popularity_rank": "10330"
    },
    {
        "url": "https://myanimelist.net/anime/4933/Muu_no_Hakugei",
        "type": "TV",
        "eps": "26",
        "members": "811",
        "ystart": "1980",
        "yend": "1980",
        "score": "6.34",
        "popularity_rank": "10347"
    },
    {
        "url": "https://myanimelist.net/anime/6970/Choujin_Sentai_Baratack",
        "type": "TV",
        "eps": "31",
        "members": "631",
        "ystart": "1977",
        "yend": "1978",
        "score": "6.34",
        "popularity_rank": "10919"
    },
    {
        "url": "https://myanimelist.net/anime/4099/Appaga_Piryohae",
        "type": "Movie",
        "eps": "1",
        "members": "932",
        "ystart": "2005",
        "yend": "2005",
        "score": "6.33",
        "popularity_rank": "10071"
    },
    {
        "url": "https://myanimelist.net/anime/6093/Anmitsu_Hime",
        "type": "TV",
        "eps": "51",
        "members": "795",
        "ystart": "1986",
        "yend": "1987",
        "score": "6.33",
        "popularity_rank": "10386"
    },
    {
        "url": "https://myanimelist.net/anime/34943/T7S_Longing_for_Summer_Again_and_Again__Harukaze",
        "type": "Music",
        "eps": "1",
        "members": "729",
        "ystart": "2017",
        "yend": "2017",
        "score": "6.33",
        "popularity_rank": "10582"
    },
    {
        "url": "https://myanimelist.net/anime/13967/Thermae_Romae_x_Asahi_Shimbun_Digital_Collaboration",
        "type": "Special",
        "eps": "1",
        "members": "649",
        "ystart": "2012",
        "yend": "2012",
        "score": "6.33",
        "popularity_rank": "10855"
    },
    {
        "url": "https://myanimelist.net/anime/37789/Tenchi_Muyou_Ryououki_3rd_Season_Picture_Drama",
        "type": "Special",
        "eps": "5",
        "members": "649",
        "ystart": "2003",
        "yend": "2005",
        "score": "6.33",
        "popularity_rank": "10856"
    },
    {
        "url": "https://myanimelist.net/anime/3876/Maeterlinck_no_Aoi_Tori__Tyltyl_Mytyl_no_Bouken_Ryokou",
        "type": "TV",
        "eps": "26",
        "members": "633",
        "ystart": "1980",
        "yend": "1980",
        "score": "6.33",
        "popularity_rank": "10909"
    },
    {
        "url": "https://myanimelist.net/anime/4640/Maroko",
        "type": "Movie",
        "eps": "1",
        "members": "882",
        "ystart": "1990",
        "yend": "1990",
        "score": "6.32",
        "popularity_rank": "10181"
    },
    {
        "url": "https://myanimelist.net/anime/3704/Zenryoku_Usagi",
        "type": "TV",
        "eps": "52",
        "members": "803",
        "ystart": "2008",
        "yend": "2008",
        "score": "6.32",
        "popularity_rank": "10368"
    },
    {
        "url": "https://myanimelist.net/anime/2085/NG_Knight_Ramune___40_EX__Biku_Biku_Triangle_Ai_no_Arashi_Daisakusen",
        "type": "OVA",
        "eps": "3",
        "members": "771",
        "ystart": "1991",
        "yend": "1991",
        "score": "6.32",
        "popularity_rank": "10459"
    },
    {
        "url": "https://myanimelist.net/anime/20539/Nameko-ke_no_Ichizoku",
        "type": "OVA",
        "eps": "13",
        "members": "733",
        "ystart": "2013",
        "yend": "2014",
        "score": "6.32",
        "popularity_rank": "10566"
    },
    {
        "url": "https://myanimelist.net/anime/41286/Da_Wang_Bu_Gaoxing",
        "type": "ONA",
        "eps": "12",
        "members": "733",
        "ystart": "2020",
        "yend": "2020",
        "score": "6.32",
        "popularity_rank": "10567"
    },
    {
        "url": "https://myanimelist.net/anime/1333/Fushigi_na_Koala_Blinky",
        "type": "TV",
        "eps": "26",
        "members": "711",
        "ystart": "1984",
        "yend": "1984",
        "score": "6.32",
        "popularity_rank": "10638"
    },
    {
        "url": "https://myanimelist.net/anime/8158/Gegege_no_Kitarou__Jigoku-hen",
        "type": "TV",
        "eps": "7",
        "members": "618",
        "ystart": "1988",
        "yend": "1988",
        "score": "6.32",
        "popularity_rank": "10970"
    },
    {
        "url": "https://myanimelist.net/anime/3147/Me_gumi_no_Daigo__Kajiba_no_Baka_Yarou",
        "type": "Movie",
        "eps": "1",
        "members": "878",
        "ystart": "1999",
        "yend": "1999",
        "score": "6.31",
        "popularity_rank": "10185"
    },
    {
        "url": "https://myanimelist.net/anime/37398/PriPara___Kiratto_Pri\u2606chan_Movie__Kirakira_Memorial_Live",
        "type": "Movie",
        "eps": "1",
        "members": "811",
        "ystart": "2018",
        "yend": "2018",
        "score": "6.31",
        "popularity_rank": "10345"
    },
    {
        "url": "https://myanimelist.net/anime/8194/Akuma-kun",
        "type": "TV",
        "eps": "42",
        "members": "727",
        "ystart": "1989",
        "yend": "1990",
        "score": "6.31",
        "popularity_rank": "10589"
    },
    {
        "url": "https://myanimelist.net/anime/10262/Gag_Manga_Biyori__Jump_Festa_2002_Special",
        "type": "Special",
        "eps": "1",
        "members": "798",
        "ystart": "2002",
        "yend": "2002",
        "score": "6.30",
        "popularity_rank": "10378"
    },
    {
        "url": "https://myanimelist.net/anime/3114/Chiisana_Kyojin_Microman",
        "type": "TV",
        "eps": "52",
        "members": "783",
        "ystart": "1999",
        "yend": "1999",
        "score": "6.30",
        "popularity_rank": "10422"
    },
    {
        "url": "https://myanimelist.net/anime/17785/Jungle_wa_Itsumo_Hare_nochi_Guu__Eizou_Tokuten_-_Maboroshi_no_Pilot_Film",
        "type": "Special",
        "eps": "1",
        "members": "724",
        "ystart": "2002",
        "yend": "2002",
        "score": "6.30",
        "popularity_rank": "10602"
    },
    {
        "url": "https://myanimelist.net/anime/4737/Himitsukessha_Taka_no_Tsume",
        "type": "TV",
        "eps": "11",
        "members": "654",
        "ystart": "2006",
        "yend": "2006",
        "score": "6.30",
        "popularity_rank": "10838"
    },
    {
        "url": "https://myanimelist.net/anime/5022/Toushi_Gordian",
        "type": "TV",
        "eps": "73",
        "members": "626",
        "ystart": "1979",
        "yend": "1981",
        "score": "6.30",
        "popularity_rank": "10939"
    },
    {
        "url": "https://myanimelist.net/anime/3873/Honey_Honey_no_Suteki_na_Bouken",
        "type": "TV",
        "eps": "29",
        "members": "751",
        "ystart": "1981",
        "yend": "1982",
        "score": "6.29",
        "popularity_rank": "10517"
    },
    {
        "url": "https://myanimelist.net/anime/18637/Tetsuwan_Atom__Ivan_no_Wakusei_-_Robot_to_Ningen_no_Yuujou",
        "type": "Movie",
        "eps": "1",
        "members": "746",
        "ystart": "2003",
        "yend": "2003",
        "score": "6.29",
        "popularity_rank": "10535"
    },
    {
        "url": "https://myanimelist.net/anime/5900/Jean_Valjean_Monogatari",
        "type": "Special",
        "eps": "1",
        "members": "706",
        "ystart": "1979",
        "yend": "1979",
        "score": "6.29",
        "popularity_rank": "10652"
    },
    {
        "url": "https://myanimelist.net/anime/34655/I_Was_King",
        "type": "Music",
        "eps": "1",
        "members": "687",
        "ystart": "2016",
        "yend": "2016",
        "score": "6.29",
        "popularity_rank": "10725"
    },
    {
        "url": "https://myanimelist.net/anime/4597/Kouya_no_Shounen_Isamu",
        "type": "TV",
        "eps": "52",
        "members": "687",
        "ystart": "1973",
        "yend": "1974",
        "score": "6.29",
        "popularity_rank": "10727"
    },
    {
        "url": "https://myanimelist.net/anime/35652/Crayon_Shin-chan_Gaiden__O-o-o_no_Shinnosuke",
        "type": "ONA",
        "eps": "13",
        "members": "611",
        "ystart": "2017",
        "yend": "2017",
        "score": "6.29",
        "popularity_rank": "10998"
    },
    {
        "url": "https://myanimelist.net/anime/2702/Bakukyuu_Renpatsu_Super_B-Daman",
        "type": "TV",
        "eps": "18",
        "members": "934",
        "ystart": "1999",
        "yend": "1999",
        "score": "6.28",
        "popularity_rank": "10067"
    },
    {
        "url": "https://myanimelist.net/anime/2626/The\u2606Doraemons__Mushimushi_Pyonpyon_Daisakusen",
        "type": "Movie",
        "eps": "1",
        "members": "853",
        "ystart": "1998",
        "yend": "1998",
        "score": "6.28",
        "popularity_rank": "10248"
    },
    {
        "url": "https://myanimelist.net/anime/3932/Magnerobo_Ga-Keen",
        "type": "TV",
        "eps": "39",
        "members": "808",
        "ystart": "1976",
        "yend": "1977",
        "score": "6.28",
        "popularity_rank": "10353"
    },
    {
        "url": "https://myanimelist.net/anime/3315/Kikou_Keisatsu_Metal_Jack",
        "type": "TV",
        "eps": "37",
        "members": "797",
        "ystart": "1991",
        "yend": "1991",
        "score": "6.28",
        "popularity_rank": "10379"
    },
    {
        "url": "https://myanimelist.net/anime/39734/Line_Novel",
        "type": "ONA",
        "eps": "2",
        "members": "619",
        "ystart": "2019",
        "yend": "2019",
        "score": "6.28",
        "popularity_rank": "10964"
    },
    {
        "url": "https://myanimelist.net/anime/2638/Doraemon__Its_Spring",
        "type": "Special",
        "eps": "1",
        "members": "956",
        "ystart": "1983",
        "yend": "1983",
        "score": "6.27",
        "popularity_rank": "10013"
    },
    {
        "url": "https://myanimelist.net/anime/2045/Mahou_no_Tenshi_Creamy_Mami__Eien_no_Once_More",
        "type": "OVA",
        "eps": "1",
        "members": "927",
        "ystart": "1984",
        "yend": "1984",
        "score": "6.27",
        "popularity_rank": "10086"
    },
    {
        "url": "https://myanimelist.net/anime/38211/Cinderella_Girls_Gekijou_3rd_Season_Specials",
        "type": "Special",
        "eps": "3",
        "members": "870",
        "ystart": "2018",
        "yend": "2018",
        "score": "6.27",
        "popularity_rank": "10204"
    },
    {
        "url": "https://myanimelist.net/anime/5143/Tokusou_Kihei_Dorvack",
        "type": "TV",
        "eps": "36",
        "members": "859",
        "ystart": "1983",
        "yend": "1984",
        "score": "6.27",
        "popularity_rank": "10232"
    },
    {
        "url": "https://myanimelist.net/anime/9078/Rokudenashi_Blues_1993",
        "type": "Movie",
        "eps": "1",
        "members": "712",
        "ystart": "1993",
        "yend": "1993",
        "score": "6.27",
        "popularity_rank": "10636"
    },
    {
        "url": "https://myanimelist.net/anime/7158/Dr_Slump_Movie_09__Arale-chan_N-cha_Wakuwaku_Hot_no_Natsuyasumi",
        "type": "Movie",
        "eps": "1",
        "members": "932",
        "ystart": "1994",
        "yend": "1994",
        "score": "6.26",
        "popularity_rank": "10075"
    },
    {
        "url": "https://myanimelist.net/anime/39339/Osomatsu-san_Movie__Gekijou_Koukai_Kinen_-_Original_Tanpen_Gekijou",
        "type": "ONA",
        "eps": "7",
        "members": "843",
        "ystart": "2019",
        "yend": "2019",
        "score": "6.26",
        "popularity_rank": "10271"
    },
    {
        "url": "https://myanimelist.net/anime/12361/Track_City",
        "type": "TV",
        "eps": "26",
        "members": "838",
        "ystart": "2000",
        "yend": "2002",
        "score": "6.26",
        "popularity_rank": "10280"
    },
    {
        "url": "https://myanimelist.net/anime/3884/Maze\u2606Bakunetsu_Jikuu__Hot_Springs",
        "type": "Special",
        "eps": "1",
        "members": "935",
        "ystart": "2004",
        "yend": "2004",
        "score": "6.25",
        "popularity_rank": "10063"
    },
    {
        "url": "https://myanimelist.net/anime/15961/Shakotan\u2605Boogie",
        "type": "OVA",
        "eps": "4",
        "members": "893",
        "ystart": "1991",
        "yend": "1992",
        "score": "6.25",
        "popularity_rank": "10153"
    },
    {
        "url": "https://myanimelist.net/anime/39329/Tenkuu_no_Escaflowne_Recaps",
        "type": "Special",
        "eps": "4",
        "members": "892",
        "ystart": "2012",
        "yend": "2012",
        "score": "6.25",
        "popularity_rank": "10157"
    },
    {
        "url": "https://myanimelist.net/anime/5936/Hashire_Shiroi_Ookami",
        "type": "Movie",
        "eps": "1",
        "members": "831",
        "ystart": "1990",
        "yend": "1990",
        "score": "6.25",
        "popularity_rank": "10292"
    },
    {
        "url": "https://myanimelist.net/anime/5375/Gakkyuu_Ou_Yamazaki",
        "type": "TV",
        "eps": "53",
        "members": "818",
        "ystart": "1997",
        "yend": "1998",
        "score": "6.25",
        "popularity_rank": "10325"
    },
    {
        "url": "https://myanimelist.net/anime/8146/Gegege_no_Kitarou__Daikaijuu",
        "type": "Movie",
        "eps": "1",
        "members": "775",
        "ystart": "1996",
        "yend": "1996",
        "score": "6.25",
        "popularity_rank": "10449"
    },
    {
        "url": "https://myanimelist.net/anime/4242/Ginga_Reppuu_Baxingar",
        "type": "TV",
        "eps": "39",
        "members": "774",
        "ystart": "1982",
        "yend": "1983",
        "score": "6.25",
        "popularity_rank": "10454"
    },
    {
        "url": "https://myanimelist.net/anime/4991/Wakakusa_Monogatari",
        "type": "Special",
        "eps": "1",
        "members": "757",
        "ystart": "1980",
        "yend": "1980",
        "score": "6.25",
        "popularity_rank": "10500"
    },
    {
        "url": "https://myanimelist.net/anime/5908/Chinpui",
        "type": "TV",
        "eps": "56",
        "members": "654",
        "ystart": "1989",
        "yend": "1991",
        "score": "6.25",
        "popularity_rank": "10836"
    },
    {
        "url": "https://myanimelist.net/anime/7169/Ibarahime_Mata_wa_Nemurihime",
        "type": "Movie",
        "eps": "1",
        "members": "899",
        "ystart": "1990",
        "yend": "1990",
        "score": "6.24",
        "popularity_rank": "10142"
    },
    {
        "url": "https://myanimelist.net/anime/3877/Sasurai_no_Shoujo_Nell",
        "type": "TV",
        "eps": "26",
        "members": "897",
        "ystart": "1979",
        "yend": "1980",
        "score": "6.24",
        "popularity_rank": "10145"
    },
    {
        "url": "https://myanimelist.net/anime/2644/Doraemon__Treasure_of_the_Shinugumi_Mountain",
        "type": "Special",
        "eps": "1",
        "members": "790",
        "ystart": "1988",
        "yend": "1988",
        "score": "6.24",
        "popularity_rank": "10401"
    },
    {
        "url": "https://myanimelist.net/anime/40179/Mini_Toji__Yume",
        "type": "Special",
        "eps": "1",
        "members": "764",
        "ystart": "2019",
        "yend": "2019",
        "score": "6.24",
        "popularity_rank": "10482"
    },
    {
        "url": "https://myanimelist.net/anime/20381/Jungle_Taitei_Movie",
        "type": "Movie",
        "eps": "1",
        "members": "746",
        "ystart": "1966",
        "yend": "1966",
        "score": "6.24",
        "popularity_rank": "10533"
    },
    {
        "url": "https://myanimelist.net/anime/3274/Kinnikuman__Ooabare_Seigi_Choujin",
        "type": "Movie",
        "eps": "1",
        "members": "668",
        "ystart": "1984",
        "yend": "1984",
        "score": "6.24",
        "popularity_rank": "10791"
    },
    {
        "url": "https://myanimelist.net/anime/6087/Jetter_Mars",
        "type": "TV",
        "eps": "27",
        "members": "818",
        "ystart": "1977",
        "yend": "1977",
        "score": "6.23",
        "popularity_rank": "10323"
    },
    {
        "url": "https://myanimelist.net/anime/37896/Ling_Yu_6th_Season",
        "type": "ONA",
        "eps": "12",
        "members": "785",
        "ystart": "2018",
        "yend": "2018",
        "score": "6.23",
        "popularity_rank": "10412"
    },
    {
        "url": "https://myanimelist.net/anime/9792/Licca-chan_Fushigi_na_Fushigi_na_Yunia_Monogatari",
        "type": "OVA",
        "eps": "2",
        "members": "721",
        "ystart": "1990",
        "yend": "1990",
        "score": "6.23",
        "popularity_rank": "10612"
    },
    {
        "url": "https://myanimelist.net/anime/24417/Maido_Urayasu_Tekkin_Kazoku",
        "type": "TV",
        "eps": "25",
        "members": "705",
        "ystart": "2014",
        "yend": "2014",
        "score": "6.23",
        "popularity_rank": "10655"
    },
    {
        "url": "https://myanimelist.net/anime/3838/Himitsu_no_Akko-chan_2",
        "type": "TV",
        "eps": "61",
        "members": "686",
        "ystart": "1988",
        "yend": "1989",
        "score": "6.23",
        "popularity_rank": "10734"
    },
    {
        "url": "https://myanimelist.net/anime/33192/Robot_Town_Sagami_2028",
        "type": "ONA",
        "eps": "1",
        "members": "655",
        "ystart": "2016",
        "yend": "2016",
        "score": "6.23",
        "popularity_rank": "10832"
    },
    {
        "url": "https://myanimelist.net/anime/10132/Jin_Sheng_Yuan",
        "type": "Music",
        "eps": "1",
        "members": "615",
        "ystart": "2008",
        "yend": "2008",
        "score": "6.23",
        "popularity_rank": "10983"
    },
    {
        "url": "https://myanimelist.net/anime/7816/Dr_Slump_Movie_06__Arale-chan_N-cha_Penguin_Mura_wa_Hare_Nochi_Hare",
        "type": "Movie",
        "eps": "1",
        "members": "954",
        "ystart": "1993",
        "yend": "1993",
        "score": "6.22",
        "popularity_rank": "10019"
    },
    {
        "url": "https://myanimelist.net/anime/6557/Fortune_Quest__Yo_ni_mo_Shiawase_na_Boukensha-tachi",
        "type": "OVA",
        "eps": "4",
        "members": "853",
        "ystart": "1993",
        "yend": "1994",
        "score": "6.22",
        "popularity_rank": "10249"
    },
    {
        "url": "https://myanimelist.net/anime/3132/Boukensha__The_Man_Was_from_Spain",
        "type": "TV",
        "eps": "26",
        "members": "847",
        "ystart": "1992",
        "yend": "1993",
        "score": "6.22",
        "popularity_rank": "10260"
    },
    {
        "url": "https://myanimelist.net/anime/9163/Attack_No1_1970",
        "type": "Movie",
        "eps": "1",
        "members": "752",
        "ystart": "1970",
        "yend": "1970",
        "score": "6.22",
        "popularity_rank": "10516"
    },
    {
        "url": "https://myanimelist.net/anime/1552/Hiatari_Ryoukou_Yume_no_Naka_ni_Kimi_ga_Ita",
        "type": "Movie",
        "eps": "1",
        "members": "742",
        "ystart": "1988",
        "yend": "1988",
        "score": "6.22",
        "popularity_rank": "10540"
    },
    {
        "url": "https://myanimelist.net/anime/24527/Yomigaeru_Sora_Pilot",
        "type": "Special",
        "eps": "1",
        "members": "725",
        "ystart": "2006",
        "yend": "2006",
        "score": "6.22",
        "popularity_rank": "10598"
    },
    {
        "url": "https://myanimelist.net/anime/8553/Time_Bokan_Series__Time_Patroltai_Otasukeman",
        "type": "TV",
        "eps": "53",
        "members": "714",
        "ystart": "1980",
        "yend": "1981",
        "score": "6.22",
        "popularity_rank": "10630"
    },
    {
        "url": "https://myanimelist.net/anime/6693/Yatterman_the_Movie__Shin_Yattermecha_Osu_Gou_Omocha_no_Kuni_de_Dai_Ketsudan_da_Koron",
        "type": "Movie",
        "eps": "1",
        "members": "698",
        "ystart": "2009",
        "yend": "2009",
        "score": "6.22",
        "popularity_rank": "10686"
    },
    {
        "url": "https://myanimelist.net/anime/7779/Andersen_Monogatari_TV",
        "type": "TV",
        "eps": "52",
        "members": "698",
        "ystart": "1971",
        "yend": "1971",
        "score": "6.22",
        "popularity_rank": "10688"
    },
    {
        "url": "https://myanimelist.net/anime/28921/Disney_Tsum_Tsum",
        "type": "TV",
        "eps": "36",
        "members": "755",
        "ystart": "2015",
        "yend": "2017",
        "score": "6.21",
        "popularity_rank": "10507"
    },
    {
        "url": "https://myanimelist.net/anime/35706/Akichi_Asobi__Playground",
        "type": "ONA",
        "eps": "1",
        "members": "751",
        "ystart": "2013",
        "yend": "2013",
        "score": "6.21",
        "popularity_rank": "10520"
    },
    {
        "url": "https://myanimelist.net/anime/9291/Hello_Kitty_no_Cinderella",
        "type": "Movie",
        "eps": "1",
        "members": "731",
        "ystart": "1989",
        "yend": "1989",
        "score": "6.21",
        "popularity_rank": "10573"
    },
    {
        "url": "https://myanimelist.net/anime/3768/Play_Ball",
        "type": "TV",
        "eps": "13",
        "members": "711",
        "ystart": "2005",
        "yend": "2005",
        "score": "6.21",
        "popularity_rank": "10641"
    },
    {
        "url": "https://myanimelist.net/anime/6625/Nono-chan",
        "type": "TV",
        "eps": "61",
        "members": "667",
        "ystart": "2001",
        "yend": "2002",
        "score": "6.21",
        "popularity_rank": "10796"
    },
    {
        "url": "https://myanimelist.net/anime/16702/Doraemon__Nobita_to_Mirai_Note",
        "type": "OVA",
        "eps": "1",
        "members": "625",
        "ystart": "1994",
        "yend": "1994",
        "score": "6.21",
        "popularity_rank": "10942"
    },
    {
        "url": "https://myanimelist.net/anime/2631/The\u2606Doraemons__Goal_Goal_Goal",
        "type": "Movie",
        "eps": "1",
        "members": "892",
        "ystart": "2002",
        "yend": "2002",
        "score": "6.20",
        "popularity_rank": "10154"
    },
    {
        "url": "https://myanimelist.net/anime/2806/Yadamon",
        "type": "TV",
        "eps": "170",
        "members": "849",
        "ystart": "1992",
        "yend": "1993",
        "score": "6.20",
        "popularity_rank": "10256"
    },
    {
        "url": "https://myanimelist.net/anime/12027/Anne_no_Nikki__Anne_Frank_Monogatari",
        "type": "Special",
        "eps": "1",
        "members": "702",
        "ystart": "1979",
        "yend": "1979",
        "score": "6.20",
        "popularity_rank": "10674"
    },
    {
        "url": "https://myanimelist.net/anime/28913/Hidamari_Sketch_x_365_Recap",
        "type": "Special",
        "eps": "1",
        "members": "943",
        "ystart": "2009",
        "yend": "2009",
        "score": "6.19",
        "popularity_rank": "10047"
    },
    {
        "url": "https://myanimelist.net/anime/5006/Nagagutsu_Sanjuushi",
        "type": "Movie",
        "eps": "1",
        "members": "908",
        "ystart": "1972",
        "yend": "1972",
        "score": "6.19",
        "popularity_rank": "10119"
    },
    {
        "url": "https://myanimelist.net/anime/17959/Tetsuwan_Atom__Atom_Tanjou_no_Himitsu",
        "type": "Movie",
        "eps": "1",
        "members": "779",
        "ystart": "2003",
        "yend": "2003",
        "score": "6.19",
        "popularity_rank": "10433"
    },
    {
        "url": "https://myanimelist.net/anime/9824/Jigokudou_Reikai_Tsuushin",
        "type": "OVA",
        "eps": "1",
        "members": "758",
        "ystart": "1996",
        "yend": "1996",
        "score": "6.19",
        "popularity_rank": "10497"
    },
    {
        "url": "https://myanimelist.net/anime/33266/Nanocore",
        "type": "ONA",
        "eps": "10",
        "members": "691",
        "ystart": "2014",
        "yend": "2015",
        "score": "6.19",
        "popularity_rank": "10715"
    },
    {
        "url": "https://myanimelist.net/anime/4049/Mafukiden__Pandarian",
        "type": "TV",
        "eps": "26",
        "members": "658",
        "ystart": "2005",
        "yend": "2005",
        "score": "6.19",
        "popularity_rank": "10823"
    },
    {
        "url": "https://myanimelist.net/anime/2635/Doraemon__Featherplace",
        "type": "Special",
        "eps": "1",
        "members": "783",
        "ystart": "1993",
        "yend": "1993",
        "score": "6.18",
        "popularity_rank": "10423"
    },
    {
        "url": "https://myanimelist.net/anime/38106/Hotohashiru",
        "type": "Music",
        "eps": "1",
        "members": "728",
        "ystart": "2018",
        "yend": "2018",
        "score": "6.18",
        "popularity_rank": "10588"
    },
    {
        "url": "https://myanimelist.net/anime/3755/Sekai_Meisaku_Douwa__Oyayubi_Hime",
        "type": "Movie",
        "eps": "1",
        "members": "727",
        "ystart": "1978",
        "yend": "1978",
        "score": "6.18",
        "popularity_rank": "10590"
    },
    {
        "url": "https://myanimelist.net/anime/7106/Ougon_Senshi_Gold_Lightan",
        "type": "TV",
        "eps": "52",
        "members": "692",
        "ystart": "1981",
        "yend": "1982",
        "score": "6.18",
        "popularity_rank": "10707"
    },
    {
        "url": "https://myanimelist.net/anime/30916/The_Five_Killers",
        "type": "ONA",
        "eps": "1",
        "members": "684",
        "ystart": "2007",
        "yend": "2007",
        "score": "6.18",
        "popularity_rank": "10739"
    },
    {
        "url": "https://myanimelist.net/anime/1872/Saru_Getchu__On_Air",
        "type": "TV",
        "eps": "26",
        "members": "953",
        "ystart": "2006",
        "yend": "2006",
        "score": "6.17",
        "popularity_rank": "10025"
    },
    {
        "url": "https://myanimelist.net/anime/3881/Majokko_Tickle",
        "type": "TV",
        "eps": "45",
        "members": "885",
        "ystart": "1978",
        "yend": "1979",
        "score": "6.17",
        "popularity_rank": "10172"
    },
    {
        "url": "https://myanimelist.net/anime/28733/Ginga_Tetsudou_999_ONA",
        "type": "ONA",
        "eps": "6",
        "members": "750",
        "ystart": "2002",
        "yend": "2004",
        "score": "6.17",
        "popularity_rank": "10522"
    },
    {
        "url": "https://myanimelist.net/anime/10319/Chou_Dendou_Robo_Tetsujin_28-gou_FX",
        "type": "TV",
        "eps": "47",
        "members": "702",
        "ystart": "1992",
        "yend": "1993",
        "score": "6.17",
        "popularity_rank": "10671"
    },
    {
        "url": "https://myanimelist.net/anime/12337/Soukou_Kihei_Votoms_Recaps",
        "type": "OVA",
        "eps": "4",
        "members": "670",
        "ystart": "1986",
        "yend": "1988",
        "score": "6.17",
        "popularity_rank": "10783"
    },
    {
        "url": "https://myanimelist.net/anime/9972/Document_Taiyou_no_Kiba_Dagram",
        "type": "Movie",
        "eps": "1",
        "members": "613",
        "ystart": "1983",
        "yend": "1983",
        "score": "6.17",
        "popularity_rank": "10993"
    },
    {
        "url": "https://myanimelist.net/anime/2697/Hi-Speed_Jecy",
        "type": "OVA",
        "eps": "12",
        "members": "961",
        "ystart": "1989",
        "yend": "1990",
        "score": "6.16",
        "popularity_rank": "10005"
    },
    {
        "url": "https://myanimelist.net/anime/8149/Gegege_no_Kitarou_1968_Movie",
        "type": "Movie",
        "eps": "1",
        "members": "901",
        "ystart": "1968",
        "yend": "1968",
        "score": "6.16",
        "popularity_rank": "10138"
    },
    {
        "url": "https://myanimelist.net/anime/3936/Personal_Computer_Travel_Tanteidan",
        "type": "TV",
        "eps": "26",
        "members": "867",
        "ystart": "1983",
        "yend": "1983",
        "score": "6.16",
        "popularity_rank": "10213"
    },
    {
        "url": "https://myanimelist.net/anime/6428/Psychoarmor_Govarian",
        "type": "TV",
        "eps": "26",
        "members": "755",
        "ystart": "1983",
        "yend": "1983",
        "score": "6.16",
        "popularity_rank": "10505"
    },
    {
        "url": "https://myanimelist.net/anime/3361/UFO_Senshi_Dai_Apolon",
        "type": "TV",
        "eps": "26",
        "members": "678",
        "ystart": "1976",
        "yend": "1976",
        "score": "6.16",
        "popularity_rank": "10754"
    },
    {
        "url": "https://myanimelist.net/anime/1851/Haou_Daikei_Ryuu_Knight__Adeu_Legend_Final",
        "type": "OVA",
        "eps": "1",
        "members": "641",
        "ystart": "1996",
        "yend": "1996",
        "score": "6.16",
        "popularity_rank": "10880"
    },
    {
        "url": "https://myanimelist.net/anime/18063/Tiger_Mask_Fuku_Men_League_Sen",
        "type": "Movie",
        "eps": "1",
        "members": "640",
        "ystart": "1970",
        "yend": "1970",
        "score": "6.16",
        "popularity_rank": "10888"
    },
    {
        "url": "https://myanimelist.net/anime/1975/Mutekiou_Tri-Zenon",
        "type": "TV",
        "eps": "22",
        "members": "901",
        "ystart": "2000",
        "yend": "2001",
        "score": "6.15",
        "popularity_rank": "10137"
    },
    {
        "url": "https://myanimelist.net/anime/39264/Da_Yu_Hai_Tang",
        "type": "ONA",
        "eps": "1",
        "members": "764",
        "ystart": "2004",
        "yend": "2004",
        "score": "6.15",
        "popularity_rank": "10479"
    },
    {
        "url": "https://myanimelist.net/anime/3724/Taiko_no_Tatsujin",
        "type": "TV",
        "eps": "26",
        "members": "691",
        "ystart": "2005",
        "yend": "2006",
        "score": "6.15",
        "popularity_rank": "10713"
    },
    {
        "url": "https://myanimelist.net/anime/18003/Thermae_Romae_x_TOTO_Collaboration",
        "type": "Special",
        "eps": "1",
        "members": "686",
        "ystart": "2012",
        "yend": "2012",
        "score": "6.15",
        "popularity_rank": "10731"
    },
    {
        "url": "https://myanimelist.net/anime/2566/Uchuujin_Tanaka_Tarou",
        "type": "TV",
        "eps": "24",
        "members": "665",
        "ystart": "2000",
        "yend": "2001",
        "score": "6.15",
        "popularity_rank": "10801"
    },
    {
        "url": "https://myanimelist.net/anime/3637/Bouken_Yuuki_Pluster_World",
        "type": "TV",
        "eps": "52",
        "members": "656",
        "ystart": "2003",
        "yend": "2004",
        "score": "6.15",
        "popularity_rank": "10828"
    },
    {
        "url": "https://myanimelist.net/anime/8152/Gegege_no_Kitarou_1985_Movie",
        "type": "Movie",
        "eps": "1",
        "members": "655",
        "ystart": "1985",
        "yend": "1985",
        "score": "6.15",
        "popularity_rank": "10833"
    },
    {
        "url": "https://myanimelist.net/anime/4014/Choujin_Locke__Lord_Leon",
        "type": "OVA",
        "eps": "3",
        "members": "954",
        "ystart": "1989",
        "yend": "1989",
        "score": "6.14",
        "popularity_rank": "10020"
    },
    {
        "url": "https://myanimelist.net/anime/37406/Shampoo_no_Nioi_ga_Shita",
        "type": "Music",
        "eps": "1",
        "members": "953",
        "ystart": "2018",
        "yend": "2018",
        "score": "6.14",
        "popularity_rank": "10024"
    },
    {
        "url": "https://myanimelist.net/anime/8598/Yuki",
        "type": "Movie",
        "eps": "1",
        "members": "869",
        "ystart": "1981",
        "yend": "1981",
        "score": "6.14",
        "popularity_rank": "10207"
    },
    {
        "url": "https://myanimelist.net/anime/11919/Zoku_Attacker_You_Kin_Medal_e_no_Michi",
        "type": "TV",
        "eps": "52",
        "members": "758",
        "ystart": "2008",
        "yend": "2008",
        "score": "6.14",
        "popularity_rank": "10499"
    },
    {
        "url": "https://myanimelist.net/anime/5923/Utsunomiko__Heaven_Chapter",
        "type": "OVA",
        "eps": "13",
        "members": "678",
        "ystart": "1990",
        "yend": "1992",
        "score": "6.14",
        "popularity_rank": "10755"
    },
    {
        "url": "https://myanimelist.net/anime/4681/Ultra_Nyan__Hoshizora_kara_Maiorita_Fushigi_Neko",
        "type": "Movie",
        "eps": "1",
        "members": "673",
        "ystart": "1997",
        "yend": "1997",
        "score": "6.14",
        "popularity_rank": "10777"
    },
    {
        "url": "https://myanimelist.net/anime/33689/Dive_to_Blue",
        "type": "Music",
        "eps": "1",
        "members": "661",
        "ystart": "2016",
        "yend": "2016",
        "score": "6.14",
        "popularity_rank": "10812"
    },
    {
        "url": "https://myanimelist.net/anime/18061/Tiger_Mask_Movie",
        "type": "Movie",
        "eps": "1",
        "members": "645",
        "ystart": "1970",
        "yend": "1970",
        "score": "6.14",
        "popularity_rank": "10873"
    },
    {
        "url": "https://myanimelist.net/anime/8548/Dr_Slump_Movie_08__Arale-chan_Hoyoyo_Tasuketa_Same_ni_Tsurerarete",
        "type": "Movie",
        "eps": "1",
        "members": "894",
        "ystart": "1994",
        "yend": "1994",
        "score": "6.13",
        "popularity_rank": "10152"
    },
    {
        "url": "https://myanimelist.net/anime/4420/Vampiyan_Kids__Pilot",
        "type": "Special",
        "eps": "1",
        "members": "859",
        "ystart": "1999",
        "yend": "1999",
        "score": "6.13",
        "popularity_rank": "10234"
    },
    {
        "url": "https://myanimelist.net/anime/8178/Fujoshi_no_Hinkaku",
        "type": "OVA",
        "eps": "1",
        "members": "833",
        "ystart": "2010",
        "yend": "2010",
        "score": "6.13",
        "popularity_rank": "10290"
    },
    {
        "url": "https://myanimelist.net/anime/35303/Furusato_Meguri__Nippon_no_Mukashibanashi",
        "type": "TV",
        "eps": "50",
        "members": "777",
        "ystart": "2017",
        "yend": "2018",
        "score": "6.13",
        "popularity_rank": "10443"
    },
    {
        "url": "https://myanimelist.net/anime/2421/Super_Kuma-san",
        "type": "Special",
        "eps": "1",
        "members": "762",
        "ystart": "2003",
        "yend": "2003",
        "score": "6.13",
        "popularity_rank": "10486"
    },
    {
        "url": "https://myanimelist.net/anime/9344/Torajima_no_Miime",
        "type": "Special",
        "eps": "2",
        "members": "675",
        "ystart": "1999",
        "yend": "1999",
        "score": "6.13",
        "popularity_rank": "10769"
    },
    {
        "url": "https://myanimelist.net/anime/29778/Himitsu_Spark",
        "type": "Music",
        "eps": "1",
        "members": "949",
        "ystart": "2014",
        "yend": "2014",
        "score": "6.12",
        "popularity_rank": "10037"
    },
    {
        "url": "https://myanimelist.net/anime/4615/Yama_Nezumi_Rocky_Chuck",
        "type": "TV",
        "eps": "52",
        "members": "948",
        "ystart": "1973",
        "yend": "1973",
        "score": "6.12",
        "popularity_rank": "10038"
    },
    {
        "url": "https://myanimelist.net/anime/8550/Dr_Slump_Movie_10__Arale_no_Bikkuriman",
        "type": "Movie",
        "eps": "1",
        "members": "920",
        "ystart": "1999",
        "yend": "1999",
        "score": "6.12",
        "popularity_rank": "10095"
    },
    {
        "url": "https://myanimelist.net/anime/38051/Rikaisha",
        "type": "Music",
        "eps": "1",
        "members": "910",
        "ystart": "2018",
        "yend": "2018",
        "score": "6.12",
        "popularity_rank": "10117"
    },
    {
        "url": "https://myanimelist.net/anime/5783/Koisuru_Tenshi_Angelique__Chibi_Character_Adventure",
        "type": "Special",
        "eps": "1",
        "members": "696",
        "ystart": "2006",
        "yend": "2006",
        "score": "6.12",
        "popularity_rank": "10695"
    },
    {
        "url": "https://myanimelist.net/anime/39277/Youkai_Watch",
        "type": "TV",
        "eps": "36",
        "members": "891",
        "ystart": "2019",
        "yend": "2019",
        "score": "6.11",
        "popularity_rank": "10160"
    },
    {
        "url": "https://myanimelist.net/anime/3969/Kagaku_Kyuujo-tai_TechnoVoyager",
        "type": "TV",
        "eps": "18",
        "members": "717",
        "ystart": "1982",
        "yend": "1982",
        "score": "6.11",
        "popularity_rank": "10626"
    },
    {
        "url": "https://myanimelist.net/anime/10224/Uchuu_Majin_Daikengou",
        "type": "TV",
        "eps": "26",
        "members": "675",
        "ystart": "1978",
        "yend": "1979",
        "score": "6.11",
        "popularity_rank": "10771"
    },
    {
        "url": "https://myanimelist.net/anime/10194/Bada-ui_Jeonseol_Jangbogo",
        "type": "TV",
        "eps": "26",
        "members": "664",
        "ystart": "2002",
        "yend": "2002",
        "score": "6.11",
        "popularity_rank": "10805"
    },
    {
        "url": "https://myanimelist.net/anime/1850/Haou_Daikei_Ryuu_Knight__Adeu_Legend_II",
        "type": "OVA",
        "eps": "3",
        "members": "656",
        "ystart": "1995",
        "yend": "1996",
        "score": "6.11",
        "popularity_rank": "10829"
    },
    {
        "url": "https://myanimelist.net/anime/11537/Yamatarou_Kaeru",
        "type": "OVA",
        "eps": "1",
        "members": "650",
        "ystart": "1986",
        "yend": "1986",
        "score": "6.11",
        "popularity_rank": "10850"
    },
    {
        "url": "https://myanimelist.net/anime/23901/Lovely_Movie__Itoshi_no_Muco_Season_2",
        "type": "TV",
        "eps": "22",
        "members": "645",
        "ystart": "2014",
        "yend": "2014",
        "score": "6.11",
        "popularity_rank": "10872"
    },
    {
        "url": "https://myanimelist.net/anime/8443/Mahou_no_Star_Magical_Emi__Semishigure",
        "type": "OVA",
        "eps": "1",
        "members": "636",
        "ystart": "1986",
        "yend": "1986",
        "score": "6.11",
        "popularity_rank": "10901"
    },
    {
        "url": "https://myanimelist.net/anime/5628/21_Emon",
        "type": "TV",
        "eps": "39",
        "members": "636",
        "ystart": "1991",
        "yend": "1992",
        "score": "6.11",
        "popularity_rank": "10902"
    },
    {
        "url": "https://myanimelist.net/anime/39490/Soba_e",
        "type": "ONA",
        "eps": "1",
        "members": "932",
        "ystart": "2019",
        "yend": "2019",
        "score": "6.10",
        "popularity_rank": "10072"
    },
    {
        "url": "https://myanimelist.net/anime/6695/Mangchi",
        "type": "Movie",
        "eps": "1",
        "members": "857",
        "ystart": "2004",
        "yend": "2004",
        "score": "6.10",
        "popularity_rank": "10239"
    },
    {
        "url": "https://myanimelist.net/anime/35909/Guruguru_Petit_Anime_Gekijou",
        "type": "ONA",
        "eps": "24",
        "members": "751",
        "ystart": "2017",
        "yend": "2017",
        "score": "6.10",
        "popularity_rank": "10518"
    },
    {
        "url": "https://myanimelist.net/anime/17963/Tetsuwan_Atom__Kagayakeru_Hoshi_-_Anata_wa_Aoku_Utsukushii",
        "type": "Movie",
        "eps": "1",
        "members": "734",
        "ystart": "2004",
        "yend": "2004",
        "score": "6.10",
        "popularity_rank": "10563"
    },
    {
        "url": "https://myanimelist.net/anime/6095/Azuki-chan_the_Movie",
        "type": "Movie",
        "eps": "1",
        "members": "700",
        "ystart": "1995",
        "yend": "1995",
        "score": "6.10",
        "popularity_rank": "10681"
    },
    {
        "url": "https://myanimelist.net/anime/33226/Kotowaza_Gundam-san_ONA",
        "type": "ONA",
        "eps": "17",
        "members": "685",
        "ystart": "2015",
        "yend": "2015",
        "score": "6.10",
        "popularity_rank": "10737"
    },
    {
        "url": "https://myanimelist.net/anime/34366/Kimi_dake_no_Boku_de_Iru_kara",
        "type": "Music",
        "eps": "1",
        "members": "860",
        "ystart": "2016",
        "yend": "2016",
        "score": "6.09",
        "popularity_rank": "10229"
    },
    {
        "url": "https://myanimelist.net/anime/6075/Ai_no_Wakakusa_Yama_Monogatari",
        "type": "TV",
        "eps": "12",
        "members": "853",
        "ystart": "1999",
        "yend": "1999",
        "score": "6.09",
        "popularity_rank": "10251"
    },
    {
        "url": "https://myanimelist.net/anime/11561/Sougen_no_Ko_Tenguri",
        "type": "Movie",
        "eps": "1",
        "members": "835",
        "ystart": "1977",
        "yend": "1977",
        "score": "6.09",
        "popularity_rank": "10286"
    },
    {
        "url": "https://myanimelist.net/anime/9043/Majuu_Sensen",
        "type": "OVA",
        "eps": "3",
        "members": "824",
        "ystart": "1990",
        "yend": "1990",
        "score": "6.09",
        "popularity_rank": "10306"
    },
    {
        "url": "https://myanimelist.net/anime/13789/Little_Nemo_Pilot",
        "type": "Special",
        "eps": "1",
        "members": "777",
        "ystart": "1984",
        "yend": "1984",
        "score": "6.09",
        "popularity_rank": "10441"
    },
    {
        "url": "https://myanimelist.net/anime/39849/Kyouryuu_Shoujo_Gauko",
        "type": "ONA",
        "eps": "20",
        "members": "749",
        "ystart": "2019",
        "yend": "2019",
        "score": "6.09",
        "popularity_rank": "10527"
    },
    {
        "url": "https://myanimelist.net/anime/6688/Batain_Lai_Minami_no_Shima_no_Mizu_Monogatari",
        "type": "Movie",
        "eps": "1",
        "members": "676",
        "ystart": "2009",
        "yend": "2009",
        "score": "6.09",
        "popularity_rank": "10764"
    },
    {
        "url": "https://myanimelist.net/anime/40517/Ano_Hi_no_Kokoro_wo_Toraete",
        "type": "ONA",
        "eps": "1",
        "members": "675",
        "ystart": "2019",
        "yend": "2019",
        "score": "6.09",
        "popularity_rank": "10768"
    },
    {
        "url": "https://myanimelist.net/anime/5829/Blocker_Gundan_IV_Machine_Blaster",
        "type": "TV",
        "eps": "38",
        "members": "649",
        "ystart": "1976",
        "yend": "1977",
        "score": "6.09",
        "popularity_rank": "10858"
    },
    {
        "url": "https://myanimelist.net/anime/8157/Gegege_no_Kitarou__Youkai_Tokkyuu_Maboroshi_no_Kisha",
        "type": "Movie",
        "eps": "1",
        "members": "641",
        "ystart": "1997",
        "yend": "1997",
        "score": "6.09",
        "popularity_rank": "10883"
    },
    {
        "url": "https://myanimelist.net/anime/13965/Thermae_Romae_x_LOFT_Collaboration",
        "type": "Special",
        "eps": "1",
        "members": "630",
        "ystart": "2012",
        "yend": "2012",
        "score": "6.09",
        "popularity_rank": "10922"
    },
    {
        "url": "https://myanimelist.net/anime/5131/Groizer_X",
        "type": "TV",
        "eps": "36",
        "members": "617",
        "ystart": "1976",
        "yend": "1977",
        "score": "6.09",
        "popularity_rank": "10972"
    },
    {
        "url": "https://myanimelist.net/anime/14367/Tenshi_na_Konamaiki_Specials",
        "type": "Special",
        "eps": "13",
        "members": "865",
        "ystart": "2002",
        "yend": "2003",
        "score": "6.08",
        "popularity_rank": "10218"
    },
    {
        "url": "https://myanimelist.net/anime/41375/Meltys_Quest",
        "type": "ONA",
        "eps": "?",
        "members": "838",
        "ystart": "Feb",
        "yend": "2020",
        "score": "6.08",
        "popularity_rank": "10281"
    },
    {
        "url": "https://myanimelist.net/anime/2314/Tobe_Kujira_no_Peek",
        "type": "Movie",
        "eps": "1",
        "members": "693",
        "ystart": "1991",
        "yend": "1991",
        "score": "6.08",
        "popularity_rank": "10704"
    },
    {
        "url": "https://myanimelist.net/anime/4616/Yumemiru_Topo_Gigio",
        "type": "TV",
        "eps": "13",
        "members": "679",
        "ystart": "1988",
        "yend": "1988",
        "score": "6.08",
        "popularity_rank": "10748"
    },
    {
        "url": "https://myanimelist.net/anime/31551/Yurumates_3D_Plus__Natsuyasumi_Maison_du_Wish_Report",
        "type": "OVA",
        "eps": "1",
        "members": "625",
        "ystart": "2012",
        "yend": "2012",
        "score": "6.08",
        "popularity_rank": "10943"
    },
    {
        "url": "https://myanimelist.net/anime/307/Kerokko_Demetan",
        "type": "TV",
        "eps": "39",
        "members": "876",
        "ystart": "1973",
        "yend": "1973",
        "score": "6.07",
        "popularity_rank": "10189"
    },
    {
        "url": "https://myanimelist.net/anime/33225/Mobile_Suit_Gundam-san_ONA",
        "type": "ONA",
        "eps": "15",
        "members": "873",
        "ystart": "2014",
        "yend": "2014",
        "score": "6.07",
        "popularity_rank": "10197"
    },
    {
        "url": "https://myanimelist.net/anime/23583/Akage_no_Anne_Specials",
        "type": "Special",
        "eps": "2",
        "members": "766",
        "ystart": "2001",
        "yend": "2001",
        "score": "6.07",
        "popularity_rank": "10472"
    },
    {
        "url": "https://myanimelist.net/anime/8375/Chogattai_Majutsu_Robot_Ginguiser",
        "type": "TV",
        "eps": "26",
        "members": "731",
        "ystart": "1977",
        "yend": "1977",
        "score": "6.07",
        "popularity_rank": "10574"
    },
    {
        "url": "https://myanimelist.net/anime/3762/The_Borgman__Last_Battle",
        "type": "OVA",
        "eps": "1",
        "members": "723",
        "ystart": "1989",
        "yend": "1989",
        "score": "6.07",
        "popularity_rank": "10607"
    },
    {
        "url": "https://myanimelist.net/anime/2824/Barbapapa_Sekai_wo_Mawaru",
        "type": "TV",
        "eps": "50",
        "members": "815",
        "ystart": "1999",
        "yend": "1999",
        "score": "6.06",
        "popularity_rank": "10331"
    },
    {
        "url": "https://myanimelist.net/anime/8431/Mahou_no_Star_Magical_Emi__Kumo_Hikaru",
        "type": "OVA",
        "eps": "1",
        "members": "678",
        "ystart": "2002",
        "yend": "2002",
        "score": "6.06",
        "popularity_rank": "10759"
    },
    {
        "url": "https://myanimelist.net/anime/3825/Dokaben",
        "type": "TV",
        "eps": "163",
        "members": "667",
        "ystart": "1976",
        "yend": "1979",
        "score": "6.06",
        "popularity_rank": "10797"
    },
    {
        "url": "https://myanimelist.net/anime/5848/Cinnamon_the_Movie",
        "type": "Movie",
        "eps": "1",
        "members": "887",
        "ystart": "2007",
        "yend": "2007",
        "score": "6.05",
        "popularity_rank": "10169"
    },
    {
        "url": "https://myanimelist.net/anime/3214/Kosuke-sama_Rikimaru-sama__Konpeitou_no_Ryuu",
        "type": "OVA",
        "eps": "1",
        "members": "824",
        "ystart": "1988",
        "yend": "1988",
        "score": "6.05",
        "popularity_rank": "10307"
    },
    {
        "url": "https://myanimelist.net/anime/23409/Duel_Masters_VS",
        "type": "TV",
        "eps": "49",
        "members": "820",
        "ystart": "2014",
        "yend": "2015",
        "score": "6.05",
        "popularity_rank": "10317"
    },
    {
        "url": "https://myanimelist.net/anime/989/Shinshaku_Sengoku_Eiyuu_Densetsu__Sanada_Juu_Yuushi",
        "type": "Special",
        "eps": "1",
        "members": "769",
        "ystart": "2005",
        "yend": "2005",
        "score": "6.05",
        "popularity_rank": "10467"
    },
    {
        "url": "https://myanimelist.net/anime/39581/TV_Yarou_Nanaana__Wakuwaku_Doukutsu_Land",
        "type": "TV",
        "eps": "24",
        "members": "757",
        "ystart": "2019",
        "yend": "2019",
        "score": "6.05",
        "popularity_rank": "10501"
    },
    {
        "url": "https://myanimelist.net/anime/3880/Makyou_Densetsu_Acrobunch",
        "type": "TV",
        "eps": "24",
        "members": "750",
        "ystart": "1982",
        "yend": "1982",
        "score": "6.05",
        "popularity_rank": "10521"
    },
    {
        "url": "https://myanimelist.net/anime/9282/Duel_Masters_Movie_3__Honoo_no_Kizuna_XX",
        "type": "Movie",
        "eps": "1",
        "members": "710",
        "ystart": "2010",
        "yend": "2010",
        "score": "6.05",
        "popularity_rank": "10644"
    },
    {
        "url": "https://myanimelist.net/anime/30145/Harukanaru_Toki_no_Naka_de__Hachiyou_Shou_Recap",
        "type": "Special",
        "eps": "1",
        "members": "657",
        "ystart": "2006",
        "yend": "2006",
        "score": "6.05",
        "popularity_rank": "10826"
    },
    {
        "url": "https://myanimelist.net/anime/6889/Time_Bokan_Series__Zenderman",
        "type": "TV",
        "eps": "52",
        "members": "632",
        "ystart": "1979",
        "yend": "1980",
        "score": "6.05",
        "popularity_rank": "10917"
    },
    {
        "url": "https://myanimelist.net/anime/41211/Fukai_ni_Nemuru_Oujo_no_Abaddon_The_Animation",
        "type": "ONA",
        "eps": "?",
        "members": "630",
        "ystart": "Jan",
        "yend": "2020",
        "score": "6.05",
        "popularity_rank": "10924"
    },
    {
        "url": "https://myanimelist.net/anime/6311/Sarutobi_Ecchan",
        "type": "TV",
        "eps": "26",
        "members": "621",
        "ystart": "1971",
        "yend": "1972",
        "score": "6.05",
        "popularity_rank": "10954"
    },
    {
        "url": "https://myanimelist.net/anime/6994/Koneko_no_Studio",
        "type": "Movie",
        "eps": "1",
        "members": "935",
        "ystart": "1959",
        "yend": "1959",
        "score": "6.04",
        "popularity_rank": "10065"
    },
    {
        "url": "https://myanimelist.net/anime/30386/Pikaia",
        "type": "TV",
        "eps": "13",
        "members": "916",
        "ystart": "2015",
        "yend": "2015",
        "score": "6.04",
        "popularity_rank": "10108"
    },
    {
        "url": "https://myanimelist.net/anime/28093/Hana_wa_Saku__Touhoku_ni_Saku",
        "type": "Special",
        "eps": "1",
        "members": "896",
        "ystart": "2014",
        "yend": "2014",
        "score": "6.04",
        "popularity_rank": "10149"
    },
    {
        "url": "https://myanimelist.net/anime/14247/Lunn_wa_Kaze_no_Naka",
        "type": "OVA",
        "eps": "1",
        "members": "859",
        "ystart": "1985",
        "yend": "1985",
        "score": "6.04",
        "popularity_rank": "10235"
    },
    {
        "url": "https://myanimelist.net/anime/4298/Futari_no_Joe",
        "type": "OVA",
        "eps": "6",
        "members": "840",
        "ystart": "2003",
        "yend": "2003",
        "score": "6.04",
        "popularity_rank": "10278"
    },
    {
        "url": "https://myanimelist.net/anime/39290/Children",
        "type": "ONA",
        "eps": "1",
        "members": "813",
        "ystart": "2011",
        "yend": "2011",
        "score": "6.04",
        "popularity_rank": "10334"
    },
    {
        "url": "https://myanimelist.net/anime/8896/Natsufuku_no_Shoujo-tachi",
        "type": "Special",
        "eps": "1",
        "members": "721",
        "ystart": "1988",
        "yend": "1988",
        "score": "6.04",
        "popularity_rank": "10614"
    },
    {
        "url": "https://myanimelist.net/anime/35859/Black_Jack__Futari_no_Kuroi_Isha_-_Manner_Movie",
        "type": "Movie",
        "eps": "1",
        "members": "626",
        "ystart": "2005",
        "yend": "2005",
        "score": "6.04",
        "popularity_rank": "10935"
    },
    {
        "url": "https://myanimelist.net/anime/6062/Duel_Masters_Movie_2__Lunatic_God_Saga",
        "type": "Movie",
        "eps": "1",
        "members": "846",
        "ystart": "2009",
        "yend": "2009",
        "score": "6.03",
        "popularity_rank": "10261"
    },
    {
        "url": "https://myanimelist.net/anime/4509/Captain_Future__Kareinaru_Taiyokei_Race",
        "type": "Special",
        "eps": "1",
        "members": "699",
        "ystart": "1978",
        "yend": "1978",
        "score": "6.03",
        "popularity_rank": "10684"
    },
    {
        "url": "https://myanimelist.net/anime/39316/Busou_Renkin__Mahiro_no_Busou_Renkin_Kouza",
        "type": "Special",
        "eps": "11",
        "members": "892",
        "ystart": "2007",
        "yend": "2007",
        "score": "6.02",
        "popularity_rank": "10155"
    },
    {
        "url": "https://myanimelist.net/anime/2714/Sotsugyou__Graduation",
        "type": "OVA",
        "eps": "2",
        "members": "942",
        "ystart": "1995",
        "yend": "1995",
        "score": "6.01",
        "popularity_rank": "10050"
    },
    {
        "url": "https://myanimelist.net/anime/4534/Choujin_Locke__Shinsekai_Sentai",
        "type": "OVA",
        "eps": "2",
        "members": "929",
        "ystart": "1991",
        "yend": "1991",
        "score": "6.01",
        "popularity_rank": "10083"
    },
    {
        "url": "https://myanimelist.net/anime/11505/Kiss_Dum__Omokage",
        "type": "Special",
        "eps": "1",
        "members": "883",
        "ystart": "2011",
        "yend": "2011",
        "score": "6.01",
        "popularity_rank": "10180"
    },
    {
        "url": "https://myanimelist.net/anime/8409/Marie___Gali_ver_20",
        "type": "TV",
        "eps": "30",
        "members": "783",
        "ystart": "2010",
        "yend": "2011",
        "score": "6.01",
        "popularity_rank": "10424"
    },
    {
        "url": "https://myanimelist.net/anime/21997/Duel_Masters_Victory_V",
        "type": "TV",
        "eps": "51",
        "members": "775",
        "ystart": "2012",
        "yend": "2013",
        "score": "6.01",
        "popularity_rank": "10450"
    },
    {
        "url": "https://myanimelist.net/anime/10718/Soliton_no_Akuma",
        "type": "Movie",
        "eps": "1",
        "members": "703",
        "ystart": "1997",
        "yend": "1997",
        "score": "6.01",
        "popularity_rank": "10669"
    },
    {
        "url": "https://myanimelist.net/anime/9423/Koko_ni_Iru",
        "type": "ONA",
        "eps": "1",
        "members": "634",
        "ystart": "2010",
        "yend": "2010",
        "score": "6.01",
        "popularity_rank": "10908"
    },
    {
        "url": "https://myanimelist.net/anime/38347/KisKis_Wo_de_Nanyou_Shi_Bohe_Tang",
        "type": "Special",
        "eps": "4",
        "members": "627",
        "ystart": "2018",
        "yend": "2018",
        "score": "6.01",
        "popularity_rank": "10934"
    }
]