[
    {
        "url": "https://myanimelist.net/anime/41174/Watashi_no_Tenshi",
        "type": "Music",
        "eps": "1",
        "members": "178",
        "ystart": "2019",
        "yend": "2019",
        "score": "6.58",
        "popularity_rank": "14421"
    },
    {
        "url": "https://myanimelist.net/anime/38658/Futon_no_Naka_kara_Detakunai",
        "type": "Music",
        "eps": "1",
        "members": "177",
        "ystart": "2018",
        "yend": "2018",
        "score": "6.51",
        "popularity_rank": "14425"
    },
    {
        "url": "https://myanimelist.net/anime/36175/Diary",
        "type": "Music",
        "eps": "1",
        "members": "198",
        "ystart": "2015",
        "yend": "2015",
        "score": "6.23",
        "popularity_rank": "14066"
    },
    {
        "url": "https://myanimelist.net/anime/39568/Tarareba",
        "type": "Music",
        "eps": "1",
        "members": "197",
        "ystart": "2017",
        "yend": "2017",
        "score": "6.21",
        "popularity_rank": "14091"
    },
    {
        "url": "https://myanimelist.net/anime/40286/Relationship_Scramble_feat_Hatsune_Miku",
        "type": "Music",
        "eps": "1",
        "members": "182",
        "ystart": "2019",
        "yend": "2019",
        "score": "6.17",
        "popularity_rank": "14328"
    },
    {
        "url": "https://myanimelist.net/anime/36778/Kando\u2260Reduction",
        "type": "Music",
        "eps": "1",
        "members": "192",
        "ystart": "2012",
        "yend": "2012",
        "score": "6.10",
        "popularity_rank": "14170"
    },
    {
        "url": "https://myanimelist.net/anime/36258/Ohedo_Julia-Night",
        "type": "Music",
        "eps": "1",
        "members": "181",
        "ystart": "2017",
        "yend": "2017",
        "score": "6.06",
        "popularity_rank": "14354"
    }
]