[
    {
        "url": "https://myanimelist.net/anime/41164/Ruru-chan_no_Jisatsu_Haishin",
        "type": "Music",
        "eps": "1",
        "members": "369",
        "ystart": "2020",
        "yend": "2020",
        "score": "6.95",
        "popularity_rank": "12174"
    },
    {
        "url": "https://myanimelist.net/anime/41167/Crescent_Rise",
        "type": "Music",
        "eps": "1",
        "members": "328",
        "ystart": "2020",
        "yend": "2020",
        "score": "6.84",
        "popularity_rank": "12462"
    },
    {
        "url": "https://myanimelist.net/anime/40967/BangBangBang",
        "type": "Music",
        "eps": "1",
        "members": "386",
        "ystart": "2019",
        "yend": "2019",
        "score": "6.77",
        "popularity_rank": "12057"
    },
    {
        "url": "https://myanimelist.net/anime/33759/Feng_Wei_Ying_Xiong",
        "type": "ONA",
        "eps": "13",
        "members": "354",
        "ystart": "2015",
        "yend": "2016",
        "score": "6.56",
        "popularity_rank": "12266"
    },
    {
        "url": "https://myanimelist.net/anime/41217/Pianoman",
        "type": "ONA",
        "eps": "1",
        "members": "332",
        "ystart": "2020",
        "yend": "2020",
        "score": "6.52",
        "popularity_rank": "12428"
    },
    {
        "url": "https://myanimelist.net/anime/40172/Lucky\u2606Orb_feat_Hatsune_Miku",
        "type": "Music",
        "eps": "1",
        "members": "333",
        "ystart": "2019",
        "yend": "2019",
        "score": "6.50",
        "popularity_rank": "12427"
    },
    {
        "url": "https://myanimelist.net/anime/38852/Kawaiku_Naritai",
        "type": "Music",
        "eps": "1",
        "members": "296",
        "ystart": "2017",
        "yend": "2017",
        "score": "6.48",
        "popularity_rank": "12729"
    },
    {
        "url": "https://myanimelist.net/anime/40293/Romeo_to_Cinderalla_wo_Utattemita",
        "type": "Music",
        "eps": "1",
        "members": "387",
        "ystart": "2019",
        "yend": "2019",
        "score": "6.47",
        "popularity_rank": "12049"
    },
    {
        "url": "https://myanimelist.net/anime/9950/Hulu_Xiongdi",
        "type": "TV",
        "eps": "13",
        "members": "357",
        "ystart": "1986",
        "yend": "1987",
        "score": "6.47",
        "popularity_rank": "12246"
    },
    {
        "url": "https://myanimelist.net/anime/38412/Qing_Chi_Hong_Xiaodou_Ba",
        "type": "ONA",
        "eps": "12",
        "members": "365",
        "ystart": "2018",
        "yend": "2018",
        "score": "6.45",
        "popularity_rank": "12191"
    },
    {
        "url": "https://myanimelist.net/anime/40294/Karakuri_Pierrot_wo_Utattemita",
        "type": "Music",
        "eps": "1",
        "members": "339",
        "ystart": "2019",
        "yend": "2019",
        "score": "6.45",
        "popularity_rank": "12370"
    },
    {
        "url": "https://myanimelist.net/anime/8332/Kudan",
        "type": "Movie",
        "eps": "1",
        "members": "277",
        "ystart": "2008",
        "yend": "2008",
        "score": "6.45",
        "popularity_rank": "12940"
    },
    {
        "url": "https://myanimelist.net/anime/36368/Katasumi_no_Uroko",
        "type": "Movie",
        "eps": "1",
        "members": "385",
        "ystart": "2016",
        "yend": "2016",
        "score": "6.44",
        "popularity_rank": "12064"
    },
    {
        "url": "https://myanimelist.net/anime/39163/Nonsense_Bungaku",
        "type": "Music",
        "eps": "1",
        "members": "380",
        "ystart": "2017",
        "yend": "2017",
        "score": "6.43",
        "popularity_rank": "12111"
    },
    {
        "url": "https://myanimelist.net/anime/40292/Alien_Alien_wo_Utattemita",
        "type": "Music",
        "eps": "1",
        "members": "395",
        "ystart": "2019",
        "yend": "2019",
        "score": "6.42",
        "popularity_rank": "12005"
    },
    {
        "url": "https://myanimelist.net/anime/34117/Otousan_wa_Ai_no_Hito",
        "type": "ONA",
        "eps": "1",
        "members": "372",
        "ystart": "2016",
        "yend": "2016",
        "score": "6.38",
        "popularity_rank": "12155"
    },
    {
        "url": "https://myanimelist.net/anime/2647/Dorami-chan__Mini-Dora_SOS",
        "type": "Movie",
        "eps": "1",
        "members": "369",
        "ystart": "1989",
        "yend": "1989",
        "score": "6.38",
        "popularity_rank": "12170"
    },
    {
        "url": "https://myanimelist.net/anime/32422/Joukyuusei",
        "type": "Music",
        "eps": "1",
        "members": "355",
        "ystart": "1985",
        "yend": "1985",
        "score": "6.33",
        "popularity_rank": "12255"
    },
    {
        "url": "https://myanimelist.net/anime/38078/Zoo__Hidamari_no_Shi",
        "type": "Movie",
        "eps": "1",
        "members": "290",
        "ystart": "2005",
        "yend": "2005",
        "score": "6.33",
        "popularity_rank": "12791"
    },
    {
        "url": "https://myanimelist.net/anime/7124/Madou_King_Granzort__Bouken-hen",
        "type": "OVA",
        "eps": "3",
        "members": "338",
        "ystart": "1992",
        "yend": "1992",
        "score": "6.32",
        "popularity_rank": "12380"
    },
    {
        "url": "https://myanimelist.net/anime/37531/Suicide_Ballad",
        "type": "Music",
        "eps": "1",
        "members": "290",
        "ystart": "2013",
        "yend": "2013",
        "score": "6.32",
        "popularity_rank": "12789"
    },
    {
        "url": "https://myanimelist.net/anime/37551/Onikiri_Musume_Saisen",
        "type": "ONA",
        "eps": "1",
        "members": "374",
        "ystart": "2014",
        "yend": "2014",
        "score": "6.29",
        "popularity_rank": "12142"
    },
    {
        "url": "https://myanimelist.net/anime/6579/Chikyuu_Bouei_Kazoku_Special",
        "type": "Special",
        "eps": "1",
        "members": "384",
        "ystart": "2002",
        "yend": "2002",
        "score": "6.28",
        "popularity_rank": "12076"
    },
    {
        "url": "https://myanimelist.net/anime/4112/Oyako_Nezumi_no_Fushigi_na_Tabi",
        "type": "Movie",
        "eps": "1",
        "members": "393",
        "ystart": "1978",
        "yend": "1978",
        "score": "6.26",
        "popularity_rank": "12017"
    },
    {
        "url": "https://myanimelist.net/anime/11873/Oraa_Guzura_Dado_1987",
        "type": "TV",
        "eps": "44",
        "members": "382",
        "ystart": "1987",
        "yend": "1988",
        "score": "6.25",
        "popularity_rank": "12092"
    },
    {
        "url": "https://myanimelist.net/anime/37112/Doraemon_Anniversary_25",
        "type": "Movie",
        "eps": "1",
        "members": "359",
        "ystart": "2004",
        "yend": "2004",
        "score": "6.23",
        "popularity_rank": "12231"
    },
    {
        "url": "https://myanimelist.net/anime/23393/Shin_Don_Chuck_Monogatari",
        "type": "TV",
        "eps": "73",
        "members": "317",
        "ystart": "1976",
        "yend": "1978",
        "score": "6.22",
        "popularity_rank": "12554"
    },
    {
        "url": "https://myanimelist.net/anime/17955/Hello_Kitty_no_Nemureru_Mori_no_Bijo",
        "type": "OVA",
        "eps": "1",
        "members": "357",
        "ystart": "2001",
        "yend": "2001",
        "score": "6.21",
        "popularity_rank": "12239"
    },
    {
        "url": "https://myanimelist.net/anime/30066/L_R__Licensed_by_Royal_Special",
        "type": "Special",
        "eps": "1",
        "members": "387",
        "ystart": "2003",
        "yend": "2003",
        "score": "6.20",
        "popularity_rank": "12051"
    },
    {
        "url": "https://myanimelist.net/anime/12497/Garakuta-doori_no_Stain__Epilogue",
        "type": "OVA",
        "eps": "1",
        "members": "313",
        "ystart": "2003",
        "yend": "2003",
        "score": "6.20",
        "popularity_rank": "12590"
    },
    {
        "url": "https://myanimelist.net/anime/33369/Metronome",
        "type": "Music",
        "eps": "1",
        "members": "382",
        "ystart": "2015",
        "yend": "2015",
        "score": "6.19",
        "popularity_rank": "12091"
    },
    {
        "url": "https://myanimelist.net/anime/6965/Kaiketsu_Zorori__Mahoutsukai_no_Deshi_Dai_Kaizoku_no_Takara_Sagashi",
        "type": "Movie",
        "eps": "1",
        "members": "359",
        "ystart": "1993",
        "yend": "1993",
        "score": "6.19",
        "popularity_rank": "12226"
    },
    {
        "url": "https://myanimelist.net/anime/38392/Tsunagu_Soramoyou",
        "type": "Music",
        "eps": "1",
        "members": "312",
        "ystart": "2018",
        "yend": "2018",
        "score": "6.19",
        "popularity_rank": "12599"
    },
    {
        "url": "https://myanimelist.net/anime/37608/Renai_Saiban",
        "type": "Music",
        "eps": "1",
        "members": "304",
        "ystart": "2014",
        "yend": "2014",
        "score": "6.19",
        "popularity_rank": "12666"
    },
    {
        "url": "https://myanimelist.net/anime/38986/Kimi_ga_Inakucha",
        "type": "Music",
        "eps": "1",
        "members": "321",
        "ystart": "2018",
        "yend": "2018",
        "score": "6.18",
        "popularity_rank": "12514"
    },
    {
        "url": "https://myanimelist.net/anime/31674/Larva_3rd_Season",
        "type": "TV",
        "eps": "26",
        "members": "292",
        "ystart": "2014",
        "yend": "2014",
        "score": "6.17",
        "popularity_rank": "12766"
    },
    {
        "url": "https://myanimelist.net/anime/39314/Deep_Blue_Song",
        "type": "Music",
        "eps": "1",
        "members": "323",
        "ystart": "2017",
        "yend": "2017",
        "score": "6.16",
        "popularity_rank": "12496"
    },
    {
        "url": "https://myanimelist.net/anime/19731/Osamu_to_Musashi",
        "type": "Movie",
        "eps": "1",
        "members": "297",
        "ystart": "1994",
        "yend": "1994",
        "score": "6.16",
        "popularity_rank": "12717"
    },
    {
        "url": "https://myanimelist.net/anime/27405/Zou_no_Senaka__Tabidatsu_Hi",
        "type": "OVA",
        "eps": "1",
        "members": "341",
        "ystart": "2007",
        "yend": "2007",
        "score": "6.15",
        "popularity_rank": "12353"
    },
    {
        "url": "https://myanimelist.net/anime/29235/Ninja_Hattori-kun_Plus_Perman__Chounouryoku_Wars",
        "type": "Movie",
        "eps": "1",
        "members": "364",
        "ystart": "1984",
        "yend": "1984",
        "score": "6.14",
        "popularity_rank": "12198"
    },
    {
        "url": "https://myanimelist.net/anime/21163/Oni_no_Ko_to_Yuki_Usagi",
        "type": "Movie",
        "eps": "1",
        "members": "311",
        "ystart": "1995",
        "yend": "1995",
        "score": "6.14",
        "popularity_rank": "12606"
    },
    {
        "url": "https://myanimelist.net/anime/34840/Kitsune_Tsuki",
        "type": "Movie",
        "eps": "1",
        "members": "380",
        "ystart": "2015",
        "yend": "2015",
        "score": "6.13",
        "popularity_rank": "12106"
    },
    {
        "url": "https://myanimelist.net/anime/20185/Pa-Pa-Pa_the_\u2605_Movie__Perman",
        "type": "Movie",
        "eps": "1",
        "members": "367",
        "ystart": "2003",
        "yend": "2003",
        "score": "6.13",
        "popularity_rank": "12184"
    },
    {
        "url": "https://myanimelist.net/anime/21493/Ninja_Hattori-kun__Nin_Nin_Ninpo_Enikki_no_Maki",
        "type": "Movie",
        "eps": "1",
        "members": "367",
        "ystart": "1982",
        "yend": "1982",
        "score": "6.12",
        "popularity_rank": "12186"
    },
    {
        "url": "https://myanimelist.net/anime/31150/Xi_Yang_Yang_Yu_Hui_Tai_Lang",
        "type": "TV",
        "eps": "?",
        "members": "345",
        "ystart": "2005",
        "yend": "2005",
        "score": "6.10",
        "popularity_rank": "12329"
    },
    {
        "url": "https://myanimelist.net/anime/4682/Ultra_Nyan_2__The_Great_Happy_Operation",
        "type": "Movie",
        "eps": "1",
        "members": "378",
        "ystart": "1998",
        "yend": "1998",
        "score": "6.09",
        "popularity_rank": "12117"
    },
    {
        "url": "https://myanimelist.net/anime/41340/Uchida_Shungicu_no_Noroi_no_One-Piece",
        "type": "Special",
        "eps": "1",
        "members": "359",
        "ystart": "1992",
        "yend": "1992",
        "score": "6.09",
        "popularity_rank": "12228"
    },
    {
        "url": "https://myanimelist.net/anime/34849/Konohana_no_Sakuya_Mori",
        "type": "Movie",
        "eps": "1",
        "members": "335",
        "ystart": "2014",
        "yend": "2014",
        "score": "6.08",
        "popularity_rank": "12399"
    },
    {
        "url": "https://myanimelist.net/anime/37541/Kimi_no_Iru_Basho",
        "type": "Music",
        "eps": "1",
        "members": "275",
        "ystart": "2017",
        "yend": "2017",
        "score": "6.08",
        "popularity_rank": "12967"
    },
    {
        "url": "https://myanimelist.net/anime/12037/Whats_Michael_2",
        "type": "OVA",
        "eps": "1",
        "members": "350",
        "ystart": "1988",
        "yend": "1988",
        "score": "6.06",
        "popularity_rank": "12295"
    },
    {
        "url": "https://myanimelist.net/anime/29135/Chiisana_Teien",
        "type": "Movie",
        "eps": "1",
        "members": "343",
        "ystart": "2014",
        "yend": "2014",
        "score": "6.06",
        "popularity_rank": "12348"
    },
    {
        "url": "https://myanimelist.net/anime/38385/Dry_Dry_Try",
        "type": "Music",
        "eps": "1",
        "members": "304",
        "ystart": "2017",
        "yend": "2017",
        "score": "6.06",
        "popularity_rank": "12667"
    },
    {
        "url": "https://myanimelist.net/anime/7461/Komaneko_no_Christmas__Maigo_ni_Natta_Present",
        "type": "Movie",
        "eps": "1",
        "members": "368",
        "ystart": "2009",
        "yend": "2009",
        "score": "6.05",
        "popularity_rank": "12175"
    },
    {
        "url": "https://myanimelist.net/anime/39872/Chiruri",
        "type": "ONA",
        "eps": "1",
        "members": "278",
        "ystart": "2011",
        "yend": "2011",
        "score": "6.05",
        "popularity_rank": "12935"
    },
    {
        "url": "https://myanimelist.net/anime/32745/Fake_Style",
        "type": "Music",
        "eps": "1",
        "members": "314",
        "ystart": "2013",
        "yend": "2013",
        "score": "6.04",
        "popularity_rank": "12581"
    },
    {
        "url": "https://myanimelist.net/anime/17951/Hello_Kitty_no_Shirayuki-hime",
        "type": "OVA",
        "eps": "1",
        "members": "386",
        "ystart": "1993",
        "yend": "1993",
        "score": "6.03",
        "popularity_rank": "12058"
    },
    {
        "url": "https://myanimelist.net/anime/35554/Girl_Electric",
        "type": "Music",
        "eps": "1",
        "members": "354",
        "ystart": "2016",
        "yend": "2016",
        "score": "6.02",
        "popularity_rank": "12267"
    },
    {
        "url": "https://myanimelist.net/anime/36030/Yoiko_no_Rekishi_Anime__Ookina_Kabu_Kabu",
        "type": "Movie",
        "eps": "1",
        "members": "352",
        "ystart": "2016",
        "yend": "2016",
        "score": "6.02",
        "popularity_rank": "12282"
    },
    {
        "url": "https://myanimelist.net/anime/32748/La_Primavera",
        "type": "Music",
        "eps": "1",
        "members": "332",
        "ystart": "2015",
        "yend": "2015",
        "score": "6.02",
        "popularity_rank": "12438"
    }
]